#Name   JD    P   sP    PA[deg]  sPA[deg]   q        sq       u        su   x0    y0    x1   y1   x2    y2    x3    y3
Mark_0          2460507.29208   0.01414   0.00251   66.57    5.20 -0.00967  0.00254  0.01032  0.00248  1033.75  1081.08  1034.08   981.66  1081.82  1026.24   982.47  1025.96
Mark_0          2460507.29241   0.01482   0.00258   66.43    5.10 -0.01008  0.00262  0.01087  0.00255  1034.33  1081.19  1034.56   981.79  1082.43  1026.59   983.06  1026.15
Mark_0          2460507.29273   0.01481   0.00258   70.10    5.10 -0.01138  0.00261  0.00948  0.00254  1034.17  1080.83  1034.47   981.39  1082.28  1026.02   982.96  1025.71
Mark_0          2460507.29306   0.01808   0.00239   64.01    3.83 -0.01114  0.00243  0.01424  0.00236  1033.53  1081.06  1033.92   981.61  1081.73  1026.18   982.43  1025.92
Mark_0          2460507.29338   0.01381   0.00235   57.94    4.97 -0.00603  0.00241  0.01243  0.00234  1033.93  1080.35  1034.34   980.83  1082.09  1025.42   982.67  1025.25
Mark_0          2460507.29370   0.01750   0.00236   63.01    3.91 -0.01029  0.00240  0.01415  0.00234  1034.66  1080.22  1034.94   980.75  1082.85  1025.25   983.47  1024.98
Mark_0          2460507.29403   0.01065   0.00233   53.18    6.48 -0.00300  0.00240  0.01022  0.00232  1035.22  1081.13  1035.60   981.60  1083.51  1026.01   984.21  1025.76
Mark_0          2460507.29435   0.01411   0.00238   64.12    4.94 -0.00873  0.00242  0.01108  0.00236  1035.07  1081.38  1035.31   981.92  1083.08  1026.43   983.70  1026.15
Mark_0          2460507.29471   0.01787   0.00241   68.31    3.91 -0.01299  0.00244  0.01227  0.00237  1033.13  1080.68  1033.46   981.22  1081.48  1025.98   982.18  1025.68
Mark_0          2460507.29503   0.01213   0.00240   66.98    5.82 -0.00842  0.00245  0.00873  0.00235  1032.66  1080.81  1032.99   981.34  1080.93  1025.84   981.63  1025.59
Mark_1          2460508.28108   0.00771   0.00172   67.09    6.62 -0.00537  0.00173  0.00553  0.00171  1029.33  1084.38  1029.67   984.93  1078.19  1029.23   978.93  1028.96
Mark_1          2460508.28139   0.00843   0.00173   68.17    6.07 -0.00610  0.00175  0.00582  0.00172  1029.24  1084.14  1029.45   984.71  1078.22  1029.17   978.90  1028.93
Mark_1          2460508.28170   0.00692   0.00170   60.26    7.36 -0.00351  0.00173  0.00596  0.00170  1029.73  1084.34  1029.99   984.91  1078.36  1029.10   979.07  1028.86
Mark_1          2460508.28201   0.00866   0.00174   69.67    5.92 -0.00657  0.00176  0.00564  0.00172  1029.84  1084.04  1030.07   984.73  1078.51  1029.24   979.15  1029.00
Mark_1          2460508.28233   0.00593   0.00171   64.54    8.74 -0.00374  0.00172  0.00460  0.00170  1030.89  1083.77  1031.17   984.48  1079.67  1028.82   980.40  1028.55
Mark_1          2460508.28264   0.00733   0.00170   65.20    6.89 -0.00475  0.00172  0.00559  0.00168  1029.92  1083.69  1030.28   984.29  1078.88  1028.48   979.58  1028.24
Mark_1          2460508.28295   0.00507   0.00170   76.83   10.42 -0.00454  0.00170  0.00225  0.00167  1029.71  1083.91  1030.15   984.53  1078.14  1028.90   978.80  1028.60
Mark_1          2460508.28326   0.00819   0.00168   68.36    6.07 -0.00596  0.00170  0.00561  0.00167  1030.33  1084.08  1030.62   984.74  1078.81  1029.00   979.48  1028.74
Mark_1          2460508.28358   0.01042   0.00168   66.33    4.71 -0.00706  0.00170  0.00767  0.00167  1030.76  1084.45  1030.97   984.98  1079.36  1029.41   979.95  1029.22
Mark_2          2460643.64972   0.00931   0.00200  -83.43    6.35 -0.00907  0.00200 -0.00212  0.00198  1029.08  1083.55  1029.48   984.05  1077.54  1029.29   978.09  1028.98
Mark_2          2460643.65012   0.00712   0.00198  -88.73    8.40 -0.00712  0.00198 -0.00032  0.00195  1030.06  1082.77  1030.46   983.27  1078.39  1028.46   978.93  1028.17
Mark_2          2460643.65050   0.00669   0.00198   81.66    9.04 -0.00641  0.00199  0.00192  0.00195  1028.91  1082.94  1029.29   983.43  1077.09  1028.69   977.61  1028.39
Mark_2          2460643.65089   0.00817   0.00199  -69.95    7.28 -0.00625  0.00200 -0.00526  0.00197  1028.43  1083.17  1028.81   983.69  1076.82  1029.10   977.37  1028.81
Mark_2          2460643.65127   0.00978   0.00200  -84.29    6.02 -0.00959  0.00200 -0.00194  0.00197  1028.53  1082.89  1028.94   983.39  1077.04  1028.70   977.56  1028.39
Mark_2          2460643.65167   0.00605   0.00200   79.41   10.27 -0.00564  0.00201  0.00218  0.00197  1028.58  1081.97  1028.98   982.45  1077.13  1027.74   977.66  1027.44
Mark_3          2460426.43605   0.00571   0.00227  -14.45   12.81  0.00500  0.00229 -0.00276  0.00221  1028.05  1080.88  1028.74   981.50  1073.34  1026.43   973.91  1026.13
Mark_3          2460426.43630   0.00404   0.00240   19.18   22.08  0.00317  0.00243  0.00251  0.00235  1027.04  1080.38  1027.69   981.05  1072.49  1025.43   973.10  1024.93
Mark_3          2460426.43654   0.00350   0.00230  -70.21   25.86 -0.00269  0.00234 -0.00223  0.00224  1028.18  1080.00  1028.81   980.68  1073.15  1025.42   973.54  1024.95
Mark_3          2460426.43678   0.00436   0.00237   87.96   19.40 -0.00435  0.00237  0.00031  0.00229  1027.80  1080.56  1028.46   981.11  1073.12  1025.66   973.53  1025.15
Mark_3          2460426.43703   0.00267   0.00239   86.84   61.44 -0.00265  0.00239  0.00029  0.00233  1027.77  1080.08  1028.41   980.70  1073.54  1025.69   974.04  1025.07
Mark_3          2460426.43727   0.00607   0.00226   47.62   11.80 -0.00055  0.00233  0.00604  0.00226  1027.81  1081.89  1028.35   982.50  1073.29  1027.16   973.93  1026.77
Mark_3          2460426.43751   0.00477   0.00227   11.69   16.16  0.00438  0.00228  0.00189  0.00223  1026.75  1080.98  1027.38   981.61  1072.70  1026.60   973.30  1026.01
Mark_3          2460426.43775   0.00534   0.00221  -46.46   13.49 -0.00027  0.00228 -0.00533  0.00221  1026.67  1081.44  1027.24   981.95  1072.79  1026.76   973.20  1026.24
Mark_4          2460426.43885   0.00739   0.00331   73.48   14.93 -0.00619  0.00335  0.00403  0.00322  1029.07  1077.79  1029.72   978.23  1073.90  1023.87   974.62  1022.99
Mark_4          2460426.43918   0.00608   0.00301  -36.73   17.05  0.00173  0.00305 -0.00583  0.00301  1027.71  1077.53  1028.42   977.70  1073.45  1022.95   974.15  1022.41
Mark_4          2460426.43950   0.00392   0.00273  -78.08   28.32 -0.00358  0.00274 -0.00158  0.00267  1030.79  1079.59  1031.42   980.21  1076.40  1025.36   977.03  1024.96
Mark_4          2460426.43983   0.00548   0.00292   41.42   18.86  0.00068  0.00300  0.00543  0.00292  1030.73  1078.71  1031.49   979.39  1076.30  1024.13   976.91  1023.72
Mark_4          2460426.44015   0.06767   0.00329   46.29    1.39 -0.00305  0.00327  0.06760  0.00329  1028.16  1081.97  1030.70   978.68  1075.33  1024.09   976.18  1023.42
Mark_4          2460426.44047   0.00640   0.00287  -67.11   14.94 -0.00446  0.00291 -0.00459  0.00284  1030.40  1078.92  1030.96   979.55  1075.81  1024.51   976.30  1024.06
Mark_4          2460426.44080   0.01002   0.00293  -83.31    8.90 -0.00975  0.00294 -0.00232  0.00281  1030.15  1078.34  1030.76   978.94  1075.06  1023.86   975.77  1023.39
Mark_4          2460426.44112   0.00100   0.00287   43.19   61.44  0.00006  0.00299  0.00100  0.00287  1030.29  1078.13  1030.80   978.65  1075.92  1023.57   976.67  1023.04
Mark_5          2460426.43302   0.00737   0.00331  -11.81   14.93  0.00676  0.00331 -0.00295  0.00328  1029.55  1079.20  1030.23   979.90  1075.23  1024.81   975.90  1024.60
Mark_5          2460426.43332   0.00586   0.00329  -10.36   20.35  0.00548  0.00332 -0.00207  0.00308  1028.92  1077.64  1029.44   978.21  1074.53  1023.06   975.23  1022.71
Mark_5          2460426.43362   0.00518   0.00281  -53.20   19.34 -0.00146  0.00300 -0.00497  0.00279  1028.13  1078.76  1028.63   979.37  1073.19  1023.98   973.46  1023.67
Mark_5          2460426.43392   0.00617   0.00281    0.80   15.19  0.00617  0.00281  0.00017  0.00261  1029.02  1079.27  1029.56   979.86  1074.43  1024.67   974.99  1024.11
Mark_5          2460426.43422   0.00364   0.00298    4.29   61.44  0.00359  0.00299  0.00054  0.00278  1028.26  1078.89  1028.86   979.43  1073.87  1024.46   974.45  1024.00
Mark_5          2460426.43453   0.00327   0.00290   36.61   61.44  0.00094  0.00310  0.00313  0.00288  1027.05  1078.32  1027.70   978.79  1073.12  1023.78   973.68  1023.08
Mark_5          2460426.43483   0.01363   0.00376  -16.43    8.33  0.01145  0.00378 -0.00740  0.00371  1029.22  1078.46  1029.94   979.07  1074.56  1024.18   975.14  1023.56
Mark_5          2460426.43513   0.00919   0.00372    8.36   13.11  0.00880  0.00376  0.00264  0.00335  1029.13  1079.27  1029.63   979.76  1074.24  1024.36   974.82  1023.84
Mark_7          2460461.37635   0.00461   0.00121   34.30    7.87  0.00168  0.00123  0.00429  0.00120  1028.08  1084.59  1028.49   985.16  1074.28  1030.11   974.82  1029.85
Mark_7          2460461.37660   0.00445   0.00121   22.04    8.22  0.00320  0.00122  0.00310  0.00120  1027.83  1084.20  1028.19   984.74  1074.09  1029.74   974.63  1029.46
Mark_7          2460461.37682   0.00353   0.00121   30.67   10.64  0.00169  0.00122  0.00310  0.00120  1026.72  1083.66  1027.09   984.22  1073.02  1029.14   973.53  1028.87
Mark_7          2460461.37705   0.00077   0.00122  -63.67   61.44 -0.00046  0.00124 -0.00061  0.00120  1026.37  1082.97  1026.70   983.44  1072.66  1028.42   973.18  1028.18
Mark_7          2460461.37729   0.00217   0.00123    8.43   20.58  0.00208  0.00123  0.00063  0.00120  1026.17  1082.40  1026.46   983.02  1072.38  1027.98   973.00  1027.67
Mark_7          2460461.37752   0.00362   0.00122   21.12   10.49  0.00268  0.00123  0.00243  0.00120  1025.75  1081.75  1026.11   982.30  1072.09  1027.21   972.59  1026.96
Mark_7          2460461.37775   0.00294   0.00122   19.78   13.51  0.00227  0.00123  0.00187  0.00121  1024.23  1080.85  1024.56   981.38  1070.54  1026.38   971.00  1026.09
Mark_7          2460461.37799   0.00463   0.00124    0.23    8.05  0.00463  0.00124  0.00004  0.00121  1029.15  1080.44  1029.44   980.92  1075.35  1025.87   975.89  1025.61
Mark_8          2460426.41698   0.00893   0.00259   -4.83    8.81  0.00881  0.00259 -0.00150  0.00250  1030.27  1079.21  1030.92   979.70  1075.19  1024.44   975.81  1023.89
Mark_8          2460426.41730   0.00802   0.00264    4.74   10.20  0.00791  0.00264  0.00132  0.00256  1029.13  1078.66  1029.71   979.18  1074.45  1024.11   974.90  1023.58
Mark_8          2460426.41763   0.00578   0.00264  -19.07   15.31  0.00455  0.00268 -0.00357  0.00258  1029.80  1078.03  1030.37   978.42  1074.71  1023.44   975.46  1022.85
Mark_8          2460426.41804   0.00769   0.00265  -41.44   10.76  0.00095  0.00273 -0.00763  0.00265  1029.44  1078.32  1030.06   978.92  1074.80  1023.63   975.25  1023.11
Mark_8          2460426.41852   0.05515   0.00290  -42.94    1.51  0.00396  0.00287 -0.05501  0.00290  1030.45  1078.27  1034.36   978.76  1075.97  1023.54   976.47  1023.29
Mark_8          2460426.41884   0.00959   0.00276    9.40    8.73  0.00908  0.00277  0.00309  0.00266  1029.54  1078.50  1030.12   979.22  1075.06  1023.86   975.70  1023.27
Mark_8          2460426.41917   0.00832   0.00270  -32.02   10.03  0.00364  0.00280 -0.00748  0.00268  1028.87  1078.56  1029.47   979.19  1074.67  1023.75   975.45  1023.24
Mark_8          2460426.41963   0.00676   0.00277  -11.04   13.30  0.00626  0.00279 -0.00254  0.00266  1030.06  1077.94  1030.70   978.67  1075.20  1023.25   975.68  1022.64
Mark_9          2460426.42082   0.00595   0.00273   -5.46   15.39  0.00584  0.00273 -0.00113  0.00264  1029.13  1079.69  1029.77   980.28  1074.13  1024.89   974.74  1024.51
Mark_9          2460426.42111   0.00098   0.00259  -77.54   61.44 -0.00089  0.00261 -0.00041  0.00250  1028.98  1079.81  1029.54   980.36  1073.97  1025.30   974.65  1024.95
Mark_9          2460426.42140   0.00981   0.00255  -30.15    7.82  0.00486  0.00262 -0.00852  0.00253  1029.11  1081.68  1029.58   982.32  1074.81  1027.11   975.59  1026.65
Mark_9          2460426.42169   0.00818   0.00259  -10.61    9.76  0.00763  0.00261 -0.00296  0.00249  1028.82  1079.00  1029.39   979.66  1074.52  1024.30   975.00  1023.86
Mark_9          2460426.42222   0.00521   0.00252  -18.42   16.47  0.00417  0.00255 -0.00313  0.00245  1028.67  1080.07  1029.22   980.78  1074.03  1025.22   974.63  1024.84
Mark_9          2460426.42251   0.00735   0.00240  -28.73   10.12  0.00395  0.00247 -0.00620  0.00237  1027.97  1080.14  1028.51   980.68  1073.46  1025.65   974.00  1025.13
Mark_9          2460426.42307   0.00341   0.00279  -15.95   61.44  0.00289  0.00281 -0.00180  0.00273  1028.42  1081.04  1028.96   981.74  1073.52  1026.73   974.56  1026.22
Mark_9          2460426.42336   0.00480   0.00265  -23.90   19.87  0.00322  0.00270 -0.00355  0.00260  1029.26  1081.81  1029.95   982.37  1074.54  1026.78   974.97  1026.09
Mark_10         2460459.30337   0.01288   0.00221   61.93    5.01 -0.00718  0.00226  0.01070  0.00218  1029.92  1080.22  1030.32   980.75  1075.95  1025.46   976.63  1025.18
Mark_10         2460459.30362   0.00717   0.00218   63.49    9.33 -0.00431  0.00224  0.00573  0.00215  1030.57  1079.95  1030.99   980.41  1076.94  1025.44   977.62  1025.13
Mark_10         2460459.30388   0.01299   0.00219   52.17    4.93 -0.00322  0.00225  0.01259  0.00219  1030.67  1080.05  1031.05   980.59  1076.26  1025.55   976.86  1025.28
Mark_10         2460459.30413   0.00935   0.00220   69.91    7.00 -0.00714  0.00223  0.00603  0.00216  1030.78  1080.41  1031.20   980.93  1076.48  1026.05   977.08  1025.75
Mark_10         2460459.30439   0.00799   0.00221   73.30    8.36 -0.00667  0.00223  0.00440  0.00217  1029.27  1080.27  1029.68   980.84  1074.87  1026.06   975.48  1025.74
Mark_10         2460459.30464   0.01184   0.00217   52.00    5.37 -0.00286  0.00224  0.01149  0.00216  1030.44  1079.88  1030.79   980.48  1076.67  1025.32   977.31  1024.99
Mark_11         2460438.33046   0.00261   0.00239  -27.02   61.44  0.00153  0.00243 -0.00211  0.00237  1032.70  1085.93  1033.30   986.70  1078.43  1031.48   979.13  1030.94
Mark_11         2460438.33098   0.00212   0.00250  -14.56   61.44  0.00185  0.00252 -0.00103  0.00244  1031.84  1083.08  1032.42   983.80  1077.22  1028.60   977.92  1028.06
Mark_11         2460438.33135   0.00401   0.00256   -8.56   24.59  0.00383  0.00256 -0.00118  0.00248  1032.03  1082.90  1032.64   983.62  1077.38  1028.39   978.07  1027.85
Mark_11         2460438.33174   0.00978   0.00270  -23.22    8.36  0.00674  0.00273 -0.00709  0.00267  1032.21  1082.76  1032.83   983.51  1077.86  1028.21   978.55  1027.69
Mark_11         2460438.33211   0.00789   0.00258  -12.27   10.11  0.00718  0.00259 -0.00328  0.00252  1031.99  1082.28  1032.60   983.01  1077.75  1027.88   978.46  1027.35
Mark_11         2460438.33249   0.00590   0.00285  -36.31   16.46  0.00176  0.00292 -0.00564  0.00284  1031.32  1082.42  1031.93   983.17  1077.37  1028.04   978.09  1027.51
Mark_11         2460438.33275   0.00778   0.00263   -1.01   10.55  0.00777  0.00263 -0.00027  0.00256  1032.72  1082.65  1033.34   983.38  1078.34  1028.19   979.06  1027.64
Mark_11         2460438.33296   0.00459   0.00257  -18.59   20.31  0.00366  0.00260 -0.00277  0.00253  1031.68  1082.67  1032.30   983.41  1077.69  1028.39   978.42  1027.86
Mark_11         2460438.33317   0.00335   0.00254    1.76   61.44  0.00335  0.00254  0.00021  0.00250  1031.46  1082.70  1032.06   983.42  1076.79  1028.31   977.46  1027.78
Mark_11         2460438.33338   0.00497   0.00251   22.91   17.46  0.00347  0.00255  0.00357  0.00247  1032.85  1082.04  1033.46   982.78  1078.21  1027.70   978.94  1027.19
Mark_11         2460438.33359   0.00530   0.00328   15.55   23.51  0.00454  0.00330  0.00274  0.00322  1031.66  1082.68  1032.23   983.41  1077.48  1028.13   978.19  1027.57
Mark_11         2460438.33406   0.01070   0.00374  -30.82   10.95  0.00508  0.00379 -0.00941  0.00372  1032.52  1082.84  1033.13   983.57  1077.87  1028.49   978.62  1027.93
Mark_12         2460426.35190   0.01486   0.00293  -81.38    5.81 -0.01419  0.00294 -0.00441  0.00282  1029.33  1076.21  1030.06   976.77  1074.85  1023.75   975.39  1020.38
Mark_12         2460426.35215   0.01292   0.00313  -87.65    7.24 -0.01288  0.00313 -0.00106  0.00303  1029.45  1074.80  1030.09   975.53  1073.84  1021.82   974.86  1019.21
Mark_12         2460426.35241   0.00812   0.00286    5.59   11.03  0.00797  0.00286  0.00157  0.00274  1028.68  1073.74  1029.29   974.29  1073.42  1018.95   973.94  1018.42
Mark_12         2460426.35266   0.00964   0.00277    2.22    8.73  0.00962  0.00277  0.00075  0.00267  1028.18  1076.77  1028.82   977.32  1073.44  1021.77   973.60  1021.23
Mark_12         2460426.35292   0.01112   0.00269    3.89    7.22  0.01102  0.00269  0.00151  0.00261  1027.14  1075.37  1027.26   975.95  1072.56  1021.36   973.08  1020.68
Mark_12         2460426.35317   0.01324   0.00268   -7.96    5.96  0.01273  0.00268 -0.00363  0.00261  1030.64  1081.97  1031.19   982.46  1075.64  1027.20   975.96  1026.76
Mark_12         2460426.35343   0.02877   0.00293   -4.57    2.94  0.02840  0.00293 -0.00457  0.00280  1031.23  1081.30  1032.06   982.22  1076.02  1026.62   976.26  1028.75
Mark_13         2460432.30282   0.01268   0.00468  -13.81   11.68  0.01124  0.00470 -0.00588  0.00460  1029.00  1078.98  1029.60   979.48  1075.93  1024.26   976.51  1023.74
Mark_13         2460432.30311   0.01410   0.00726  -14.18   17.98  0.01240  0.00727 -0.00670  0.00724  1028.42  1078.83  1029.09   979.33  1075.56  1024.08   976.17  1023.49
Mark_13         2460432.30340   0.02151   0.00526   12.45    7.30  0.01951  0.00526  0.00906  0.00525  1028.23  1079.36  1028.85   979.85  1075.26  1024.55   975.85  1024.05
Mark_13         2460432.30369   0.01989   0.00640   20.37    9.93  0.01507  0.00642  0.01298  0.00637  1028.60  1078.48  1029.28   978.99  1075.65  1023.90   976.21  1023.32
Mark_13         2460432.30398   0.00391   0.00589  -40.14   61.44  0.00066  0.00599 -0.00386  0.00589  1029.79  1079.24  1030.41   979.73  1076.72  1024.40   977.39  1023.93
Mark_13         2460432.30427   0.01514   0.00464   12.60    9.39  0.01370  0.00466  0.00645  0.00458  1029.21  1078.83  1029.78   979.26  1076.14  1024.00   976.79  1023.44
Mark_13         2460432.30456   0.01155   0.00477    2.25   13.44  0.01151  0.00477  0.00091  0.00467  1028.94  1079.13  1029.47   979.72  1076.09  1024.34   976.69  1023.78
Mark_13         2460432.30485   0.01214   0.00495  -11.13   13.21  0.01124  0.00496 -0.00460  0.00491  1028.61  1078.92  1029.25   979.42  1075.53  1024.29   976.18  1023.74
Mark_13         2460432.30514   0.01137   0.00347    3.53    9.36  0.01128  0.00348  0.00140  0.00342  1028.74  1078.59  1029.35   979.14  1075.71  1023.87   976.38  1023.37
Mark_13         2460432.30543   0.00684   0.00400  -31.36   21.58  0.00313  0.00406 -0.00608  0.00398  1028.84  1078.95  1029.40   979.38  1075.89  1024.32   976.41  1023.77
Mark_14         2460459.34591   0.00334   0.00218   -6.30   25.52  0.00326  0.00218 -0.00073  0.00212  1031.88  1082.15  1032.29   982.72  1077.72  1027.66   978.31  1027.26
Mark_14         2460459.34617   0.00584   0.00216   -2.43   11.73  0.00582  0.00216 -0.00050  0.00211  1030.98  1081.41  1031.45   982.05  1077.00  1026.74   977.63  1026.44
Mark_14         2460459.34644   0.00817   0.00218   17.27    8.02  0.00673  0.00220  0.00463  0.00213  1029.65  1080.73  1030.07   981.31  1075.76  1026.14   976.35  1025.85
Mark_14         2460459.34669   0.02385   0.00220    5.73    2.66  0.02337  0.00221  0.00474  0.00212  1029.70  1084.00  1030.08   984.60  1075.62  1029.36   978.75  1025.91
Mark_14         2460459.34694   0.00189   0.00214   25.26   61.44  0.00120  0.00218  0.00146  0.00211  1031.10  1083.82  1031.46   984.45  1077.36  1029.09   978.02  1028.83
Mark_14         2460459.34720   0.00575   0.00215   25.40   11.88  0.00364  0.00218  0.00446  0.00214  1031.05  1082.90  1031.40   983.38  1077.09  1028.30   977.77  1028.01
Mark_14         2460459.34745   0.00349   0.00214   32.65   23.15  0.00146  0.00217  0.00317  0.00213  1030.11  1082.36  1030.52   982.93  1076.10  1027.52   976.75  1027.19
Mark_14         2460459.34771   0.00825   0.00216   21.58    7.87  0.00601  0.00218  0.00564  0.00214  1029.59  1081.75  1030.00   982.31  1075.72  1027.23   976.38  1026.88
Mark_14         2460459.34803   0.00290   0.00216   20.26   61.44  0.00221  0.00219  0.00189  0.00212  1031.31  1080.78  1031.71   981.35  1077.41  1026.09   978.03  1025.80
Mark_14         2460459.34829   0.00460   0.00219   -7.54   16.15  0.00444  0.00219 -0.00120  0.00213  1030.33  1080.26  1030.69   980.80  1076.08  1025.36   976.74  1025.06
Mark_15         2460426.44214   0.00447   0.00197   43.37   14.61  0.00025  0.00203  0.00446  0.00197  1028.76  1080.24  1029.29   980.81  1075.12  1025.76   975.84  1025.23
Mark_15         2460426.44236   0.00455   0.00210   80.88   15.51 -0.00432  0.00211  0.00142  0.00204  1029.37  1077.88  1029.86   978.31  1074.58  1023.46   975.06  1023.04
Mark_15         2460426.44293   0.00381   0.00204  -71.01   19.06 -0.00300  0.00206 -0.00234  0.00201  1030.34  1079.14  1031.10   979.71  1076.20  1024.42   976.80  1024.00
Mark_15         2460426.44315   0.00667   0.00207   86.47    9.51 -0.00662  0.00207  0.00082  0.00202  1029.64  1078.27  1030.29   978.87  1074.72  1023.97   975.44  1023.46
Mark_15         2460426.44337   0.01037   0.00224    1.96    6.39  0.01034  0.00224  0.00071  0.00214  1028.10  1079.26  1028.79   979.96  1073.60  1023.80   970.79  1023.60
Mark_15         2460426.44359   0.01043   0.00226  -66.67    6.40 -0.00716  0.00228 -0.00759  0.00224  1029.10  1078.31  1029.91   980.84  1074.62  1023.83   975.03  1023.14
Mark_15         2460426.44381   0.00791   0.00224  -80.09    8.58 -0.00744  0.00225 -0.00268  0.00217  1029.84  1078.19  1030.46   978.82  1075.66  1023.49   976.40  1023.29
Mark_15         2460426.44411   0.00568   0.00213  -78.20   11.88 -0.00521  0.00214 -0.00227  0.00207  1029.96  1079.38  1030.55   979.98  1075.64  1025.23   976.14  1024.76
Mark_16         2460426.42442   0.00605   0.00372  -23.85   23.23  0.00407  0.00384 -0.00447  0.00361  1028.59  1079.91  1029.38   980.52  1074.77  1025.18   975.13  1024.97
Mark_16         2460426.42488   0.03913   0.00374    0.64    2.76  0.03912  0.00374  0.00087  0.00329  1029.24  1079.64  1029.60   980.19  1074.25  1025.08   976.16  1024.74
Mark_16         2460426.42520   0.01221   0.00362    5.81    9.05  0.01196  0.00364  0.00246  0.00331  1029.96  1080.33  1030.43   980.86  1074.37  1025.57   974.59  1025.10
Mark_16         2460426.42551   0.00739   0.00321   -0.89   14.30  0.00739  0.00321 -0.00023  0.00297  1029.07  1082.16  1029.59   982.78  1074.34  1027.28   974.94  1026.91
Mark_16         2460426.42600   0.00498   0.00269    0.24   19.21  0.00498  0.00269  0.00004  0.00248  1029.79  1080.83  1030.45   981.42  1075.10  1026.25   975.62  1025.77
Mark_16         2460426.42646   0.01015   0.00253   -9.13    7.46  0.00964  0.00254 -0.00318  0.00242  1028.61  1080.44  1029.28   980.87  1074.62  1025.65   975.24  1025.11
Mark_16         2460426.42677   0.00853   0.00239  -15.82    8.49  0.00726  0.00242 -0.00447  0.00231  1028.69  1079.58  1029.25   980.11  1074.56  1024.79   975.13  1024.26
Mark_16         2460426.42730   0.01434   0.00263    5.11    5.39  0.01412  0.00264  0.00255  0.00249  1029.47  1080.86  1030.03   981.38  1075.17  1026.25   975.82  1025.76
Mark_17         2460459.37992   0.00266   0.00142  -26.42   18.96  0.00161  0.00145 -0.00212  0.00141  1030.94  1080.92  1031.36   981.45  1076.62  1026.37   977.27  1026.03
Mark_17         2460459.38014   0.00400   0.00143  -21.13   11.25  0.00296  0.00145 -0.00269  0.00141  1030.41  1080.26  1030.78   980.84  1076.22  1025.61   976.74  1025.38
Mark_17         2460459.38036   0.00193   0.00144   11.58   61.44  0.00177  0.00144  0.00076  0.00140  1030.25  1079.87  1030.62   980.47  1076.38  1025.51   977.01  1025.17
Mark_17         2460459.38058   0.01500   0.00143   -1.81    2.76  0.01497  0.00143 -0.00095  0.00141  1030.48  1081.82  1030.78   982.47  1076.49  1027.36   977.07  1027.03
Mark_17         2460459.38080   0.00128   0.00144  -73.36   61.44 -0.00107  0.00145 -0.00070  0.00141  1029.62  1081.23  1030.01   981.82  1075.63  1026.93   976.26  1026.57
Mark_17         2460459.38102   0.00381   0.00141   53.88   11.75 -0.00116  0.00145  0.00363  0.00141  1029.51  1081.07  1029.94   981.62  1076.03  1026.67   976.68  1026.34
Mark_17         2460459.38124   0.00392   0.00141  -38.70   11.38  0.00085  0.00145 -0.00382  0.00141  1029.22  1080.59  1029.60   981.19  1075.55  1026.44   976.14  1026.02
Mark_17         2460459.38146   0.00147   0.00142  -28.09   61.44  0.00082  0.00144 -0.00122  0.00141  1032.05  1082.63  1032.46   983.20  1078.02  1027.64   978.59  1027.44
Mark_17         2460459.38168   0.00132   0.00143    4.87   61.44  0.00130  0.00143  0.00022  0.00140  1032.25  1082.23  1032.63   982.79  1077.56  1027.41   978.25  1027.02
Mark_18         2460426.42836   0.00515   0.00138   10.56    8.09  0.00480  0.00139  0.00186  0.00136  1029.13  1082.90  1029.67   983.51  1075.24  1028.51   975.76  1027.98
Mark_18         2460426.42854   0.00323   0.00137    9.10   13.92  0.00307  0.00138  0.00101  0.00135  1031.96  1083.69  1032.48   984.28  1077.46  1028.95   978.01  1028.45
Mark_18         2460426.42874   0.00436   0.00138   22.59    9.71  0.00308  0.00139  0.00310  0.00137  1029.51  1083.45  1030.13   983.98  1075.31  1028.62   975.93  1028.19
Mark_18         2460426.42892   0.00284   0.00139   22.29   16.74  0.00202  0.00140  0.00199  0.00137  1029.04  1082.93  1029.58   983.56  1074.45  1028.20   974.97  1027.67
Mark_18         2460426.42911   0.00241   0.00140  -12.30   21.33  0.00219  0.00140 -0.00100  0.00138  1031.05  1083.48  1031.66   983.99  1076.78  1028.69   977.35  1028.21
Mark_18         2460426.42929   0.00219   0.00139   -0.52   24.29  0.00219  0.00139 -0.00004  0.00137  1028.97  1083.24  1029.51   983.83  1074.88  1028.52   975.39  1028.08
Mark_18         2460426.42948   0.00074   0.00139    7.62   61.44  0.00071  0.00140  0.00019  0.00136  1030.36  1082.88  1030.91   983.35  1075.62  1028.37   976.24  1027.85
Mark_18         2460426.42966   0.00223   0.00141   74.30   24.14 -0.00191  0.00142  0.00116  0.00139  1030.43  1083.05  1030.93   983.61  1075.96  1028.55   976.60  1028.03
Mark_19         2460426.43072   0.00321   0.00137  -28.50   13.97  0.00175  0.00138 -0.00269  0.00136  1031.38  1081.56  1032.01   982.31  1077.05  1027.15   977.67  1026.69
Mark_19         2460426.43091   0.00288   0.00137   22.64   16.09  0.00203  0.00138  0.00205  0.00135  1031.56  1080.59  1032.12   981.18  1076.87  1025.89   977.42  1025.44
Mark_19         2460426.43111   0.00213   0.00139  -20.93   25.46  0.00158  0.00140 -0.00142  0.00137  1031.53  1080.65  1032.12   981.31  1077.13  1026.27   977.83  1025.79
Mark_19         2460426.43131   0.00144   0.00140   77.12   61.44 -0.00130  0.00140  0.00063  0.00137  1031.87  1082.20  1032.40   982.87  1077.43  1027.29   978.09  1026.82
Mark_19         2460426.43150   0.00442   0.00139   19.13    9.66  0.00347  0.00140  0.00274  0.00137  1033.08  1080.73  1033.56   981.37  1078.55  1026.56   979.20  1026.08
Mark_19         2460426.43170   0.00447   0.00141    7.39    9.73  0.00432  0.00141  0.00114  0.00138  1031.28  1081.45  1031.74   982.03  1076.44  1026.68   977.06  1026.25
Mark_19         2460426.43190   0.00405   0.00138   12.49   10.57  0.00367  0.00138  0.00171  0.00136  1030.53  1081.74  1031.16   982.36  1076.29  1027.28   976.88  1026.85
Mark_19         2460426.43209   0.00358   0.00136   26.30   12.13  0.00217  0.00138  0.00284  0.00135  1032.15  1080.51  1032.78   981.13  1078.21  1025.97   978.81  1025.44
Mark_20         2460459.38328   0.00310   0.00169   10.76   19.52  0.00289  0.00170  0.00114  0.00165  1032.30  1083.95  1032.69   984.45  1078.53  1029.45   979.21  1029.15
Mark_20         2460459.38351   0.00441   0.00169  -19.08   12.21  0.00347  0.00170 -0.00272  0.00166  1032.60  1083.35  1032.93   984.00  1078.54  1029.13   979.20  1028.86
Mark_20         2460459.38374   0.00251   0.00169    2.55   26.91  0.00250  0.00169  0.00022  0.00164  1031.67  1083.53  1032.08   984.18  1077.79  1029.04   978.36  1028.73
Mark_20         2460459.38397   0.00106   0.00169   14.20   61.44  0.00093  0.00170  0.00050  0.00166  1033.03  1083.46  1033.46   984.00  1079.03  1028.88   979.69  1028.57
Mark_20         2460459.38420   0.00358   0.00169    0.19   16.01  0.00358  0.00169  0.00002  0.00165  1032.87  1084.19  1033.28   984.79  1078.93  1029.77   979.56  1029.40
Mark_20         2460459.38443   0.00067   0.00166   46.47   61.44 -0.00003  0.00171  0.00067  0.00166  1032.15  1083.80  1032.52   984.43  1078.48  1029.25   979.10  1028.96
Mark_20         2460459.38466   0.00159   0.00167  -25.28   61.44  0.00101  0.00170 -0.00123  0.00165  1032.00  1083.83  1032.44   984.45  1078.16  1029.49   978.78  1029.18
Mark_20         2460459.38503   0.00117   0.00167  -26.23   61.44  0.00071  0.00170 -0.00093  0.00165  1032.17  1084.71  1032.53   985.34  1077.88  1030.18   978.49  1029.86
Mark_21         2460460.41800   0.00127   0.00134   63.01   61.44 -0.00075  0.00137  0.00103  0.00133  1027.54  1080.71  1027.89   981.16  1075.79  1026.24   976.38  1025.96
Mark_21         2460460.41815   0.00277   0.00135  -21.90   16.68  0.00200  0.00136 -0.00191  0.00133  1026.99  1081.30  1027.34   981.90  1075.01  1026.38   975.59  1026.09
Mark_21         2460460.41838   0.00188   0.00131   46.49   28.35 -0.00010  0.00134  0.00188  0.00131  1029.64  1080.80  1030.00   981.20  1077.47  1025.92   978.04  1025.65
Mark_21         2460460.41854   0.00133   0.00134  -15.30   61.44  0.00114  0.00135 -0.00068  0.00131  1027.74  1080.71  1028.14   981.06  1075.94  1025.79   976.52  1025.48
Mark_21         2460460.41869   0.00088   0.00132   33.94   61.44  0.00033  0.00136  0.00082  0.00131  1029.22  1079.41  1029.50   979.92  1077.24  1024.63   977.83  1024.39
Mark_21         2460460.41885   0.00505   0.00133   35.57    7.89  0.00163  0.00136  0.00478  0.00132  1027.81  1080.20  1028.04   980.67  1075.98  1025.47   976.52  1025.26
Mark_21         2460460.41900   0.00187   0.00134   12.30   61.44  0.00170  0.00134  0.00078  0.00132  1028.99  1080.03  1029.41   980.45  1076.93  1025.41   977.44  1025.22
Mark_21         2460460.41917   0.00453   0.00135   21.72    9.09  0.00329  0.00137  0.00312  0.00133  1028.23  1079.75  1028.57   980.25  1075.98  1024.88   976.55  1024.58
Mark_24         2460780.47266   0.00788   0.00225   23.80    8.65  0.00531  0.00228  0.00582  0.00222  1041.20  1082.78  1041.92   983.35  1088.92  1028.70   989.43  1028.09
Mark_24         2460780.47294   0.00450   0.00243   15.25   19.24  0.00387  0.00245  0.00228  0.00237  1040.21  1082.89  1040.93   983.49  1088.03  1028.84   988.56  1028.24
Mark_24         2460780.47324   0.00596   0.00242    5.85   13.15  0.00583  0.00242  0.00121  0.00236  1040.74  1082.89  1041.45   983.45  1088.61  1028.79   989.16  1028.18
Mark_24         2460780.47353   0.00304   0.00231   15.50   61.44  0.00261  0.00233  0.00157  0.00226  1041.14  1082.81  1041.85   983.37  1088.97  1028.63   989.50  1028.02
Mark_24         2460780.47382   0.00740   0.00226   10.12    9.36  0.00694  0.00227  0.00256  0.00220  1040.81  1083.17  1041.53   983.73  1088.63  1029.02   989.17  1028.43
Mark_24         2460780.47411   0.00533   0.00237    9.98   14.79  0.00501  0.00238  0.00182  0.00231  1040.84  1082.71  1041.57   983.28  1088.71  1028.67   989.26  1028.06
Mark_24B        2460829.32296   0.00292   0.00243  -46.22   61.44 -0.00012  0.00250 -0.00292  0.00243  1035.95  1084.47  1036.46   985.11  1083.47  1030.12   984.04  1029.72
Mark_24B        2460829.32319   0.00656   0.00246   -3.07   11.92  0.00652  0.00246 -0.00070  0.00240  1036.83  1084.37  1037.33   985.00  1084.42  1029.98   985.01  1029.57
Mark_24B        2460829.32343   0.00648   0.00248  -70.89   12.23 -0.00509  0.00251 -0.00401  0.00244  1036.57  1084.52  1037.10   985.16  1084.03  1030.01   984.58  1029.62
Mark_24B        2460829.32366   0.00683   0.00250  -85.29   11.56 -0.00674  0.00250 -0.00112  0.00244  1036.49  1084.45  1037.01   985.07  1083.93  1030.05   984.49  1029.63
Mark_24B        2460829.32389   0.00667   0.00246  -23.90   11.70  0.00448  0.00250 -0.00494  0.00244  1036.48  1084.45  1036.99   985.08  1083.89  1030.13   984.47  1029.73
Mark_24B        2460829.32412   0.00454   0.00247    1.00   19.45  0.00454  0.00247  0.00016  0.00241  1036.93  1084.18  1037.44   984.81  1084.30  1029.79   984.87  1029.37
Mark_24B        2460829.32435   0.00244   0.00242  -38.68   61.44  0.00053  0.00247 -0.00238  0.00242  1036.92  1085.19  1037.42   985.81  1084.39  1030.72   984.97  1030.32
Mark_24B        2460829.32459   0.00579   0.00244  -27.15   13.82  0.00338  0.00249 -0.00470  0.00242  1036.98  1085.02  1037.51   985.68  1084.39  1030.61   984.94  1030.21
Mark_24B        2460829.32483   0.00171   0.00246   -8.65   61.44  0.00163  0.00247 -0.00051  0.00243  1036.95  1085.02  1037.47   985.68  1084.46  1030.71   985.04  1030.31
Mark_24B        2460829.32506   0.00574   0.00243  -58.81   13.86 -0.00266  0.00248 -0.00509  0.00242  1036.14  1084.25  1036.66   984.89  1083.65  1029.87   984.20  1029.48
Mark_25         2460829.33304   0.00251   0.00108   19.95   14.23  0.00192  0.00109  0.00161  0.00107  1037.09  1083.21  1037.59   983.83  1084.41  1028.68   984.97  1028.26
Mark_25         2460829.33324   0.00096   0.00107  -29.15   61.44  0.00050  0.00109 -0.00082  0.00107  1038.23  1083.10  1038.74   983.72  1085.54  1028.85   986.10  1028.43
Mark_25         2460829.33344   0.00177   0.00108  -51.25   23.14 -0.00038  0.00110 -0.00173  0.00108  1037.52  1083.08  1038.03   983.72  1085.24  1028.58   985.80  1028.16
Mark_25         2460829.33363   0.00057   0.00109    7.75   61.44  0.00055  0.00109  0.00015  0.00107  1037.24  1083.49  1037.74   984.12  1084.73  1029.15   985.29  1028.74
Mark_25         2460829.33383   0.00077   0.00108  -48.21   61.44 -0.00009  0.00110 -0.00077  0.00108  1036.37  1083.03  1036.88   983.65  1084.08  1028.58   984.64  1028.17
Mark_25         2460829.33404   0.00122   0.00108  -37.07   61.44  0.00033  0.00110 -0.00117  0.00108  1036.58  1083.20  1037.09   983.83  1084.19  1028.78   984.75  1028.35
Mark_25         2460829.33424   0.00100   0.00109  -72.56   61.44 -0.00082  0.00110 -0.00057  0.00107  1036.42  1083.57  1036.92   984.20  1083.91  1029.19   984.46  1028.77
Mark_25         2460829.33443   0.00197   0.00110   -9.81   20.16  0.00185  0.00110 -0.00066  0.00108  1036.62  1083.71  1037.13   984.34  1084.10  1029.34   984.67  1028.92
Mark_26         2460829.34667   0.00269   0.00066  -12.21    7.33  0.00245  0.00066 -0.00111  0.00065  1037.72  1081.73  1038.25   982.31  1085.28  1027.34   985.84  1026.94
Mark_26         2460829.34731   0.00362   0.00066   -4.67    5.35  0.00358  0.00066 -0.00059  0.00065  1038.04  1081.57  1038.56   982.15  1085.61  1027.24   986.17  1026.83
Mark_26         2460829.34797   0.00253   0.00066   -6.02    7.85  0.00247  0.00066 -0.00053  0.00065  1038.12  1081.82  1038.65   982.41  1085.74  1027.46   986.30  1027.06
Mark_26         2460829.34862   0.00263   0.00066   -8.96    7.47  0.00250  0.00066 -0.00081  0.00065  1037.93  1081.87  1038.46   982.46  1085.42  1027.48   985.98  1027.07
Mark_26         2460829.34927   0.00254   0.00066   -5.24    7.75  0.00250  0.00066 -0.00046  0.00065  1037.80  1082.03  1038.32   982.62  1085.46  1027.66   986.02  1027.26
Mark_26         2460829.34993   0.00360   0.00066   -1.96    5.36  0.00359  0.00066 -0.00025  0.00065  1038.18  1082.17  1038.70   982.77  1085.67  1027.80   986.22  1027.40
Mark_26         2460829.35058   0.00199   0.00066    6.79   10.28  0.00193  0.00066  0.00047  0.00065  1037.71  1082.41  1038.24   983.00  1085.28  1027.98   985.83  1027.57
Mark_26         2460829.35124   0.00277   0.00065  -18.74    7.02  0.00220  0.00066 -0.00168  0.00065  1037.90  1082.17  1038.42   982.76  1085.45  1027.80   986.00  1027.39
Mark_26         2460829.35189   0.00206   0.00066   -4.70    9.88  0.00203  0.00066 -0.00034  0.00065  1037.94  1082.09  1038.47   982.68  1085.52  1027.65   986.07  1027.25
Mark_26         2460829.35253   0.00150   0.00066    5.70   14.54  0.00147  0.00066  0.00030  0.00065  1037.67  1081.64  1038.19   982.22  1085.33  1027.29   985.88  1026.88
Mark_26B        2460829.36252   0.00170   0.00099   88.51   21.34 -0.00170  0.00099  0.00009  0.00097  1037.15  1081.37  1037.68   979.68  1087.41  1025.78   985.71  1025.37
Mark_26B        2460829.36368   0.00250   0.00099  -85.26   12.66 -0.00247  0.00099 -0.00041  0.00097  1037.21  1081.32  1037.74   979.63  1087.50  1025.72   985.79  1025.31
Mark_26B        2460829.36484   0.00331   0.00099  -79.92    9.17 -0.00310  0.00099 -0.00114  0.00098  1037.31  1081.36  1037.85   979.67  1087.55  1025.71   985.87  1025.30
Mark_26B        2460829.36600   0.00226   0.00099   75.74   14.45 -0.00198  0.00099  0.00108  0.00098  1037.63  1081.57  1038.16   979.87  1087.84  1025.90   986.14  1025.49
Mark_26B        2460829.36716   0.00098   0.00098  -64.77   61.44 -0.00062  0.00099 -0.00075  0.00098  1037.39  1081.72  1037.91   980.02  1087.62  1026.06   985.93  1025.66
Mark_26B        2460829.36832   0.00352   0.00098   67.20    8.48 -0.00246  0.00099  0.00251  0.00098  1037.67  1081.64  1038.19   979.95  1087.84  1026.03   986.15  1025.63
Mark_26B        2460829.36948   0.00319   0.00099   72.85    9.52 -0.00264  0.00099  0.00180  0.00098  1037.78  1081.55  1038.30   979.84  1087.98  1025.89   986.30  1025.48
Mark_26B        2460829.37064   0.00173   0.00100  -84.19   21.18 -0.00170  0.00100 -0.00035  0.00099  1037.46  1081.63  1037.99   979.92  1087.68  1025.97   985.98  1025.57
Mark_26B        2460829.37179   0.00369   0.00099   60.39    8.08 -0.00189  0.00100  0.00317  0.00099  1037.37  1081.49  1037.90   979.79  1087.65  1025.84   985.95  1025.44
Mark_26B        2460829.37295   0.00391   0.00100   85.79    7.67 -0.00386  0.00100  0.00057  0.00099  1037.83  1081.59  1038.35   979.89  1088.07  1025.97   986.37  1025.57
Mark_26C        2460829.37666   0.00024   0.00067   36.00   61.44  0.00008  0.00068  0.00023  0.00067  1036.86  1081.67  1037.39   980.56  1085.87  1026.33   984.74  1025.93
Mark_26C        2460829.37738   0.00231   0.00068   59.18    8.90 -0.00110  0.00068  0.00203  0.00067  1037.04  1081.85  1037.56   980.74  1085.96  1026.51   984.82  1026.09
Mark_26C        2460829.37812   0.00171   0.00068   73.23   12.88 -0.00142  0.00069  0.00094  0.00067  1036.77  1082.20  1037.30   981.10  1085.79  1026.88   984.66  1026.48
Mark_26C        2460829.37885   0.00027   0.00068   61.91   61.44 -0.00015  0.00069  0.00023  0.00068  1036.80  1081.79  1037.34   980.69  1085.83  1026.48   984.69  1026.07
Mark_26C        2460829.37958   0.00123   0.00068   74.86   20.13 -0.00106  0.00069  0.00062  0.00068  1037.21  1082.04  1037.74   980.94  1086.20  1026.72   985.06  1026.30
Mark_26C        2460829.38031   0.00069   0.00069   88.46   61.44 -0.00069  0.00069  0.00004  0.00067  1037.24  1081.57  1037.77   980.45  1086.19  1026.25   985.06  1025.84
Mark_26C        2460829.38104   0.00044   0.00068  -25.16   61.44  0.00028  0.00069 -0.00034  0.00067  1036.77  1081.52  1037.30   980.41  1085.82  1026.15   984.67  1025.74
Mark_26C        2460829.38177   0.00055   0.00068   77.37   61.44 -0.00050  0.00069  0.00024  0.00067  1036.44  1081.54  1036.97   980.43  1085.53  1026.16   984.39  1025.75
Mark_26C        2460829.38250   0.00099   0.00069   11.20   28.25  0.00091  0.00069  0.00038  0.00067  1036.28  1081.38  1036.82   980.27  1085.35  1026.00   984.20  1025.60
Mark_26C        2460829.38323   0.00177   0.00069   80.53   12.48 -0.00167  0.00069  0.00057  0.00068  1037.03  1081.71  1037.56   980.59  1086.10  1026.36   984.96  1025.95
Mark_26D        2460829.35424   0.00585   0.00077  -22.41    3.80  0.00415  0.00077 -0.00412  0.00076  1037.18  1080.85  1037.69   982.32  1085.50  1027.00   986.95  1026.60
Mark_26D        2460829.35481   0.00664   0.00077  -12.19    3.37  0.00605  0.00078 -0.00274  0.00076  1037.43  1080.48  1037.95   981.94  1085.72  1026.60   987.16  1026.21
Mark_26D        2460829.35539   0.00775   0.00077  -25.06    2.85  0.00497  0.00078 -0.00595  0.00076  1037.54  1080.62  1038.06   982.09  1085.87  1026.69   987.31  1026.29
Mark_26D        2460829.35597   0.00677   0.00077  -20.33    3.28  0.00514  0.00078 -0.00441  0.00076  1037.33  1080.62  1037.84   982.09  1085.65  1026.71   987.09  1026.32
Mark_26D        2460829.35655   0.00603   0.00077  -20.84    3.70  0.00451  0.00078 -0.00401  0.00076  1037.30  1080.44  1037.81   981.90  1085.67  1026.60   987.11  1026.21
Mark_26D        2460829.35713   0.00639   0.00077  -18.96    3.49  0.00504  0.00078 -0.00393  0.00076  1036.44  1080.60  1036.96   982.07  1084.81  1026.69   986.25  1026.29
Mark_26D        2460829.35771   0.00653   0.00077  -18.75    3.42  0.00518  0.00078 -0.00397  0.00076  1036.96  1080.80  1037.48   982.27  1085.23  1026.87   986.67  1026.48
Mark_26D        2460829.35829   0.00588   0.00077  -10.49    3.81  0.00549  0.00077 -0.00211  0.00076  1037.23  1080.47  1037.76   981.93  1085.48  1026.50   986.92  1026.10
Mark_26D        2460829.35887   0.00653   0.00077  -19.89    3.42  0.00502  0.00078 -0.00418  0.00076  1036.99  1080.57  1037.50   982.03  1085.27  1026.66   986.70  1026.26
Mark_26D        2460829.35944   0.00483   0.00077  -27.47    4.63  0.00277  0.00078 -0.00395  0.00076  1036.61  1080.42  1037.12   981.88  1084.75  1026.48   986.17  1026.07
Mark_27         2460829.38832   0.00458   0.00118  -10.00    7.69  0.00431  0.00118 -0.00157  0.00115  1040.81  1083.41  1041.33   984.02  1088.77  1029.02   989.33  1028.61
Mark_27         2460829.38890   0.00364   0.00118   -7.44   10.05  0.00351  0.00118 -0.00093  0.00116  1040.23  1083.57  1040.75   984.17  1088.34  1029.14   988.90  1028.72
Mark_27         2460829.38948   0.00393   0.00119   -0.47    9.25  0.00393  0.00119 -0.00006  0.00116  1040.75  1083.25  1041.26   983.85  1088.81  1028.85   989.38  1028.44
Mark_27         2460829.39006   0.00385   0.00118  -14.88    9.38  0.00334  0.00119 -0.00191  0.00116  1040.99  1083.72  1041.50   984.31  1089.02  1029.28   989.60  1028.87
Mark_27         2460829.39065   0.00379   0.00118   -9.50    9.59  0.00359  0.00119 -0.00124  0.00116  1040.81  1083.41  1041.32   984.01  1088.83  1029.02   989.39  1028.61
Mark_27         2460829.39123   0.00348   0.00117  -31.52   10.43  0.00158  0.00119 -0.00310  0.00116  1040.67  1083.49  1041.18   984.10  1088.74  1029.11   989.30  1028.69
Mark_27         2460829.39181   0.00336   0.00119    1.34   11.13  0.00335  0.00119  0.00016  0.00116  1040.58  1083.57  1041.09   984.17  1088.67  1029.17   989.25  1028.75
Mark_27         2460829.39238   0.00571   0.00119   -1.61    6.15  0.00570  0.00119 -0.00032  0.00117  1040.93  1083.80  1041.44   984.41  1088.94  1029.34   989.51  1028.94
Mark_27         2460829.39296   0.00350   0.00119  -11.96   10.62  0.00320  0.00120 -0.00142  0.00117  1040.94  1084.06  1041.45   984.66  1089.01  1029.66   989.58  1029.25
Mark_27         2460829.39354   0.00396   0.00120  -16.35    9.23  0.00333  0.00120 -0.00214  0.00118  1040.46  1083.64  1040.98   984.24  1088.60  1029.23   989.15  1028.83
Mark_29         2460426.34110   0.00361   0.00206   27.16   20.84  0.00210  0.00210  0.00293  0.00204  1029.24  1076.88  1029.58   977.32  1075.74  1022.69   976.47  1022.14
Mark_29         2460426.34125   0.00180   0.00212  -70.18   61.44 -0.00139  0.00214 -0.00115  0.00208  1028.14  1078.39  1025.81   978.68  1073.81  1025.78   977.01  1022.94
Mark_29         2460426.34140   0.00133   0.00205   13.75   61.44  0.00118  0.00206  0.00062  0.00201  1028.02  1080.24  1028.83   981.10  1076.39  1024.75   977.18  1024.25
Mark_29         2460426.34155   0.00593   0.00212   37.23   11.24  0.00159  0.00214  0.00571  0.00212  1034.20  1080.83  1031.96   981.38  1078.08  1026.37   979.00  1025.40
Mark_29         2460426.34170   0.00532   0.00213   15.91   12.91  0.00452  0.00214  0.00280  0.00211  1030.97  1082.80  1031.73   981.50  1077.11  1025.16   977.46  1026.80
Mark_29         2460426.34185   0.00364   0.00206   23.01   20.61  0.00253  0.00210  0.00262  0.00203  1029.96  1079.40  1030.69   980.03  1077.30  1024.91   977.99  1024.42
Mark_29         2460426.34200   0.00118   0.00205   16.98   61.44  0.00098  0.00206  0.00066  0.00204  1030.61  1078.20  1031.24   978.71  1077.50  1023.70   978.02  1023.10
Mark_29         2460426.34215   0.00331   0.00209  -11.60   24.29  0.00304  0.00210 -0.00130  0.00204  1028.70  1078.72  1029.27   979.40  1076.46  1023.97   977.29  1023.38
Mark_29         2460426.34230   0.00491   0.00204  -26.35   13.50  0.00298  0.00207 -0.00391  0.00202  1027.91  1081.18  1028.72   981.82  1075.92  1026.14   976.48  1025.67
Mark_29         2460426.33890   0.00580   0.00129   16.06    6.58  0.00491  0.00129  0.00308  0.00127  1033.56  1080.95  1034.19   981.64  1081.23  1025.86   981.65  1025.12
Mark_29         2460426.33910   0.00785   0.00128   18.12    4.75  0.00633  0.00128  0.00464  0.00126  1035.06  1080.41  1035.57   980.93  1082.79  1025.17   983.42  1024.39
Mark_29         2460426.33929   0.00535   0.00135   81.34    7.55 -0.00511  0.00135  0.00159  0.00133  1035.23  1081.18  1035.08   983.87  1080.24  1029.85   980.64  1026.27
Mark_29         2460426.33949   0.01145   0.00134   36.83    3.38  0.00322  0.00135  0.01099  0.00134  1033.19  1084.81  1033.18   981.95  1075.09  1029.84   979.13  1026.20
Mark_29         2460426.33969   0.00513   0.00126   35.79    7.32  0.00162  0.00128  0.00487  0.00125  1029.91  1081.01  1030.58   981.62  1077.20  1026.91   977.85  1026.31
Mark_29         2460426.33988   0.00678   0.00126   10.02    5.44  0.00637  0.00126  0.00232  0.00124  1028.74  1079.71  1029.29   980.27  1075.36  1025.05   975.91  1024.52
Mark_29         2460426.34008   0.01236   0.00125    3.55    2.93  0.01227  0.00125  0.00153  0.00124  1029.39  1080.28  1030.03   980.81  1076.43  1025.41   977.14  1024.85
Mark_29         2460426.34028   0.01422   0.00127   38.56    2.57  0.00317  0.00128  0.01387  0.00127  1029.16  1072.80  1029.27   978.75  1076.07  1024.18   976.68  1023.67
Mark_29         2460426.34047   0.00772   0.00125   22.25    4.73  0.00550  0.00126  0.00541  0.00124  1027.01  1077.38  1027.47   977.79  1074.83  1022.17   975.44  1021.59
Mark_29B        2460426.33890   0.00580   0.00129   16.06    6.58  0.00491  0.00129  0.00308  0.00127  1033.56  1080.95  1034.19   981.64  1081.23  1025.86   981.65  1025.12
Mark_29B        2460426.33910   0.00785   0.00128   18.12    4.75  0.00633  0.00128  0.00464  0.00126  1035.06  1080.41  1035.57   980.93  1082.79  1025.17   983.42  1024.39
Mark_29B        2460426.33929   0.00535   0.00135   81.34    7.55 -0.00511  0.00135  0.00159  0.00133  1035.23  1081.18  1035.08   983.87  1080.24  1029.85   980.64  1026.27
Mark_29B        2460426.33949   0.01145   0.00134   36.83    3.38  0.00322  0.00135  0.01099  0.00134  1033.19  1084.81  1033.18   981.95  1075.09  1029.84   979.13  1026.20
Mark_29B        2460426.33969   0.00513   0.00126   35.79    7.32  0.00162  0.00128  0.00487  0.00125  1029.91  1081.01  1030.58   981.62  1077.20  1026.91   977.85  1026.31
Mark_29B        2460426.33988   0.00678   0.00126   10.02    5.44  0.00637  0.00126  0.00232  0.00124  1028.74  1079.71  1029.29   980.27  1075.36  1025.05   975.91  1024.52
Mark_29B        2460426.34008   0.01236   0.00125    3.55    2.93  0.01227  0.00125  0.00153  0.00124  1029.39  1080.28  1030.03   980.81  1076.43  1025.41   977.14  1024.85
Mark_29B        2460426.34028   0.00359   0.00128   14.02   11.16  0.00317  0.00128  0.00169  0.00126  1028.66  1078.38  1029.27   978.75  1076.07  1024.18   976.68  1023.67
Mark_29B        2460426.34047   0.00772   0.00125   22.25    4.73  0.00550  0.00126  0.00541  0.00124  1027.01  1077.38  1027.47   977.79  1074.83  1022.17   975.44  1021.59
Mark_30         2460432.37774   0.00143   0.00330  -44.36   61.44  0.00003  0.00336 -0.00143  0.00330  1030.70  1081.25  1031.37   981.79  1077.44  1026.51   978.03  1025.95
Mark_30         2460432.37815   0.00491   0.00249   29.62   17.57  0.00251  0.00252  0.00422  0.00247  1030.28  1080.89  1030.87   981.38  1076.96  1026.23   977.53  1025.70
Mark_30         2460432.37855   0.01142   0.00281   -3.68    7.36  0.01132  0.00281 -0.00146  0.00276  1030.95  1080.94  1031.51   981.44  1077.46  1026.37   978.11  1025.81
Mark_30         2460432.37896   0.00806   0.00221   12.77    8.28  0.00727  0.00222  0.00347  0.00217  1030.79  1081.65  1031.38   982.19  1077.62  1027.07   978.21  1026.58
Mark_30         2460432.37936   0.00557   0.00209    6.88   11.91  0.00541  0.00209  0.00133  0.00205  1031.16  1081.81  1031.74   982.42  1077.85  1027.20   978.45  1026.67
Mark_30         2460432.37977   0.00746   0.00212    0.44    8.61  0.00746  0.00212  0.00011  0.00208  1031.29  1081.34  1031.90   981.91  1077.94  1026.73   978.47  1026.21
Mark_30         2460432.38017   0.00906   0.00287   -1.77    9.75  0.00905  0.00287 -0.00056  0.00281  1030.51  1081.61  1031.09   982.21  1077.24  1026.91   977.80  1026.42
Mark_30         2460432.38058   0.01212   0.00451    7.32   11.81  0.01173  0.00452  0.00306  0.00447  1030.80  1081.38  1031.45   981.93  1077.47  1026.71   978.11  1026.19
Mark_30         2460432.38098   0.00407   0.00190    8.99   15.74  0.00387  0.00190  0.00126  0.00187  1031.04  1081.65  1031.61   982.22  1077.84  1027.07   978.38  1026.50
Mark_30         2460432.38144   0.00834   0.00176   -3.46    6.24  0.00828  0.00176 -0.00101  0.00173  1030.76  1081.39  1031.41   982.01  1077.32  1026.83   977.87  1026.31
Mark_30         2460432.38184   0.00457   0.00188  -17.78   13.38  0.00372  0.00190 -0.00266  0.00185  1030.92  1081.18  1031.46   981.71  1077.64  1026.48   978.26  1025.97
Mark_30         2460432.38225   0.00305   0.00321    8.39   61.44  0.00292  0.00321  0.00088  0.00316  1030.36  1081.39  1030.96   981.92  1077.16  1026.69   977.75  1026.21
Mark_33         2460461.41657   0.00460   0.00194  -10.17   13.78  0.00432  0.00195 -0.00160  0.00190  1034.33  1085.83  1034.66   986.47  1080.51  1031.15   981.09  1030.93
Mark_33         2460461.41692   0.00560   0.00194   -8.74   10.83  0.00534  0.00194 -0.00168  0.00190  1034.58  1085.76  1034.87   986.35  1080.65  1031.15   981.28  1030.85
Mark_33         2460461.41727   0.00473   0.00195    1.51   13.43  0.00472  0.00195  0.00025  0.00191  1034.51  1086.16  1034.81   986.71  1080.60  1031.49   981.19  1031.22
Mark_33         2460461.41762   0.00420   0.00236   23.51   20.38  0.00286  0.00239  0.00307  0.00233  1034.77  1086.44  1035.14   987.10  1080.99  1031.91   981.62  1031.66
Mark_33         2460461.41797   0.00370   0.00264   56.60   61.44 -0.00146  0.00270  0.00340  0.00262  1034.79  1086.21  1035.18   986.78  1080.98  1031.43   981.60  1031.20
Mark_33         2460461.41832   0.00318   0.00193  -25.72   22.82  0.00199  0.00196 -0.00249  0.00192  1034.43  1086.45  1034.86   986.98  1080.66  1031.72   981.22  1031.43
Mark_33         2460461.41867   0.00386   0.00197   -9.56   17.73  0.00365  0.00197 -0.00127  0.00192  1034.30  1086.21  1034.62   986.79  1080.44  1031.45   980.97  1031.25
Mark_33         2460461.41902   0.00237   0.00197  -12.40   61.44  0.00215  0.00198 -0.00099  0.00192  1034.11  1085.86  1034.52   986.51  1080.34  1031.09   980.96  1030.85
Mark_34         2460426.34749   0.00288   0.00118  -53.59   13.32 -0.00085  0.00120 -0.00276  0.00118  1025.47  1080.09  1026.11   980.63  1070.99  1025.11   971.53  1024.57
Mark_34         2460426.34765   0.00255   0.00120    3.09   15.87  0.00254  0.00120  0.00027  0.00118  1026.72  1079.92  1027.31   980.46  1071.85  1025.31   972.42  1024.84
Mark_34         2460426.34781   0.00257   0.00120   26.22   15.69  0.00157  0.00121  0.00204  0.00119  1028.69  1078.18  1029.36   978.64  1074.34  1023.72   974.91  1023.19
Mark_34         2460426.34797   0.00190   0.00120    4.76   24.39  0.00187  0.00120  0.00031  0.00118  1031.88  1076.97  1032.54   977.46  1076.34  1022.73   976.98  1022.12
Mark_34         2460426.34814   0.00101   0.00120    9.16   61.44  0.00096  0.00120  0.00032  0.00118  1030.16  1082.67  1030.80   983.31  1075.82  1028.17   976.43  1027.63
Mark_34         2460426.34830   0.00401   0.00119   26.42    9.09  0.00242  0.00121  0.00320  0.00119  1030.43  1083.21  1031.09   983.94  1075.36  1028.86   976.07  1028.46
Mark_34         2460426.34846   0.00259   0.00121   15.22   15.79  0.00223  0.00122  0.00131  0.00120  1029.48  1082.89  1030.05   983.51  1073.87  1027.90   974.49  1027.33
Mark_34         2460426.34862   0.00227   0.00121   -5.82   18.87  0.00222  0.00121 -0.00046  0.00119  1030.41  1081.69  1031.11   982.16  1074.93  1027.47   975.57  1026.96
Mark_35         2460438.30932   0.00758   0.00227   11.90    9.13  0.00693  0.00228  0.00306  0.00222  1027.90  1081.73  1028.44   982.29  1073.96  1027.11   974.50  1026.58
Mark_35         2460438.30961   0.00705   0.00224   16.56    9.77  0.00591  0.00226  0.00385  0.00220  1028.46  1082.20  1029.12   982.73  1074.59  1027.67   975.15  1027.13
Mark_35         2460438.30990   0.00565   0.00224   -3.37   12.77  0.00561  0.00224 -0.00066  0.00219  1028.40  1081.94  1028.99   982.47  1074.30  1027.20   974.89  1026.68
Mark_35         2460438.31019   0.00486   0.00225    1.18   15.56  0.00485  0.00225  0.00020  0.00220  1028.49  1082.32  1029.07   982.92  1074.07  1027.87   974.68  1027.26
Mark_35         2460438.31047   0.00392   0.00223    3.48   20.69  0.00389  0.00223  0.00047  0.00218  1028.11  1082.51  1028.70   983.12  1074.06  1028.01   974.63  1027.43
Mark_35         2460438.31076   0.00441   0.00218   33.92   17.01  0.00166  0.00224  0.00408  0.00217  1028.52  1081.75  1029.18   982.31  1074.26  1027.29   974.79  1026.73
Mark_35         2460438.31105   0.00320   0.00217   49.61   27.23 -0.00051  0.00222  0.00315  0.00217  1028.10  1082.19  1028.73   982.78  1073.86  1027.51   974.38  1027.04
Mark_35         2460438.31134   0.00943   0.00222    4.55    7.01  0.00931  0.00222  0.00149  0.00216  1027.88  1082.14  1028.47   982.72  1073.96  1027.56   974.49  1027.07
Mark_35         2460438.31163   0.00167   0.00222   -2.55   61.44  0.00167  0.00222 -0.00015  0.00215  1027.94  1081.89  1028.53   982.49  1073.71  1027.28   974.28  1026.76
Mark_36         2460459.36552   0.00293   0.00210   41.48   61.44  0.00036  0.00217  0.00291  0.00210  1031.61  1083.94  1032.03   984.46  1077.37  1029.46   978.03  1029.11
Mark_36         2460459.36589   0.00060   0.00215   15.54   61.44  0.00051  0.00217  0.00031  0.00211  1031.69  1083.37  1032.07   983.95  1077.57  1029.48   978.19  1028.33
Mark_36         2460459.36626   0.00416   0.00216  -13.99   18.22  0.00367  0.00217 -0.00195  0.00212  1031.41  1083.25  1031.82   983.83  1077.39  1028.67   977.98  1028.44
Mark_36         2460459.36663   0.00557   0.00217   -5.14   12.51  0.00548  0.00217 -0.00099  0.00212  1031.51  1083.54  1031.92   984.16  1077.55  1028.94   978.26  1028.56
Mark_36         2460459.36700   0.00350   0.00222    9.19   24.38  0.00332  0.00222  0.00110  0.00217  1031.53  1083.46  1031.95   984.08  1076.94  1028.87   977.56  1028.54
Mark_36         2460459.36737   0.00281   0.00217  -50.71   61.44 -0.00056  0.00223 -0.00276  0.00217  1032.42  1083.46  1032.75   984.11  1078.28  1029.10   978.93  1028.79
Mark_36         2460459.36774   0.00112   0.00225   -6.24   61.44  0.00109  0.00225 -0.00024  0.00217  1031.18  1083.92  1031.56   984.44  1076.97  1029.49   977.59  1029.24
Mark_36         2460459.36811   0.00296   0.00223  -21.32   61.44  0.00218  0.00226 -0.00200  0.00219  1031.48  1083.81  1031.94   984.44  1077.41  1029.66   978.01  1029.30
Mark_41         2460459.31309   0.00159   0.00203   25.01   61.44  0.00102  0.00206  0.00122  0.00200  1030.17  1081.29  1030.48   981.82  1075.85  1026.82   976.49  1026.50
Mark_41         2460459.31340   0.00532   0.00202   28.26   12.06  0.00294  0.00205  0.00444  0.00200  1030.39  1081.43  1030.81   981.97  1076.17  1026.97   976.79  1026.67
Mark_41         2460459.31373   0.00550   0.00202  -25.75   11.65  0.00342  0.00206 -0.00430  0.00200  1029.63  1081.81  1030.07   982.42  1075.67  1027.23   976.34  1026.85
Mark_41         2460459.31404   0.00042   0.00201  -60.88   61.44 -0.00022  0.00205 -0.00036  0.00200  1030.37  1081.74  1030.71   982.32  1075.66  1027.14   976.35  1026.79
Mark_41         2460459.31435   0.00856   0.00204   18.34    7.09  0.00687  0.00206  0.00511  0.00200  1029.79  1081.33  1030.18   981.86  1075.58  1026.75   976.23  1026.37
Mark_41         2460459.31466   0.00239   0.00205   13.69   61.44  0.00212  0.00206  0.00110  0.00200  1030.05  1081.15  1030.42   981.64  1075.82  1026.80   976.41  1026.48
Mark_41         2460459.31498   0.00184   0.00202   24.77   61.44  0.00120  0.00206  0.00140  0.00200  1030.12  1081.38  1030.47   981.90  1075.69  1026.97   976.35  1026.63
Mark_41         2460459.31529   0.00270   0.00205    6.24   61.44  0.00264  0.00206  0.00058  0.00200  1029.88  1081.47  1030.29   982.06  1075.69  1027.11   976.34  1026.78
Mark_43         2460426.35697   0.00531   0.00570  -46.71   61.44 -0.00032  0.00618 -0.00530  0.00570  1028.01  1084.61  1028.47   985.22  1072.99  1030.21   973.71  1029.66
Mark_43         2460426.35718   0.00732   0.00595    6.13   61.44  0.00716  0.00596  0.00156  0.00569  1029.29  1085.34  1029.51   986.30  1074.08  1031.14   974.55  1030.44
Mark_43         2460426.35738   0.01770   0.00592  -32.31   10.40  0.00759  0.00623 -0.01599  0.00585  1027.99  1083.30  1028.58   983.83  1073.33  1028.91   974.00  1028.40
Mark_43         2460426.35787   0.00987   0.00638   -5.37   25.14  0.00970  0.00640 -0.00184  0.00593  1029.27  1085.36  1029.71   986.18  1074.02  1031.06   975.10  1030.35
Mark_43         2460426.35808   0.01033   0.00570  -23.84   19.83  0.00696  0.00593 -0.00764  0.00550  1028.64  1084.88  1029.20   985.54  1074.07  1030.14   974.62  1029.81
Mark_43         2460426.35829   0.01548   0.00584  -78.81   11.99 -0.01431  0.00588 -0.00589  0.00556  1028.67  1083.63  1029.22   984.24  1073.57  1030.50   974.40  1028.77
Mark_43         2460426.35867   0.01991   0.00550  -35.60    8.35  0.00642  0.00576 -0.01885  0.00547  1028.80  1085.17  1029.40   985.98  1073.74  1030.65   974.31  1030.22
Mark_44         2460438.44095   0.00367   0.00255   16.39   28.19  0.00309  0.00257  0.00199  0.00251  1030.50  1081.88  1031.16   982.43  1076.70  1027.11   977.29  1026.53
Mark_44         2460438.44122   0.00522   0.00256   17.73   16.85  0.00425  0.00258  0.00303  0.00252  1031.20  1081.89  1031.80   982.52  1077.45  1027.21   978.11  1026.65
Mark_44         2460438.44148   0.00224   0.00258  -23.40   61.44  0.00153  0.00261 -0.00163  0.00255  1031.55  1082.33  1032.16   982.88  1077.58  1027.87   978.17  1027.36
Mark_44         2460438.44175   0.00552   0.00256   -5.91   15.55  0.00541  0.00256 -0.00113  0.00250  1031.40  1081.82  1031.94   982.44  1077.46  1027.19   978.03  1026.64
Mark_44         2460438.44201   0.00131   0.00253  -39.74   61.44  0.00024  0.00259 -0.00129  0.00253  1031.35  1081.90  1031.93   982.50  1077.52  1027.23   978.21  1026.60
Mark_44         2460438.44228   0.00426   0.00255  -29.72   22.32  0.00216  0.00259 -0.00367  0.00253  1030.97  1082.18  1031.56   982.75  1077.25  1027.48   977.84  1026.98
Mark_44         2460438.44255   0.00222   0.00254   61.96   61.44 -0.00124  0.00258  0.00184  0.00252  1030.64  1082.38  1031.30   982.92  1076.84  1027.89   977.39  1027.38
Mark_44         2460438.44281   0.00224   0.00254   14.76   61.44  0.00195  0.00256  0.00110  0.00250  1030.96  1081.96  1031.56   982.47  1077.07  1027.47   977.66  1026.91
Mark_44         2460438.44308   0.00390   0.00257    0.85   25.87  0.00390  0.00257  0.00012  0.00251  1030.15  1081.97  1030.74   982.49  1076.45  1027.45   976.98  1026.84
Mark_44         2460438.44359   0.00597   0.00255    1.11   13.99  0.00596  0.00255  0.00023  0.00250  1031.15  1082.16  1031.77   982.70  1077.29  1027.37   977.90  1026.82
Mark_44         2460438.44385   0.00265   0.00251  -32.79   61.44  0.00110  0.00256 -0.00242  0.00249  1031.10  1081.76  1031.71   982.33  1077.34  1027.10   977.91  1026.54
Mark_44         2460438.44412   0.00177   0.00256   76.36   61.44 -0.00157  0.00257  0.00081  0.00251  1031.04  1081.83  1031.66   982.41  1077.15  1027.11   977.74  1026.55
Mark_44         2460438.44439   0.00099   0.00253   62.65   61.44 -0.00057  0.00258  0.00081  0.00251  1031.42  1081.58  1031.99   982.13  1077.61  1026.99   978.22  1026.52
Mark_44         2460438.44465   0.00074   0.00252  -43.26   61.44  0.00004  0.00258 -0.00074  0.00252  1030.94  1082.35  1031.53   982.91  1077.00  1027.84   977.55  1027.32
Mark_44         2460438.44492   0.00156   0.00259    4.46   61.44  0.00154  0.00260  0.00024  0.00253  1031.35  1082.10  1031.95   982.66  1077.48  1027.58   978.10  1026.98
Mark_44         2460438.44519   0.00316   0.00261   10.04   61.44  0.00297  0.00262  0.00109  0.00256  1031.03  1081.31  1031.59   981.84  1077.27  1026.59   977.84  1026.09
Mark_44         2460438.44545   0.00209   0.00257   30.95   61.44  0.00098  0.00261  0.00184  0.00256  1031.40  1082.47  1032.09   983.07  1077.51  1027.93   978.04  1027.45
Mark_44         2460438.44572   0.00486   0.00262   -0.84   19.17  0.00486  0.00262 -0.00014  0.00256  1031.43  1082.21  1032.00   982.77  1077.59  1027.52   978.22  1026.94
Mark_45         2460438.43650   0.00453   0.00090  -13.63    5.84  0.00402  0.00090 -0.00207  0.00088  1031.13  1082.22  1031.75   982.80  1077.32  1027.60   977.87  1027.09
Mark_45         2460438.43670   0.00232   0.00090  -16.85   12.37  0.00193  0.00090 -0.00129  0.00088  1031.53  1081.72  1032.14   982.26  1077.71  1027.15   978.32  1026.59
Mark_45         2460438.43690   0.00265   0.00090   -9.68   10.49  0.00250  0.00090 -0.00088  0.00088  1030.54  1081.15  1031.19   981.70  1076.56  1026.65   977.16  1026.16
Mark_45         2460438.43709   0.00310   0.00090   -9.35    8.79  0.00294  0.00090 -0.00099  0.00088  1030.92  1080.72  1031.48   981.24  1076.83  1025.96   977.39  1025.44
Mark_45         2460438.43729   0.00509   0.00090  -18.14    5.18  0.00410  0.00091 -0.00301  0.00089  1030.51  1080.15  1031.15   980.70  1076.68  1025.37   977.25  1024.82
Mark_45         2460438.43749   0.00477   0.00090   -6.24    5.57  0.00465  0.00090 -0.00103  0.00089  1030.04  1079.73  1030.62   980.28  1076.17  1025.28   976.73  1024.72
Mark_47         2460461.31236   0.00346   0.00221   46.54   24.62 -0.00019  0.00227  0.00345  0.00221  1031.12  1082.08  1031.41   982.58  1077.44  1027.55   978.08  1027.32
Mark_47         2460461.31271   0.00223   0.00223  -28.04   61.44  0.00124  0.00226 -0.00185  0.00221  1030.64  1082.71  1030.96   983.28  1077.05  1028.25   977.70  1027.98
Mark_47         2460461.31306   0.00792   0.00228   -5.17    8.73  0.00779  0.00228 -0.00142  0.00221  1030.64  1082.54  1030.99   983.11  1076.95  1028.02   977.58  1027.76
Mark_47         2460461.31340   0.00404   0.00223  -25.95   19.90  0.00249  0.00226 -0.00318  0.00221  1031.26  1083.31  1031.60   983.87  1077.51  1028.82   978.23  1028.52
Mark_47         2460461.31375   0.00194   0.00224   22.12   61.44  0.00139  0.00227  0.00136  0.00221  1031.64  1082.60  1032.02   983.18  1078.02  1028.08   978.68  1027.82
Mark_47         2460461.31410   0.00509   0.00225  -18.15   14.60  0.00410  0.00227 -0.00302  0.00220  1031.59  1082.47  1032.00   982.94  1077.97  1027.85   978.66  1027.59
Mark_47         2460461.31444   0.00270   0.00221   34.54   61.44  0.00096  0.00227  0.00253  0.00220  1030.97  1082.23  1031.37   982.76  1077.37  1027.65   977.94  1027.42
Mark_47         2460461.31479   0.00615   0.00226    7.16   11.64  0.00596  0.00227  0.00152  0.00220  1030.90  1082.85  1031.25   983.44  1077.39  1028.41   978.02  1028.11
Mark_47         2460461.31517   0.00243   0.00225  -13.14   61.44  0.00217  0.00226 -0.00107  0.00220  1032.00  1082.48  1032.40   982.95  1078.41  1027.83   979.05  1027.54
Mark_47         2460461.31552   0.00374   0.00226   -7.77   22.63  0.00360  0.00226 -0.00100  0.00220  1032.41  1082.21  1032.73   982.73  1078.71  1027.54   979.43  1027.31
Mark_47         2460461.31587   0.00492   0.00223   23.98   15.10  0.00330  0.00226  0.00365  0.00220  1031.93  1082.80  1032.29   983.35  1078.30  1028.20   978.96  1027.93
Mark_48         2460460.43118   0.00351   0.00214  -84.28   22.92 -0.00344  0.00214 -0.00070  0.00209  1034.29  1082.30  1034.78   982.95  1082.60  1027.51   983.17  1027.29
Mark_48         2460460.43154   0.00459   0.00212    7.59   15.53  0.00443  0.00212  0.00120  0.00209  1032.59  1083.50  1032.90   984.09  1080.68  1028.36   981.37  1028.13
Mark_48         2460460.43183   0.00125   0.00207  -45.30   61.44 -0.00001  0.00212 -0.00125  0.00207  1033.27  1082.71  1033.55   983.20  1081.35  1027.57   982.00  1027.35
Mark_48         2460460.43212   0.00033   0.00208  -62.94   61.44 -0.00019  0.00211 -0.00027  0.00206  1034.73  1082.25  1035.01   982.85  1082.46  1027.20   983.16  1026.91
Mark_48         2460460.43241   0.00168   0.00206  -64.82   61.44 -0.00107  0.00209 -0.00129  0.00204  1033.02  1083.00  1033.39   983.44  1081.07  1027.99   981.68  1027.73
Mark_48         2460460.43270   0.00196   0.00213   82.52   61.44 -0.00189  0.00213  0.00051  0.00208  1033.50  1082.02  1033.84   982.55  1081.64  1027.01   982.30  1026.79
Mark_48         2460460.43299   0.00462   0.00205   54.45   14.77 -0.00150  0.00210  0.00437  0.00205  1033.55  1083.69  1033.89   984.09  1081.46  1028.47   982.09  1028.23
Mark_48         2460460.43328   0.00402   0.00206   52.59   17.82 -0.00105  0.00210  0.00388  0.00205  1032.83  1083.25  1033.12   983.85  1080.49  1028.48   981.17  1028.17
Mark_48         2460460.43360   0.00098   0.00210    3.91   61.44  0.00097  0.00210  0.00013  0.00205  1033.56  1082.41  1033.91   982.87  1081.45  1027.57   982.09  1027.34
Mark_48         2460460.43389   0.00169   0.00204  -30.75   61.44  0.00080  0.00208 -0.00148  0.00203  1033.19  1083.12  1033.58   983.66  1081.14  1028.14   981.75  1027.88
Mark_48         2460460.43418   0.00703   0.00207   18.95    8.96  0.00555  0.00208  0.00432  0.00204  1033.10  1082.82  1033.39   983.33  1080.93  1027.62   981.51  1027.42
Mark_51         2460461.37969   0.00188   0.00213  -25.56   61.44  0.00118  0.00217 -0.00146  0.00210  1032.84  1081.06  1033.20   981.56  1078.99  1026.54   979.60  1026.23
Mark_51         2460461.38007   0.00138   0.00213   63.00   61.44 -0.00081  0.00217  0.00112  0.00210  1033.38  1081.20  1033.72   981.73  1079.47  1026.63   980.09  1026.36
Mark_51         2460461.38046   0.00293   0.00217   -0.04   61.44  0.00293  0.00217 -0.00000  0.00210  1033.67  1080.58  1034.03   981.13  1079.89  1025.93   980.48  1025.69
Mark_51         2460461.38097   0.00539   0.00218    1.31   13.08  0.00538  0.00218  0.00025  0.00211  1033.04  1080.67  1033.44   981.21  1079.32  1026.15   979.93  1025.89
Mark_51         2460461.38137   0.00463   0.00216  -15.33   15.73  0.00398  0.00218 -0.00236  0.00211  1033.15  1080.32  1033.44   980.81  1079.36  1025.76   979.93  1025.45
Mark_51         2460461.38175   0.00282   0.00213  -23.78   61.44  0.00190  0.00217 -0.00208  0.00211  1033.71  1080.61  1034.09   981.16  1079.95  1026.03   980.53  1025.74
Mark_51         2460461.38213   0.00624   0.00216  -20.96   10.79  0.00464  0.00219 -0.00417  0.00212  1033.37  1080.39  1033.78   980.89  1079.67  1025.78   980.33  1025.46
Mark_51         2460461.38251   0.00651   0.00216  -10.50   10.26  0.00608  0.00217 -0.00233  0.00209  1033.09  1081.45  1033.41   981.96  1079.32  1026.85   979.93  1026.56
Mark_53         2460461.42067   0.00345   0.00230  -44.71   26.35  0.00004  0.00236 -0.00345  0.00230  1035.18  1083.42  1035.50   984.01  1081.05  1028.79   981.65  1028.48
Mark_53         2460461.42109   0.00729   0.00299  -29.36   13.30  0.00378  0.00304 -0.00623  0.00297  1035.13  1082.95  1035.52   983.49  1081.12  1028.24   981.77  1027.99
Mark_53         2460461.42150   0.00619   0.00271  -37.57   14.46  0.00159  0.00278 -0.00598  0.00270  1035.59  1082.47  1035.97   983.09  1081.58  1027.91   982.29  1027.61
Mark_53         2460461.42192   0.00342   0.00224    4.28   25.64  0.00338  0.00224  0.00051  0.00216  1035.89  1082.10  1036.23   982.66  1081.95  1027.47   982.59  1027.27
Mark_53         2460461.42234   0.00462   0.00223    2.18   16.45  0.00461  0.00223  0.00035  0.00216  1036.48  1082.00  1036.82   982.57  1082.45  1027.43   983.03  1027.13
Mark_53         2460461.42295   0.00390   0.00223  -20.19   20.85  0.00297  0.00225 -0.00252  0.00219  1035.57  1083.40  1035.94   983.98  1081.71  1028.77   982.42  1028.47
Mark_53         2460461.42337   0.00350   0.00222  -16.77   24.43  0.00292  0.00224 -0.00193  0.00218  1036.48  1083.65  1036.80   984.25  1082.60  1029.08   983.27  1028.78
Mark_53         2460461.42378   0.00340   0.00221   19.71   25.45  0.00262  0.00224  0.00216  0.00218  1036.40  1083.66  1036.74   984.27  1082.39  1029.08   983.11  1028.77
Mark_53         2460461.42422   0.00619   0.00221  -18.35   11.23  0.00496  0.00224 -0.00370  0.00216  1036.91  1083.25  1037.28   983.81  1083.09  1028.62   983.71  1028.39
Mark_53         2460461.42464   0.00443   0.00217  -33.47   16.81  0.00174  0.00223 -0.00408  0.00216  1036.25  1083.46  1036.57   984.08  1082.43  1028.90   983.04  1028.62
Mark_53         2460461.42506   0.00530   0.00222  -20.59   13.69  0.00399  0.00225 -0.00349  0.00219  1036.54  1083.66  1036.91   984.29  1082.67  1029.06   983.34  1028.74
Mark_54         2460461.35652   0.00324   0.00138   10.67   13.93  0.00302  0.00138  0.00118  0.00134  1031.79  1081.06  1032.18   981.58  1078.14  1026.46   978.69  1026.24
Mark_54         2460461.35675   0.00366   0.00139   -7.68   12.07  0.00353  0.00139 -0.00097  0.00135  1033.74  1080.68  1034.12   981.23  1080.03  1026.09   980.69  1025.83
Mark_54         2460461.35700   0.00226   0.00137   19.83   22.67  0.00174  0.00138  0.00144  0.00134  1033.46  1080.75  1033.87   981.32  1079.81  1026.16   980.42  1025.87
Mark_54         2460461.35723   0.00232   0.00138   -0.63   22.00  0.00232  0.00138 -0.00005  0.00134  1033.16  1080.70  1033.49   981.25  1079.41  1026.06   980.03  1025.80
Mark_54         2460461.35749   0.00426   0.00136   16.06    9.88  0.00361  0.00138  0.00227  0.00134  1033.23  1080.23  1033.58   980.77  1079.49  1025.67   980.15  1025.41
Mark_54         2460461.35773   0.00241   0.00138    8.12   20.93  0.00232  0.00139  0.00067  0.00135  1034.26  1080.62  1034.58   981.20  1080.56  1026.02   981.25  1025.74
Mark_54         2460461.35797   0.00248   0.00139  -10.76   20.16  0.00231  0.00139 -0.00091  0.00135  1033.61  1080.94  1033.96   981.54  1079.90  1026.34   980.55  1026.08
Mark_54         2460461.35822   0.00320   0.00136   27.32   13.91  0.00185  0.00139  0.00261  0.00135  1033.68  1081.16  1034.03   981.71  1079.98  1026.53   980.63  1026.29
Mark_55         2460438.32174   0.00488   0.00184    1.26   11.99  0.00488  0.00184  0.00022  0.00180  1030.60  1081.84  1031.15   982.43  1076.67  1027.36   977.15  1026.80
Mark_55         2460438.32197   0.00186   0.00182   72.13   61.44 -0.00151  0.00183  0.00109  0.00179  1030.23  1081.17  1030.87   981.72  1076.06  1026.60   976.63  1026.08
Mark_55         2460438.32220   0.00604   0.00181   31.41    9.13  0.00276  0.00183  0.00537  0.00180  1030.14  1080.38  1030.77   980.92  1075.69  1025.80   976.34  1025.29
Mark_55         2460438.32243   0.00316   0.00180   40.89   20.66  0.00045  0.00184  0.00313  0.00179  1033.16  1081.41  1033.77   982.04  1079.13  1027.02   979.73  1026.47
Mark_55         2460438.32266   0.00303   0.00181   27.84   22.33  0.00171  0.00184  0.00250  0.00180  1032.96  1080.96  1033.52   981.46  1078.82  1026.39   979.48  1025.84
Mark_55         2460438.32289   0.00433   0.00180   29.86   13.51  0.00218  0.00184  0.00374  0.00178  1032.71  1080.37  1033.36   980.90  1078.69  1025.63   979.23  1025.11
Mark_55         2460438.32313   0.00301   0.00182   12.28   22.73  0.00273  0.00183  0.00125  0.00178  1032.88  1081.62  1033.54   982.18  1078.67  1027.25   979.29  1026.71
Mark_55         2460438.32336   0.00198   0.00180   24.00   61.44  0.00132  0.00183  0.00147  0.00178  1033.10  1080.99  1033.71   981.51  1079.00  1026.42   979.62  1025.86
Mark_55         2460438.32359   0.00565   0.00179   47.46    9.77 -0.00049  0.00185  0.00563  0.00179  1032.66  1080.47  1033.29   981.07  1078.65  1025.84   979.32  1025.35
Mark_56         2460460.35547   0.00400   0.00138   -0.78   10.77  0.00400  0.00138 -0.00011  0.00135  1027.70  1080.74  1028.11   981.17  1075.31  1025.88   975.89  1025.59
Mark_56         2460460.35573   0.00149   0.00136   31.82   61.44  0.00066  0.00138  0.00133  0.00135  1027.57  1079.20  1028.05   979.61  1075.44  1024.66   975.98  1024.43
Mark_56         2460460.35598   0.00292   0.00138    0.77   15.96  0.00292  0.00138  0.00008  0.00134  1028.02  1080.32  1028.27   980.88  1075.98  1025.59   976.51  1025.35
Mark_56         2460460.35625   0.00255   0.00138    8.06   19.28  0.00245  0.00139  0.00071  0.00135  1027.77  1080.03  1028.12   980.50  1075.72  1025.31   976.31  1025.04
Mark_56         2460460.35649   0.00172   0.00136   30.28   61.44  0.00085  0.00138  0.00150  0.00135  1027.77  1079.95  1028.11   980.46  1075.35  1025.23   975.92  1024.90
Mark_56         2460460.35675   0.00179   0.00139  -10.47   61.44  0.00167  0.00139 -0.00064  0.00136  1028.01  1079.95  1028.42   980.46  1076.03  1025.40   976.56  1025.16
Mark_56         2460460.35701   0.00136   0.00138   -0.00   61.44  0.00136  0.00138 -0.00000  0.00135  1027.83  1080.15  1028.28   980.50  1075.72  1025.61   976.29  1025.32
Mark_56         2460460.35727   0.00287   0.00138   18.20   16.42  0.00231  0.00139  0.00170  0.00136  1027.48  1079.92  1027.89   980.47  1075.39  1025.14   976.05  1024.85
Mark_59         2460481.35005   0.00263   0.00164  -43.57   23.60  0.00013  0.00166 -0.00263  0.00164  1025.94  1079.15  1026.34   979.71  1073.34  1024.30   974.02  1024.00
Mark_59         2460481.35039   0.00517   0.00166    5.81    9.95  0.00506  0.00167  0.00104  0.00164  1026.10  1079.47  1026.47   980.10  1073.54  1024.63   974.19  1024.28
Mark_59         2460481.35074   0.00230   0.00168   -8.69   61.44  0.00220  0.00168 -0.00069  0.00166  1026.22  1079.42  1026.50   980.09  1073.89  1024.48   974.53  1024.26
Mark_59         2460481.35109   0.00617   0.00168   -9.36    8.21  0.00584  0.00168 -0.00198  0.00165  1026.70  1078.95  1027.09   979.48  1074.02  1024.25   974.72  1023.95
Mark_59         2460481.35144   0.00294   0.00168  -18.28   20.79  0.00236  0.00169 -0.00175  0.00166  1026.64  1079.72  1027.11   980.26  1074.36  1024.92   975.04  1024.59
Mark_59         2460481.35178   0.00392   0.00168   -0.16   14.11  0.00392  0.00168 -0.00002  0.00165  1026.94  1079.14  1027.31   979.72  1074.23  1024.40   974.92  1024.07
Mark_59         2460481.35213   0.00418   0.00167  -33.27   12.94  0.00166  0.00170 -0.00383  0.00167  1026.30  1079.31  1026.69   979.95  1073.92  1024.48   974.57  1024.21
Mark_59         2460481.35251   0.00480   0.00167  -25.17   10.94  0.00306  0.00169 -0.00369  0.00167  1025.93  1079.71  1026.28   980.41  1073.58  1024.91   974.33  1024.54
Mark_60         2460460.31385   0.00320   0.00113   -5.67   11.10  0.00314  0.00113 -0.00063  0.00111  1028.99  1080.00  1029.34   980.54  1076.69  1025.47   977.30  1025.14
Mark_60         2460460.31407   0.00721   0.00113    1.46    4.56  0.00720  0.00113  0.00037  0.00110  1030.45  1080.33  1030.90   980.82  1077.94  1025.57   978.52  1025.31
Mark_60         2460460.31429   0.00148   0.00112   19.87   61.44  0.00114  0.00113  0.00095  0.00110  1029.69  1079.85  1030.06   980.30  1077.40  1025.45   977.97  1025.10
Mark_60         2460460.31451   0.00245   0.00113   -2.22   15.45  0.00245  0.00113 -0.00019  0.00110  1029.15  1080.57  1029.46   981.15  1076.49  1026.13   977.12  1025.84
Mark_60         2460460.31499   0.00335   0.00112  -17.90   10.40  0.00271  0.00113 -0.00196  0.00110  1030.59  1080.90  1030.98   981.41  1077.98  1026.37   978.55  1026.05
Mark_60         2460460.31521   0.00188   0.00113    3.42   22.60  0.00186  0.00113  0.00022  0.00111  1028.44  1081.41  1028.89   981.92  1075.66  1026.64   976.27  1026.38
Mark_60         2460460.31543   0.00398   0.00113    2.53    8.61  0.00397  0.00113  0.00035  0.00110  1029.88  1080.33  1030.23   980.89  1077.19  1025.82   977.77  1025.57
Mark_60         2460460.31565   0.00076   0.00113  -10.06   61.44  0.00071  0.00113 -0.00026  0.00110  1029.57  1079.44  1029.99   980.03  1077.19  1024.74   977.77  1024.48
Mark_64         2460460.34462   0.00074   0.00163  -18.19   61.44  0.00059  0.00164 -0.00044  0.00161  1025.84  1080.31  1026.12   980.83  1073.45  1025.84   974.05  1025.56
Mark_64         2460460.34487   0.00201   0.00164   -0.30   61.44  0.00201  0.00164 -0.00002  0.00161  1026.11  1081.23  1026.44   981.74  1073.73  1026.65   974.32  1026.37
Mark_64         2460460.34523   0.00582   0.00163   20.76    8.50  0.00436  0.00165  0.00386  0.00162  1025.84  1081.70  1026.17   982.17  1073.97  1026.96   974.50  1026.67
Mark_64         2460460.34549   0.00429   0.00165   19.44   12.30  0.00334  0.00166  0.00269  0.00163  1026.12  1081.32  1026.51   981.85  1073.57  1026.51   974.15  1026.24
Mark_64         2460460.34575   0.00257   0.00166   10.00   25.06  0.00242  0.00167  0.00088  0.00163  1026.46  1081.57  1026.83   982.10  1074.31  1026.81   974.94  1026.48
Mark_64         2460460.34609   0.00459   0.00166   18.81   11.42  0.00363  0.00167  0.00280  0.00164  1026.12  1081.91  1026.51   982.56  1073.77  1027.24   974.38  1026.96
Mark_64         2460460.34634   0.00535   0.00166   -5.28    9.53  0.00526  0.00166 -0.00098  0.00163  1026.68  1081.60  1027.01   982.03  1074.59  1027.16   975.17  1026.84
Mark_64         2460460.34660   0.00265   0.00166    7.34   23.98  0.00256  0.00166  0.00067  0.00163  1026.30  1081.81  1026.71   982.38  1074.33  1027.29   974.89  1026.93
Mark_65         2460431.28039   0.00426   0.00242   36.09   20.78  0.00130  0.00247  0.00405  0.00242  1031.17  1081.92  1031.81   982.48  1078.69  1027.23   979.38  1026.65
Mark_65         2460431.28069   0.00433   0.00230   31.03   18.76  0.00203  0.00235  0.00382  0.00228  1031.20  1081.71  1031.80   982.27  1078.67  1026.75   979.29  1026.22
Mark_65         2460431.28100   0.00449   0.00244   33.08   19.44  0.00181  0.00248  0.00411  0.00243  1031.11  1081.60  1031.70   982.10  1078.18  1026.72   978.81  1026.23
Mark_65         2460431.28130   0.00406   0.00229   31.69   20.51  0.00182  0.00233  0.00363  0.00228  1030.74  1081.57  1031.35   982.03  1078.52  1026.64   979.19  1026.17
Mark_65         2460431.28160   0.00492   0.00234   26.74   16.12  0.00293  0.00237  0.00395  0.00232  1030.89  1082.04  1031.49   982.51  1078.45  1027.38   979.12  1026.89
Mark_65         2460431.28190   0.00710   0.00235   13.01   10.26  0.00638  0.00236  0.00312  0.00231  1030.73  1081.88  1031.28   982.40  1078.41  1027.04   978.97  1026.51
Mark_65         2460431.28220   0.00334   0.00232   35.47   28.24  0.00109  0.00238  0.00316  0.00232  1031.72  1081.16  1032.34   981.72  1078.60  1026.53   979.23  1026.05
Mark_65         2460431.28250   0.00712   0.00239   17.95   10.42  0.00577  0.00240  0.00417  0.00235  1031.41  1081.87  1032.13   982.39  1079.19  1027.41   979.80  1026.89
Mark_66         2460460.42272   0.00380   0.00220   70.96   21.19 -0.00300  0.00222  0.00235  0.00216  1032.77  1082.55  1033.04   982.95  1080.10  1027.80   980.70  1027.52
Mark_66         2460460.42304   0.00307   0.00220  -72.53   61.44 -0.00251  0.00221 -0.00176  0.00216  1032.46  1083.43  1032.78   983.91  1080.23  1028.66   980.86  1028.41
Mark_66         2460460.42339   0.00335   0.00221    9.68   25.87  0.00316  0.00221  0.00111  0.00216  1032.22  1083.71  1032.63   984.17  1079.77  1028.75   980.38  1028.53
Mark_66         2460460.42373   0.00378   0.00223   81.12   21.82 -0.00360  0.00223  0.00115  0.00217  1032.28  1083.25  1032.60   983.69  1080.18  1028.52   980.74  1028.31
Mark_66         2460460.42441   0.00443   0.00223    0.27   17.47  0.00443  0.00223  0.00004  0.00218  1030.61  1082.12  1031.00   982.60  1078.59  1027.05   979.19  1026.78
Mark_66         2460460.42598   0.00620   0.00218   41.21   11.00  0.00082  0.00225  0.00614  0.00217  1031.67  1080.18  1031.97   980.73  1079.34  1025.35   979.96  1025.12
Mark_66         2460460.42632   0.00314   0.00219   63.86   28.36 -0.00192  0.00223  0.00249  0.00217  1031.45  1080.54  1031.84   980.94  1079.39  1025.69   979.95  1025.44
Mark_66         2460460.42666   0.00306   0.00223   15.92   61.44  0.00260  0.00225  0.00161  0.00218  1031.20  1080.01  1031.54   980.44  1079.22  1025.10   979.75  1024.80
Mark_66         2460460.42699   0.00427   0.00218   42.46   17.71  0.00038  0.00224  0.00426  0.00218  1031.79  1080.44  1032.00   980.87  1079.61  1025.67   980.14  1025.40
Mark_66         2460460.42733   0.00065   0.00226   85.92   61.44 -0.00064  0.00226  0.00009  0.00220  1031.89  1081.07  1032.19   981.50  1079.59  1026.04   980.19  1025.77
Mark_66         2460460.42766   0.00424   0.00220   47.69   18.23 -0.00040  0.00226  0.00422  0.00220  1030.87  1081.22  1031.22   981.63  1078.81  1026.32   979.37  1026.05
Mark_67         2460459.40208   0.00513   0.00234   18.65   15.27  0.00408  0.00237  0.00311  0.00230  1032.51  1081.78  1032.87   982.36  1078.46  1027.47   979.07  1027.09
Mark_67         2460459.40238   0.00557   0.00228    2.57   13.26  0.00554  0.00228  0.00050  0.00222  1032.31  1081.18  1032.69   981.73  1078.05  1026.69   978.66  1026.44
Mark_67         2460459.40269   0.00263   0.00221   33.86   61.44  0.00100  0.00228  0.00244  0.00220  1032.94  1081.07  1033.36   981.62  1078.75  1026.73   979.40  1026.41
Mark_67         2460459.40299   0.00377   0.00221   19.82   21.60  0.00291  0.00224  0.00241  0.00217  1032.26  1081.72  1032.62   982.31  1078.29  1027.32   978.93  1026.98
Mark_67         2460459.40329   0.00352   0.00221   13.82   24.10  0.00312  0.00223  0.00163  0.00216  1033.16  1081.53  1033.53   982.05  1079.29  1026.73   979.88  1026.51
Mark_67         2460459.40359   0.00519   0.00219   37.47   13.75  0.00135  0.00224  0.00501  0.00218  1032.58  1081.57  1032.92   982.15  1078.43  1027.12   979.06  1026.81
Mark_67         2460459.40389   0.00304   0.00220   27.02   61.44  0.00178  0.00225  0.00246  0.00218  1032.52  1080.95  1032.94   981.46  1078.81  1026.43   979.48  1026.13
Mark_67         2460459.40419   0.00181   0.00222   19.32   61.44  0.00142  0.00225  0.00113  0.00217  1032.76  1081.47  1033.18   982.09  1079.08  1027.12   979.70  1026.78
Mark_67         2460459.40449   0.00243   0.00225  -14.02   61.44  0.00215  0.00226 -0.00114  0.00220  1032.32  1082.10  1032.69   982.67  1078.25  1027.55   978.89  1027.27
Mark_68         2460459.40612   0.00185   0.00206  -14.41   61.44  0.00162  0.00207 -0.00089  0.00201  1034.45  1083.77  1034.87   984.35  1080.43  1029.34   981.05  1029.02
Mark_68         2460459.40645   0.00455   0.00205   15.21   14.99  0.00393  0.00206  0.00230  0.00200  1034.42  1082.68  1034.85   983.24  1080.63  1028.01   981.33  1027.70
Mark_68         2460459.40677   0.00329   0.00204   26.65   23.53  0.00197  0.00207  0.00264  0.00202  1034.46  1083.24  1034.92   983.78  1080.55  1028.68   981.24  1028.40
Mark_68         2460459.40709   0.00427   0.00206   -3.90   16.52  0.00423  0.00206 -0.00058  0.00200  1034.59  1083.23  1035.02   983.79  1080.61  1028.84   981.30  1028.52
Mark_68         2460459.40742   0.00333   0.00206   12.14   23.41  0.00304  0.00207  0.00137  0.00200  1034.23  1083.12  1034.60   983.65  1080.42  1028.83   981.04  1028.48
Mark_68         2460459.40774   0.00621   0.00205  -12.75   10.23  0.00561  0.00206 -0.00267  0.00200  1034.48  1083.14  1034.84   983.71  1080.63  1028.53   981.19  1028.25
Mark_68         2460459.40807   0.00187   0.00203   24.65   61.44  0.00122  0.00206  0.00142  0.00201  1035.14  1082.95  1035.49   983.50  1081.16  1028.46   981.78  1028.11
Mark_68         2460459.40839   0.00184   0.00205  -18.01   61.44  0.00149  0.00207 -0.00108  0.00200  1034.71  1082.68  1035.06   983.22  1080.45  1028.23   981.13  1027.96
Mark_68         2460459.40872   0.00529   0.00206   -8.32   12.47  0.00507  0.00207 -0.00152  0.00201  1034.49  1083.97  1034.93   984.52  1080.72  1029.54   981.40  1029.26
Mark_69         2460460.40309   0.00519   0.00177   21.20   10.60  0.00384  0.00178  0.00350  0.00175  1029.91  1082.77  1030.22   983.26  1077.56  1027.78   978.11  1027.52
Mark_69         2460460.40337   0.00258   0.00175   29.50   27.14  0.00133  0.00178  0.00221  0.00174  1030.91  1082.21  1031.22   982.80  1078.52  1027.42   979.09  1027.16
Mark_69         2460460.40366   0.00276   0.00177  -10.17   24.80  0.00259  0.00178 -0.00096  0.00173  1030.43  1082.61  1030.83   983.12  1077.97  1027.87   978.52  1027.55
Mark_69         2460460.40394   0.00393   0.00178  -18.62   15.08  0.00313  0.00179 -0.00238  0.00175  1029.69  1082.68  1030.02   983.21  1077.45  1027.72   978.03  1027.44
Mark_69         2460460.40421   0.00269   0.00179   13.96   26.19  0.00238  0.00180  0.00126  0.00175  1030.01  1082.46  1030.42   982.99  1077.75  1027.72   978.30  1027.42
Mark_69         2460460.40449   0.00267   0.00178    2.17   26.39  0.00266  0.00178  0.00020  0.00174  1030.67  1082.66  1030.95   983.12  1078.02  1027.88   978.57  1027.58
Mark_69         2460460.40477   0.00178   0.00178   10.07   61.44  0.00167  0.00178  0.00061  0.00174  1030.02  1082.25  1030.42   982.74  1077.60  1027.40   978.21  1027.17
Mark_69         2460460.40505   0.00303   0.00178   -1.90   21.78  0.00302  0.00178 -0.00020  0.00174  1030.81  1082.02  1031.19   982.46  1078.42  1027.20   978.96  1026.93
Mark_70         2460459.29898   0.00429   0.00192  -78.73   14.84 -0.00396  0.00192 -0.00165  0.00187  1031.05  1086.37  1031.39   986.96  1076.88  1031.98   977.50  1031.66
Mark_70         2460459.29921   0.00497   0.00192   14.80   12.35  0.00432  0.00193  0.00245  0.00188  1031.88  1085.56  1032.28   986.17  1077.78  1031.19   978.45  1030.90
Mark_70         2460459.29944   0.00254   0.00191   10.40   61.44  0.00237  0.00192  0.00090  0.00187  1031.46  1085.51  1031.90   986.18  1077.25  1031.10   977.92  1030.81
Mark_70         2460459.29968   0.00251   0.00190   24.45   61.44  0.00165  0.00192  0.00189  0.00188  1031.34  1085.87  1031.74   986.50  1077.28  1031.44   977.93  1031.20
Mark_70         2460459.29991   0.00271   0.00191   -1.48   61.44  0.00270  0.00191 -0.00014  0.00187  1031.56  1085.76  1031.99   986.38  1077.36  1031.42   978.04  1031.09
Mark_70         2460459.30014   0.00104   0.00191   10.28   61.44  0.00097  0.00192  0.00037  0.00187  1032.51  1086.17  1032.94   986.79  1078.10  1031.69   978.79  1031.40
Mark_70         2460459.30045   0.00292   0.00192   -8.19   25.90  0.00280  0.00193 -0.00082  0.00188  1032.15  1086.20  1032.53   986.78  1077.87  1031.96   978.52  1031.66
Mark_70         2460459.30068   0.00192   0.00193  -10.88   61.44  0.00178  0.00193 -0.00071  0.00189  1032.38  1086.17  1032.84   986.77  1078.13  1031.73   978.82  1031.40
Mark_70         2460459.30091   0.00400   0.00192    8.66   16.39  0.00382  0.00193  0.00119  0.00189  1031.08  1085.57  1031.41   986.23  1077.01  1031.36   977.65  1031.04
Mark_70         2460459.30115   0.00068   0.00193  -84.53   61.44 -0.00066  0.00193 -0.00013  0.00189  1032.31  1086.61  1032.69   987.22  1078.13  1032.21   978.78  1031.90
Mark_71         2460459.39778   0.00287   0.00224  -13.99   61.44  0.00254  0.00226 -0.00135  0.00220  1029.36  1084.75  1029.75   985.35  1075.20  1030.26   975.79  1029.96
Mark_71         2460459.39812   0.00499   0.00223   -4.93   14.84  0.00491  0.00223 -0.00085  0.00216  1029.46  1085.15  1029.86   985.81  1075.39  1030.87   976.00  1030.43
Mark_71         2460459.39847   0.00215   0.00222  -10.85   61.44  0.00200  0.00223 -0.00080  0.00217  1028.83  1084.85  1029.23   985.50  1075.01  1030.10   975.59  1029.82
Mark_71         2460459.39882   0.00228   0.00219  -71.67   61.44 -0.00183  0.00221 -0.00136  0.00216  1028.93  1085.97  1029.36   986.51  1075.13  1031.72   975.70  1031.32
Mark_71         2460459.39916   0.00499   0.00222  -13.38   14.81  0.00445  0.00223 -0.00225  0.00219  1028.80  1085.30  1029.23   985.89  1074.68  1031.06   975.28  1030.75
Mark_71         2460459.39950   0.00321   0.00228   -8.36   61.44  0.00307  0.00229 -0.00092  0.00222  1029.13  1084.82  1029.48   985.51  1075.27  1030.50   975.94  1030.18
Mark_71         2460459.39985   0.00101   0.00223  -46.74   61.44 -0.00006  0.00228 -0.00101  0.00223  1029.03  1085.96  1029.37   986.55  1074.89  1031.38   975.45  1031.09
Mark_71         2460459.40020   0.00375   0.00244  -21.10   25.38  0.00278  0.00246 -0.00252  0.00242  1028.22  1085.40  1028.60   985.95  1074.28  1030.89   974.88  1030.56
Mark_72         2460459.35600   0.00407   0.00201   -3.90   16.97  0.00403  0.00201 -0.00055  0.00198  1029.12  1082.23  1029.51   982.83  1075.33  1027.69   975.86  1027.45
Mark_72         2460459.35633   0.00493   0.00203    5.58   13.39  0.00484  0.00203  0.00095  0.00198  1028.74  1082.33  1029.13   982.90  1074.90  1027.54   975.50  1027.23
Mark_72         2460459.35667   0.00404   0.00204   -8.35   17.47  0.00387  0.00204 -0.00116  0.00200  1028.48  1082.75  1028.91   983.36  1074.47  1028.24   975.11  1027.93
Mark_72         2460459.35734   0.00536   0.00204   10.94   12.10  0.00498  0.00204  0.00200  0.00199  1028.77  1082.44  1029.13   983.10  1074.55  1027.65   975.17  1027.31
Mark_72         2460459.35767   0.00808   0.00203   -1.90    7.53  0.00806  0.00203 -0.00054  0.00199  1028.26  1082.51  1028.67   983.14  1074.06  1027.87   974.61  1027.51
Mark_72         2460459.35802   0.00489   0.00202   15.54   13.45  0.00419  0.00203  0.00252  0.00200  1029.47  1082.54  1029.85   983.12  1075.45  1027.85   976.08  1027.58
Mark_72         2460459.35836   0.00619   0.00204    9.42   10.24  0.00586  0.00205  0.00200  0.00201  1029.18  1082.13  1029.53   982.67  1075.20  1027.60   975.75  1027.32
Mark_72         2460459.35869   0.00762   0.00203    7.06    8.04  0.00739  0.00204  0.00186  0.00200  1029.31  1082.48  1029.71   983.10  1075.38  1027.93   975.99  1027.66
Mark_72         2460459.35903   0.00789   0.00204   -5.26    7.79  0.00775  0.00205 -0.00144  0.00200  1028.92  1082.52  1029.33   983.18  1074.85  1027.64   975.39  1027.42
Mark_74         2460459.39373   0.00436   0.00258   -1.76   21.90  0.00435  0.00258 -0.00027  0.00249  1029.28  1078.97  1029.66   979.43  1075.34  1024.18   975.89  1023.90
Mark_74         2460459.39399   0.00321   0.00241  -13.19   61.44  0.00287  0.00242 -0.00142  0.00237  1029.05  1078.16  1029.36   978.64  1074.94  1023.73   975.50  1023.37
Mark_74         2460459.39424   0.00401   0.00238   -9.20   22.03  0.00381  0.00239 -0.00127  0.00234  1028.04  1077.42  1028.46   977.95  1074.09  1022.68   974.55  1022.44
Mark_74         2460459.39450   0.00633   0.00243  -26.35   12.28  0.00383  0.00247 -0.00503  0.00241  1030.66  1082.39  1031.10   982.89  1076.57  1027.89   977.13  1027.60
Mark_74         2460459.39476   0.00383   0.00253  -42.56   26.01  0.00033  0.00260 -0.00381  0.00253  1029.90  1081.55  1030.32   982.11  1075.68  1027.08   976.31  1026.72
Mark_74         2460459.39501   0.00769   0.00246   -8.13    9.86  0.00739  0.00247 -0.00215  0.00240  1028.50  1080.60  1028.83   981.16  1074.43  1025.99   974.98  1025.74
Mark_74         2460459.39527   0.00317   0.00242   -7.52   61.44  0.00306  0.00243 -0.00082  0.00236  1030.56  1082.28  1030.93   982.86  1076.73  1027.78   977.40  1027.37
Mark_74         2460459.39552   0.00412   0.00234   25.91   20.68  0.00255  0.00238  0.00324  0.00231  1030.25  1081.78  1030.64   982.31  1076.45  1027.19   977.04  1026.92
Mark_74         2460459.39583   0.00175   0.00247  -10.26   61.44  0.00164  0.00248 -0.00062  0.00242  1030.36  1082.37  1030.75   982.93  1076.52  1027.95   977.13  1027.66
Mark_74         2460459.39609   0.00422   0.00242   22.30   20.94  0.00301  0.00245  0.00297  0.00238  1029.46  1081.26  1029.90   981.78  1075.81  1026.83   976.42  1026.46
Mark_74         2460459.39634   0.00424   0.00248    7.18   21.53  0.00411  0.00248  0.00105  0.00242  1028.76  1080.72  1029.16   981.24  1074.68  1026.14   975.36  1025.80
Mark_75         2460461.37164   0.00465   0.00191    3.05   13.29  0.00462  0.00191  0.00050  0.00185  1032.00  1081.48  1032.39   981.94  1078.32  1026.83   978.89  1026.57
Mark_75         2460461.37199   0.00460   0.00184   35.46   12.95  0.00150  0.00189  0.00434  0.00184  1031.81  1081.60  1032.17   982.14  1077.99  1027.02   978.55  1026.75
Mark_75         2460461.37234   0.00409   0.00187   24.72   15.29  0.00266  0.00190  0.00311  0.00185  1031.22  1081.26  1031.55   981.77  1077.55  1026.67   978.13  1026.42
Mark_75         2460461.37269   0.00480   0.00189  -12.47   12.62  0.00435  0.00189 -0.00202  0.00184  1032.26  1081.42  1032.57   981.89  1078.50  1026.83   979.05  1026.56
Mark_75         2460461.37303   0.00175   0.00190    2.36   61.44  0.00174  0.00190  0.00014  0.00184  1032.00  1081.38  1032.38   981.87  1078.26  1026.81   978.84  1026.52
Mark_75         2460461.37338   0.00472   0.00190  -16.75   13.03  0.00394  0.00192 -0.00260  0.00187  1031.85  1081.29  1032.23   981.80  1077.92  1026.72   978.45  1026.41
Mark_75         2460461.37373   0.00526   0.00190   -8.78   11.42  0.00501  0.00191 -0.00159  0.00185  1032.06  1080.84  1032.47   981.37  1078.33  1026.28   978.92  1026.01
Mark_75         2460461.37407   0.00413   0.00189   16.39   15.36  0.00347  0.00191  0.00223  0.00185  1032.27  1081.03  1032.57   981.47  1078.51  1026.49   979.13  1026.16
Mark_76         2460830.35740   0.00325   0.00253   -4.49   61.44  0.00321  0.00253 -0.00051  0.00247  1037.35  1083.41  1037.85   983.87  1086.41  1028.79   987.02  1028.42
Mark_76         2460830.35772   0.00429   0.00247  -20.66   21.11  0.00322  0.00249 -0.00283  0.00244  1036.84  1083.38  1037.18   984.00  1085.93  1028.77   986.50  1028.35
Mark_76         2460830.35804   0.01130   0.00268  -31.43    7.06  0.00516  0.00272 -0.01006  0.00267  1036.47  1083.13  1036.90   983.79  1085.58  1028.89   986.21  1028.40
Mark_76         2460830.35837   0.01099   0.00262  -26.27    7.09  0.00668  0.00265 -0.00872  0.00260  1037.33  1083.38  1037.76   983.95  1086.51  1028.89   987.10  1028.46
Mark_76         2460830.35869   0.00960   0.00269  -25.52    8.47  0.00604  0.00272 -0.00747  0.00266  1036.24  1083.94  1036.79   984.60  1085.31  1029.62   985.96  1029.14
Mark_76         2460830.35902   0.00834   0.00258  -44.81    9.49  0.00006  0.00259 -0.00834  0.00258  1037.22  1083.85  1037.73   984.40  1086.23  1029.31   986.85  1028.92
Mark_76         2460830.35935   0.00397   0.00251  -14.18   24.35  0.00349  0.00253 -0.00188  0.00247  1037.39  1083.55  1037.90   984.12  1086.83  1029.14   987.35  1028.73
Mark_76         2460830.35977   0.00348   0.00242  -10.89   28.30  0.00323  0.00243 -0.00129  0.00237  1037.23  1084.10  1037.70   984.71  1086.21  1029.58   986.81  1029.15
Mark_76         2460830.36009   0.00654   0.00246  -22.88   11.92  0.00457  0.00250 -0.00469  0.00242  1037.17  1083.94  1037.72   984.45  1086.34  1029.41   986.93  1028.96
Mark_76         2460830.36042   0.00922   0.00243  -38.63    7.92  0.00203  0.00250 -0.00899  0.00242  1036.02  1083.41  1036.31   983.88  1085.21  1029.04   985.76  1028.60
Mark_78         2460461.39094   0.00871   0.00174    1.17    5.88  0.00871  0.00174  0.00036  0.00169  1032.55  1081.32  1032.93   981.86  1078.85  1026.64   979.46  1026.40
Mark_78         2460461.39124   0.00430   0.00174  -11.64   13.11  0.00395  0.00175 -0.00170  0.00170  1033.60  1081.87  1033.97   982.47  1079.85  1027.21   980.44  1026.99
Mark_78         2460461.39154   0.00170   0.00174   -6.33   61.44  0.00166  0.00175 -0.00037  0.00169  1033.56  1081.21  1033.92   981.77  1079.72  1026.63   980.37  1026.40
Mark_78         2460461.39184   0.00527   0.00173  -20.37   10.16  0.00400  0.00175 -0.00344  0.00170  1033.04  1081.13  1033.44   981.66  1079.23  1026.47   979.86  1026.18
Mark_78         2460461.39214   0.00129   0.00169  -54.51   61.44 -0.00042  0.00174 -0.00122  0.00169  1033.78  1082.42  1034.14   982.95  1080.05  1027.81   980.69  1027.54
Mark_78         2460461.39244   0.00340   0.00174   -1.39   17.79  0.00340  0.00174 -0.00016  0.00169  1032.95  1082.06  1033.34   982.61  1079.16  1027.38   979.78  1027.10
Mark_78         2460461.39274   0.00565   0.00173  -11.09    9.40  0.00523  0.00174 -0.00213  0.00169  1032.85  1081.52  1033.22   982.11  1079.31  1026.74   979.93  1026.47
Mark_78         2460461.39304   0.00673   0.00174    3.57    7.77  0.00668  0.00174  0.00084  0.00170  1033.63  1081.95  1034.02   982.44  1079.83  1027.43   980.42  1027.14
Mark_79         2460461.35240   0.00397   0.00197    1.39   17.05  0.00397  0.00197  0.00019  0.00191  1032.83  1083.02  1033.21   983.55  1079.16  1028.41   979.77  1028.13
Mark_79         2460461.35269   0.00086   0.00196   27.83   61.44  0.00049  0.00200  0.00071  0.00195  1033.20  1082.31  1033.51   982.84  1079.50  1027.72   980.18  1027.51
Mark_79         2460461.35297   0.00256   0.00198   35.15   61.44  0.00086  0.00204  0.00241  0.00198  1033.13  1082.69  1033.46   983.27  1079.40  1028.14   980.03  1027.88
Mark_79         2460461.35326   0.00107   0.00204   -0.39   61.44  0.00107  0.00204 -0.00001  0.00199  1033.17  1083.07  1033.45   983.61  1079.40  1028.49   980.00  1028.25
Mark_79         2460461.35355   0.00360   0.00229   10.70   24.54  0.00335  0.00230  0.00131  0.00223  1033.44  1083.47  1033.74   983.98  1079.67  1028.86   980.36  1028.53
Mark_79         2460461.35384   0.00437   0.00202  -10.08   15.58  0.00410  0.00203 -0.00151  0.00198  1032.97  1083.17  1033.38   983.72  1079.36  1028.50   979.94  1028.30
Mark_79         2460461.35413   0.00318   0.00222   10.70   28.44  0.00296  0.00223  0.00116  0.00217  1033.00  1083.58  1033.38   984.17  1079.38  1029.01   979.98  1028.75
Mark_79         2460461.35442   0.00382   0.00206   21.62   19.17  0.00278  0.00208  0.00261  0.00203  1033.47  1083.24  1033.80   983.82  1079.76  1028.68   980.41  1028.43
Mark_81         2460830.37777   0.00548   0.00173  -13.45    9.69  0.00489  0.00173 -0.00248  0.00170  1039.40  1084.66  1039.90   985.28  1088.00  1030.25   988.59  1029.86
Mark_81         2460830.37797   0.00423   0.00173  -23.98   13.29  0.00283  0.00175 -0.00314  0.00171  1038.29  1084.57  1038.74   985.19  1086.94  1029.57   987.50  1029.15
Mark_81         2460830.37825   0.00266   0.00171  -30.14   24.85  0.00132  0.00174 -0.00231  0.00170  1038.80  1085.16  1039.15   985.79  1087.72  1030.76   988.30  1030.33
Mark_81         2460830.37847   0.00546   0.00171  -25.69    9.63  0.00341  0.00173 -0.00427  0.00170  1038.12  1084.68  1038.66   985.38  1087.25  1030.20   987.85  1029.82
Mark_81         2460830.37868   0.00837   0.00173   -5.76    6.09  0.00820  0.00173 -0.00167  0.00168  1038.93  1084.73  1039.39   985.39  1087.96  1030.18   988.46  1029.79
Mark_81         2460830.37889   0.00204   0.00173  -11.74   61.44  0.00187  0.00174 -0.00081  0.00170  1039.14  1084.33  1039.48   984.97  1088.15  1030.16   988.73  1029.76
Mark_81         2460830.37910   0.00360   0.00170  -36.44   15.98  0.00106  0.00172 -0.00344  0.00170  1038.38  1084.58  1038.87   985.17  1087.31  1030.12   987.87  1029.69
Mark_81         2460830.37931   0.00517   0.00172  -14.07   10.29  0.00456  0.00172 -0.00244  0.00169  1038.05  1084.34  1038.52   984.97  1086.92  1029.85   987.49  1029.49
Mark_81         2460830.37953   0.00249   0.00175   -9.34   28.58  0.00236  0.00175 -0.00080  0.00172  1037.05  1084.73  1037.31   985.11  1086.58  1030.37   987.14  1029.98
Mark_81         2460830.37973   0.00431   0.00172  -11.98   12.83  0.00394  0.00172 -0.00175  0.00168  1038.88  1084.46  1039.33   985.07  1087.87  1029.88   988.43  1029.45
Mark_83         2460460.30352   0.00815   0.00187   14.43    6.82  0.00714  0.00188  0.00394  0.00183  1027.30  1077.40  1027.76   977.77  1074.53  1022.97   975.15  1022.67
Mark_83         2460460.30381   0.00057   0.00190   -0.97   61.44  0.00057  0.00190 -0.00002  0.00185  1027.02  1077.21  1027.39   977.72  1074.23  1022.61   974.84  1022.35
Mark_83         2460460.30410   0.00224   0.00187  -10.05   61.44  0.00210  0.00188 -0.00077  0.00184  1027.53  1082.09  1027.93   982.70  1075.17  1027.62   975.76  1027.35
Mark_83         2460460.30453   0.00209   0.00185   45.29   61.44 -0.00002  0.00190  0.00209  0.00185  1027.20  1078.71  1027.55   979.12  1074.57  1024.14   975.24  1023.76
Mark_83         2460460.30481   0.00454   0.00189   -8.97   13.57  0.00432  0.00190 -0.00140  0.00185  1027.25  1077.44  1027.63   978.00  1074.41  1022.99   974.97  1022.66
Mark_83         2460460.30510   0.00428   0.00190    9.10   14.75  0.00406  0.00190  0.00134  0.00186  1026.65  1077.83  1027.03   978.36  1073.88  1023.49   974.43  1023.14
Mark_83         2460460.30574   0.00866   0.00189    2.65    6.46  0.00862  0.00189  0.00080  0.00184  1029.23  1077.44  1029.62   977.94  1076.49  1022.78   977.14  1022.50
Mark_83         2460460.30603   0.00618   0.00189    6.84    9.38  0.00601  0.00190  0.00146  0.00185  1027.55  1076.47  1027.95   976.97  1074.68  1021.82   975.32  1021.46
Mark_84         2460460.31796   0.00149   0.00075   12.66   17.44  0.00135  0.00075  0.00064  0.00074  1030.85  1080.72  1031.28   981.16  1078.11  1026.18   978.75  1025.87
Mark_84         2460460.31818   0.00149   0.00076  -10.47   17.51  0.00140  0.00076 -0.00053  0.00074  1031.33  1080.79  1031.72   981.33  1078.80  1026.35   979.42  1026.02
Mark_84         2460460.31840   0.00121   0.00077    2.20   24.30  0.00121  0.00077  0.00009  0.00075  1030.70  1079.86  1031.04   980.38  1078.21  1025.40   978.82  1025.07
Mark_84         2460460.31862   0.00265   0.00077    7.88    8.88  0.00255  0.00078  0.00072  0.00075  1030.49  1078.68  1030.80   979.15  1077.98  1024.02   978.61  1023.72
Mark_84         2460460.31884   0.00023   0.00074  -26.80   61.44  0.00013  0.00076 -0.00018  0.00073  1030.74  1078.62  1031.11   979.13  1077.98  1024.18   978.59  1023.86
Mark_84         2460460.31906   0.00409   0.00076   -4.27    5.43  0.00404  0.00076 -0.00061  0.00074  1030.92  1077.93  1031.35   978.38  1078.40  1023.41   979.02  1023.09
Mark_84         2460460.31928   0.00308   0.00075    2.60    7.29  0.00307  0.00075  0.00028  0.00073  1030.34  1079.30  1030.68   979.89  1077.88  1024.92   978.47  1024.60
Mark_84         2460460.31950   0.00264   0.00075   -9.68    8.65  0.00249  0.00075 -0.00087  0.00073  1029.65  1078.95  1029.98   979.42  1077.38  1024.51   978.00  1024.23
Mark_85         2460426.36097   0.00395   0.00229  -11.39   21.32  0.00364  0.00230 -0.00153  0.00227  1030.26  1083.41  1030.92   983.98  1075.74  1028.84   976.42  1028.33
Mark_85         2460426.36120   0.00252   0.00227   75.79   61.44 -0.00222  0.00228  0.00120  0.00225  1029.75  1084.33  1030.38   984.96  1074.78  1030.09   975.34  1029.56
Mark_85         2460426.36144   0.00473   0.00219   40.87   15.54  0.00068  0.00222  0.00468  0.00218  1029.92  1084.27  1030.56   984.83  1075.26  1029.89   975.88  1029.41
Mark_85         2460426.36167   0.00295   0.00221  -25.71   61.44  0.00184  0.00224 -0.00230  0.00219  1029.40  1083.61  1029.99   984.29  1074.93  1028.71   975.60  1028.18
Mark_85         2460426.36190   0.00497   0.00223   11.01   14.97  0.00461  0.00224  0.00186  0.00217  1030.58  1083.46  1031.19   984.11  1075.43  1029.03   976.08  1028.53
Mark_85         2460426.36213   0.00201   0.00227   -1.29   61.44  0.00201  0.00227 -0.00009  0.00219  1029.83  1083.58  1030.46   984.24  1074.69  1029.28   975.15  1028.70
Mark_85         2460426.36236   0.00583   0.00220   14.95   12.00  0.00506  0.00221  0.00291  0.00216  1029.91  1082.98  1030.43   983.63  1075.47  1028.27   976.08  1027.70
Mark_85         2460426.36259   0.00368   0.00225    2.83   23.02  0.00366  0.00225  0.00036  0.00219  1029.10  1084.79  1029.69   985.43  1074.28  1030.20   974.88  1029.71
Mark_86         2460830.39141   0.00761   0.00171   -3.86    6.65  0.00755  0.00171 -0.00102  0.00166  1041.23  1083.68  1041.76   984.25  1089.89  1029.20   990.36  1028.75
Mark_86         2460830.39170   0.00394   0.00168  -10.92   13.93  0.00366  0.00168 -0.00147  0.00163  1040.52  1084.27  1041.03   984.83  1088.86  1029.89   989.39  1029.41
Mark_86         2460830.39199   0.00603   0.00168  -19.07    8.41  0.00475  0.00169 -0.00373  0.00165  1041.72  1083.64  1042.13   984.22  1089.99  1029.12   990.47  1028.75
Mark_86         2460830.39228   0.00124   0.00163   54.55   61.44 -0.00041  0.00167  0.00118  0.00162  1041.48  1083.90  1042.00   984.34  1089.84  1029.04   990.29  1028.63
Mark_86         2460830.39257   0.00389   0.00169    0.54   14.32  0.00389  0.00169  0.00007  0.00165  1040.43  1082.81  1040.89   983.27  1089.18  1028.65   989.64  1028.27
Mark_86         2460830.39286   0.00633   0.00167  -11.69    7.92  0.00581  0.00168 -0.00251  0.00163  1041.53  1084.23  1042.08   984.75  1089.60  1029.88   990.11  1029.51
Mark_86         2460830.39315   0.00317   0.00173   -6.89   19.47  0.00308  0.00173 -0.00076  0.00167  1040.73  1083.46  1041.32   983.94  1089.69  1028.84   990.12  1028.40
Mark_86         2460830.39388   0.00619   0.00188  -22.71    9.29  0.00435  0.00191 -0.00441  0.00185  1041.16  1084.81  1041.66   985.48  1089.48  1030.16   990.12  1029.73
Mark_86         2460830.39417   0.00260   0.00188  -19.14   61.44  0.00204  0.00190 -0.00161  0.00185  1042.15  1085.10  1042.60   985.72  1090.19  1030.81   990.74  1030.45
Mark_86         2460830.39446   0.00505   0.00193   -4.98   12.20  0.00497  0.00193 -0.00087  0.00188  1041.23  1084.99  1041.71   985.62  1089.40  1030.65   989.98  1030.17
Mark_86         2460830.39475   0.00298   0.00191   -6.02   24.84  0.00291  0.00191 -0.00062  0.00185  1041.75  1084.18  1042.24   984.78  1089.95  1029.86   990.53  1029.41
Mark_86         2460830.39503   0.00211   0.00192   -2.45   61.44  0.00210  0.00192 -0.00018  0.00185  1042.45  1084.82  1042.96   985.43  1090.82  1030.34   991.34  1030.02
Mark_86         2460830.39532   0.00322   0.00186  -27.43   21.20  0.00185  0.00190 -0.00263  0.00184  1042.31  1085.09  1042.78   985.74  1090.92  1030.74   991.42  1030.39
Mark_86         2460830.39561   0.00372   0.00186  -30.08   17.26  0.00185  0.00190 -0.00323  0.00185  1041.14  1084.57  1041.67   985.17  1089.39  1030.27   989.98  1029.88
Mark_89         2460438.38756   0.00446   0.00225   31.69   17.49  0.00200  0.00229  0.00399  0.00224  1030.08  1083.12  1030.67   983.70  1076.04  1028.46   976.66  1027.91
Mark_89         2460438.38787   0.00584   0.00227   16.82   12.45  0.00486  0.00229  0.00323  0.00222  1030.09  1083.38  1030.73   983.99  1076.10  1028.82   976.65  1028.34
Mark_89         2460438.38818   0.00322   0.00224   54.33   28.16 -0.00103  0.00228  0.00305  0.00223  1030.03  1083.24  1030.65   983.83  1076.24  1028.85   976.84  1028.34
Mark_89         2460438.38850   0.00570   0.00228   -5.92   12.87  0.00558  0.00228 -0.00117  0.00222  1031.00  1083.96  1031.62   984.60  1077.18  1029.43   977.73  1028.86
Mark_89         2460438.38912   0.00110   0.00224   53.03   61.44 -0.00030  0.00228  0.00106  0.00223  1030.17  1083.59  1030.78   984.24  1076.09  1029.00   976.70  1028.42
Mark_89         2460438.38943   0.00750   0.00226  -23.04    9.19  0.00520  0.00229 -0.00540  0.00223  1029.72  1083.67  1030.40   984.33  1075.73  1028.89   976.33  1028.35
Mark_89         2460438.38975   0.00093   0.00223   34.25   61.44  0.00034  0.00228  0.00087  0.00222  1030.06  1083.46  1030.66   984.11  1075.95  1028.82   976.51  1028.31
Mark_89         2460438.39006   0.00740   0.00229   -5.21    9.49  0.00728  0.00229 -0.00134  0.00223  1029.91  1083.50  1030.51   984.09  1075.71  1028.92   976.29  1028.42
Mark_92         2460432.36466   0.01117   0.00290  -30.81    7.80  0.00531  0.00295 -0.00983  0.00289  1027.59  1080.46  1028.27   981.07  1074.17  1026.10   974.73  1025.56
Mark_92         2460432.36499   0.00855   0.00305   -6.59   11.21  0.00833  0.00305 -0.00195  0.00300  1026.96  1079.67  1027.56   980.22  1073.76  1025.13   974.37  1024.57
Mark_92         2460432.36531   0.00592   0.00306   -1.96   18.06  0.00590  0.00306 -0.00040  0.00300  1029.60  1078.56  1030.22   979.13  1076.26  1024.09   976.87  1023.51
Mark_92         2460432.36564   0.00517   0.00298    0.85   21.12  0.00516  0.00298  0.00015  0.00293  1029.19  1080.74  1029.78   981.32  1075.71  1026.19   976.34  1025.60
Mark_92         2460432.36596   0.00975   0.00310    1.88    9.77  0.00973  0.00310  0.00064  0.00305  1028.36  1079.70  1029.02   980.27  1075.22  1025.23   975.77  1024.69
Mark_92         2460432.36628   0.00452   0.00304   -7.05   26.71  0.00438  0.00304 -0.00110  0.00299  1027.39  1078.70  1027.91   979.26  1074.06  1024.10   974.62  1023.54
Mark_92         2460432.36661   0.00635   0.00292   11.33   15.44  0.00586  0.00293  0.00245  0.00288  1027.24  1077.59  1027.80   978.14  1073.73  1023.03   974.27  1022.52
Mark_92         2460432.36693   0.00813   0.00283   -6.82   10.89  0.00790  0.00283 -0.00192  0.00279  1028.74  1082.06  1029.36   982.59  1075.27  1027.53   975.89  1026.98
Mark_92         2460432.36726   0.00677   0.00271  -16.93   12.89  0.00562  0.00272 -0.00377  0.00267  1031.19  1083.40  1031.84   983.96  1077.60  1028.82   978.23  1028.27
Mark_92         2460432.36762   0.00875   0.00293  -18.74   10.41  0.00694  0.00295 -0.00532  0.00289  1030.90  1082.01  1031.43   982.54  1077.69  1027.48   978.30  1026.98
Mark_92         2460432.36794   0.00702   0.00302   15.96   14.14  0.00596  0.00304  0.00371  0.00298  1030.72  1080.89  1031.38   981.42  1077.51  1026.46   978.15  1025.88
Mark_92         2460432.36826   0.00387   0.00288  -19.55   61.44  0.00300  0.00290 -0.00244  0.00284  1030.57  1079.98  1031.19   980.51  1077.40  1025.39   978.00  1024.86
Mark_92         2460432.36859   0.00384   0.00275   26.64   61.44  0.00230  0.00279  0.00308  0.00273  1032.51  1081.48  1033.16   982.06  1079.18  1027.06   979.82  1026.49
Mark_95         2460432.31118   0.00455   0.00271  -18.41   22.23  0.00364  0.00273 -0.00273  0.00267  1030.04  1079.71  1030.54   980.33  1076.81  1024.93   977.53  1024.60
Mark_95         2460432.31160   0.00381   0.00254  -10.08   26.33  0.00358  0.00255 -0.00131  0.00249  1031.25  1079.82  1031.79   980.01  1077.98  1024.97   978.47  1024.31
Mark_95         2460432.31189   0.00859   0.00249   14.93    8.81  0.00745  0.00250  0.00427  0.00245  1030.72  1079.78  1031.22   980.24  1077.35  1025.11   978.11  1024.65
Mark_95         2460432.31218   0.00469   0.00245   12.22   18.40  0.00427  0.00246  0.00194  0.00241  1030.09  1080.05  1030.79   980.68  1076.80  1025.40   977.57  1024.91
Mark_95         2460432.31247   0.00242   0.00248    1.05   61.44  0.00241  0.00248  0.00009  0.00242  1030.37  1080.36  1030.71   980.90  1077.03  1025.66   977.50  1025.01
Mark_95         2460432.31275   0.00522   0.00247   -3.88   15.98  0.00517  0.00247 -0.00070  0.00240  1030.13  1079.10  1030.81   979.73  1077.17  1024.65   977.75  1024.00
Mark_95         2460432.31315   0.00593   0.00241   29.04   13.12  0.00314  0.00244  0.00504  0.00239  1030.22  1079.89  1030.78   980.22  1076.93  1025.11   977.72  1024.58
Mark_95         2460432.31344   0.00593   0.00245   -5.15   13.44  0.00583  0.00245 -0.00106  0.00239  1031.09  1079.15  1031.90   979.79  1078.14  1024.74   978.65  1024.06
Mark_95         2460432.31373   0.00599   0.00242   -7.19   13.09  0.00580  0.00243 -0.00149  0.00237  1030.89  1080.36  1031.34   980.83  1077.62  1025.72   978.10  1025.06
Mark_95         2460432.31402   0.00619   0.00239  -17.52   12.32  0.00507  0.00241 -0.00355  0.00234  1031.02  1079.79  1031.43   980.28  1077.94  1025.13   978.41  1024.78
Mark_96         2460460.41453   0.00386   0.00131   30.52   10.54  0.00187  0.00133  0.00337  0.00130  1032.47  1083.06  1032.84   983.54  1080.21  1028.52   980.81  1028.27
Mark_96         2460460.41481   0.00176   0.00132   74.14   61.44 -0.00150  0.00133  0.00093  0.00130  1032.23  1082.40  1032.53   982.86  1080.16  1027.72   980.72  1027.51
Mark_96         2460460.41550   0.00120   0.00134   56.82   61.44 -0.00048  0.00136  0.00110  0.00133  1032.44  1083.14  1032.75   983.62  1080.26  1028.31   980.81  1028.02
Mark_96         2460460.41579   0.00320   0.00132   29.32   13.46  0.00167  0.00135  0.00273  0.00131  1032.87  1083.36  1033.26   983.86  1080.71  1028.56   981.33  1028.20
Mark_96         2460460.41608   0.00128   0.00133   61.14   61.44 -0.00068  0.00135  0.00108  0.00132  1032.58  1082.85  1032.96   983.31  1080.28  1027.97   980.87  1027.68
Mark_96         2460460.41637   0.00259   0.00132   36.01   17.78  0.00080  0.00135  0.00246  0.00132  1033.37  1083.05  1033.67   983.56  1081.14  1028.17   981.74  1027.89
Mark_96         2460460.41666   0.00146   0.00132   41.91   61.44  0.00016  0.00135  0.00145  0.00132  1031.80  1082.48  1032.15   982.97  1079.64  1027.77   980.25  1027.49
Mark_99         2460426.36456   0.00691   0.00316    5.09   15.35  0.00680  0.00317  0.00122  0.00306  1030.02  1082.99  1030.57   983.75  1075.27  1028.36   976.01  1027.88
Mark_99         2460426.36481   0.00558   0.00322  -19.04   21.18  0.00439  0.00327 -0.00344  0.00314  1029.52  1081.48  1030.16   982.13  1074.92  1026.96   975.51  1026.39
Mark_99         2460426.36507   0.00451   0.00321  -22.18   61.44  0.00322  0.00322 -0.00315  0.00320  1029.61  1081.25  1030.18   982.05  1074.73  1026.85   975.45  1026.40
Mark_99         2460426.36532   0.00721   0.00319   -8.75   14.64  0.00688  0.00319 -0.00217  0.00317  1029.54  1081.14  1030.33   981.92  1075.32  1026.84   976.09  1026.31
Mark_99         2460426.36558   0.00408   0.00317  -40.07   61.44  0.00070  0.00324 -0.00402  0.00317  1028.96  1080.92  1029.57   981.70  1074.13  1026.45   974.96  1025.80
Mark_99         2460426.36583   0.00346   0.00330  -21.24   61.44  0.00255  0.00335 -0.00234  0.00324  1028.35  1080.55  1028.89   981.33  1074.06  1026.18   974.78  1025.60
Mark_99         2460426.36609   0.00443   0.00311  -33.98   28.73  0.00166  0.00323 -0.00411  0.00310  1028.10  1080.43  1028.73   981.11  1073.85  1025.69   974.68  1025.05
Mark_104        2460460.38067   0.00340   0.00143    8.33   13.70  0.00326  0.00143  0.00098  0.00141  1027.83  1085.27  1028.18   985.84  1075.52  1030.72   976.01  1030.48
Mark_104        2460460.38091   0.00217   0.00144  -13.42   26.08  0.00194  0.00144 -0.00098  0.00141  1028.66  1083.28  1028.80   983.09  1076.21  1029.37   976.82  1029.20
Mark_104        2460460.38116   0.00309   0.00144   -7.94   15.73  0.00297  0.00144 -0.00085  0.00142  1028.29  1085.44  1028.64   986.11  1076.03  1030.83   976.58  1030.50
Mark_104        2460460.38140   0.00166   0.00143  -75.55   61.44 -0.00146  0.00144 -0.00080  0.00142  1028.19  1085.16  1028.52   985.84  1075.83  1030.52   976.43  1030.28
Mark_104        2460460.38164   0.00149   0.00147   -2.52   61.44  0.00148  0.00147 -0.00013  0.00145  1027.30  1085.42  1027.60   986.08  1075.05  1030.95   975.61  1030.64
Mark_104        2460460.38189   0.00029   0.00146  -80.81   61.44 -0.00028  0.00146 -0.00009  0.00143  1028.46  1085.36  1028.77   985.97  1076.28  1030.80   976.87  1030.50
Mark_104        2460460.38213   0.00133   0.00146  -48.67   61.44 -0.00017  0.00148 -0.00132  0.00146  1027.40  1085.00  1027.79   985.58  1074.94  1030.53   975.48  1030.29
Mark_105        2460459.35277   0.00464   0.00130   17.16    8.50  0.00383  0.00131  0.00261  0.00128  1031.60  1082.20  1031.95   982.74  1077.51  1027.41   978.08  1027.14
Mark_105        2460459.35300   0.00429   0.00131   -8.69    9.33  0.00410  0.00131 -0.00128  0.00128  1031.79  1082.16  1032.16   982.69  1077.74  1027.49   978.36  1027.15
Mark_105        2460459.35323   0.00577   0.00130   14.38    6.70  0.00506  0.00131  0.00278  0.00128  1031.70  1081.89  1032.09   982.42  1077.62  1027.22   978.21  1026.92
Mark_105        2460459.35346   0.00289   0.00131    7.78   15.23  0.00278  0.00132  0.00077  0.00129  1032.36  1081.76  1032.70   982.30  1077.84  1027.23   978.49  1026.86
Mark_105        2460459.35369   0.00129   0.00131  -12.13   61.44  0.00118  0.00132 -0.00053  0.00128  1032.14  1081.52  1032.51   982.06  1078.31  1026.93   978.91  1026.62
Mark_105        2460459.35392   0.00259   0.00130  -16.90   17.35  0.00215  0.00131 -0.00144  0.00128  1031.63  1082.39  1032.09   982.85  1077.48  1027.71   977.96  1027.51
Mark_105        2460459.35422   0.00438   0.00130   21.65    9.03  0.00319  0.00131  0.00300  0.00128  1031.99  1081.04  1032.43   981.48  1077.51  1026.87   978.05  1026.50
Mark_105        2460459.35446   0.00472   0.00130  -13.25    8.34  0.00422  0.00131 -0.00210  0.00128  1031.04  1081.96  1031.50   982.40  1076.30  1027.62   976.84  1027.36
Mark_105        2460459.35469   0.00244   0.00130    5.84   18.90  0.00239  0.00130  0.00049  0.00128  1032.34  1082.19  1032.73   982.73  1077.77  1028.16   978.39  1027.84
Mark_106        2460461.38602   0.00491   0.00206   29.51   13.72  0.00253  0.00211  0.00421  0.00205  1037.97  1081.22  1038.36   981.73  1084.20  1026.63   984.82  1026.42
Mark_106        2460461.38639   0.00472   0.00212    3.23   14.94  0.00469  0.00212  0.00053  0.00206  1037.59  1081.11  1037.98   981.63  1083.89  1026.47   984.46  1026.25
Mark_106        2460461.38676   0.00366   0.00210    5.51   21.00  0.00359  0.00210  0.00070  0.00205  1038.06  1081.10  1038.45   981.61  1084.30  1026.45   984.95  1026.16
Mark_106        2460461.38713   0.00305   0.00207  -22.29   27.25  0.00217  0.00210 -0.00214  0.00204  1038.09  1081.02  1038.49   981.53  1084.30  1026.51   984.95  1026.18
Mark_106        2460461.38751   0.00760   0.00208   16.82    8.27  0.00633  0.00210  0.00421  0.00204  1038.08  1080.68  1038.47   981.20  1084.32  1026.11   984.98  1025.85
Mark_106        2460461.38788   0.00331   0.00212    5.64   24.64  0.00325  0.00212  0.00065  0.00207  1038.38  1080.95  1038.70   981.53  1084.42  1026.42   985.11  1026.09
Mark_106        2460461.38825   0.00377   0.00207  -22.64   19.77  0.00265  0.00210 -0.00268  0.00204  1037.62  1080.83  1037.98   981.40  1083.82  1026.32   984.42  1026.04
Mark_106        2460461.38862   0.00423   0.00210   10.52   17.08  0.00395  0.00211  0.00152  0.00205  1038.21  1080.88  1038.51   981.46  1084.40  1026.30   985.03  1026.03
Mark_110        2460438.38258   0.00650   0.00224   -0.42   10.79  0.00650  0.00224 -0.00010  0.00219  1031.09  1080.26  1031.78   980.86  1077.16  1025.68   977.65  1025.20
Mark_110        2460438.38289   0.00378   0.00223    7.49   21.95  0.00365  0.00224  0.00098  0.00219  1030.38  1081.44  1030.98   982.06  1076.20  1027.02   976.78  1026.42
Mark_110        2460438.38321   0.00692   0.00219   45.55    9.71 -0.00013  0.00223  0.00692  0.00219  1031.81  1081.72  1032.31   982.28  1077.65  1027.04   978.25  1026.55
Mark_110        2460438.38352   0.00356   0.00219   46.60   23.32 -0.00020  0.00223  0.00355  0.00219  1030.56  1081.29  1031.22   981.84  1076.37  1026.54   977.00  1026.01
Mark_110        2460438.38383   0.00260   0.00218   45.50   61.44 -0.00005  0.00224  0.00260  0.00218  1031.97  1081.63  1032.52   982.21  1077.65  1026.92   978.19  1026.38
Mark_110        2460438.38414   0.00595   0.00223    4.89   11.93  0.00586  0.00224  0.00101  0.00219  1030.90  1081.42  1031.45   981.96  1076.73  1026.83   977.37  1026.31
Mark_110        2460438.38446   0.00186   0.00224   -8.84   61.44  0.00177  0.00224 -0.00056  0.00219  1030.67  1081.56  1031.31   982.15  1076.69  1026.96   977.25  1026.48
Mark_110        2460438.38477   0.00590   0.00221   25.15   11.93  0.00377  0.00224  0.00454  0.00220  1030.38  1081.49  1030.99   982.09  1076.51  1027.02   977.01  1026.44
Mark_110        2460438.38508   0.00358   0.00224   -6.01   23.88  0.00350  0.00224 -0.00075  0.00219  1030.50  1081.64  1031.07   982.27  1076.05  1027.11   976.58  1026.57
Mark_112        2460459.42127   0.00192   0.00176   46.38   61.44 -0.00009  0.00180  0.00191  0.00176  1025.57  1077.12  1025.93   977.59  1071.59  1022.48   972.09  1022.16
Mark_112        2460459.42178   0.00104   0.00177   37.27   61.44  0.00028  0.00181  0.00100  0.00177  1028.45  1079.91  1028.86   980.45  1074.41  1025.49   974.97  1025.16
Mark_112        2460459.42204   0.00633   0.00183   14.98    8.79  0.00548  0.00184  0.00316  0.00181  1026.37  1079.08  1026.74   979.52  1072.66  1024.46   973.21  1024.08
Mark_112        2460459.42229   0.00143   0.00187    7.71   61.44  0.00137  0.00188  0.00038  0.00184  1028.73  1080.47  1029.16   980.96  1074.93  1025.84   975.47  1025.57
Mark_112        2460459.42255   0.00111   0.00185  -33.33   61.44  0.00044  0.00189 -0.00102  0.00185  1027.02  1078.95  1027.43   979.50  1073.09  1024.41   973.63  1024.12
Mark_112        2460459.42280   0.00641   0.00190   18.16    9.07  0.00516  0.00192  0.00379  0.00188  1027.30  1078.49  1027.63   978.92  1073.39  1023.83   973.88  1023.48
Mark_112        2460459.42307   0.00415   0.00193   -6.33   15.65  0.00405  0.00193 -0.00091  0.00189  1026.92  1079.89  1027.30   980.40  1072.80  1025.61   973.32  1025.26
Mark_112        2460459.42331   0.00271   0.00222   32.62   61.44  0.00113  0.00226  0.00246  0.00221  1026.28  1078.92  1026.64   979.41  1072.31  1024.35   972.85  1024.04
Mark_116        2460459.32184   0.00442   0.00206   -2.16   15.69  0.00441  0.00206 -0.00033  0.00200  1034.31  1086.15  1034.68   986.76  1080.18  1031.45   980.79  1031.23
Mark_116        2460459.32219   0.00282   0.00205    7.84   61.44  0.00272  0.00205  0.00076  0.00200  1034.21  1086.06  1034.56   986.64  1080.47  1031.38   981.11  1031.08
Mark_116        2460459.32253   0.00252   0.00203   31.36   61.44  0.00116  0.00207  0.00224  0.00202  1033.49  1086.36  1033.82   986.95  1079.50  1031.84   980.19  1031.47
Mark_116        2460459.32288   0.00466   0.00205    7.90   14.61  0.00448  0.00206  0.00127  0.00201  1033.57  1086.44  1033.88   987.11  1079.92  1032.29   980.57  1031.96
Mark_116        2460459.32323   0.00177   0.00206    8.47   61.44  0.00169  0.00206  0.00051  0.00201  1033.59  1086.64  1034.00   987.27  1080.00  1032.08   980.66  1031.81
Mark_116        2460459.32358   0.00399   0.00207   -0.91   18.16  0.00398  0.00207 -0.00013  0.00201  1032.86  1085.90  1033.23   986.47  1079.30  1031.39   979.97  1031.12
Mark_116        2460459.32394   0.00174   0.00207    1.02   61.44  0.00174  0.00207  0.00006  0.00202  1033.89  1085.81  1034.28   986.42  1079.73  1031.30   980.32  1030.99
Mark_116        2460459.32428   0.00224   0.00202   34.70   61.44  0.00079  0.00206  0.00210  0.00201  1034.41  1086.25  1034.74   986.81  1080.50  1031.32   981.15  1031.04
Mark_118        2460461.40227   0.00524   0.00199   58.72   12.12 -0.00241  0.00204  0.00465  0.00198  1028.69  1080.31  1029.05   980.83  1075.03  1025.71   975.57  1025.40
Mark_118        2460461.40262   0.00347   0.00205   10.91   21.87  0.00322  0.00206  0.00129  0.00201  1029.08  1080.37  1029.45   980.89  1075.29  1025.80   975.84  1025.51
Mark_118        2460461.40296   0.00255   0.00205   -7.37   61.44  0.00247  0.00206 -0.00065  0.00201  1029.85  1080.71  1030.23   981.26  1075.99  1026.06   976.54  1025.80
Mark_118        2460461.40331   0.00151   0.00202   64.24   61.44 -0.00094  0.00205  0.00118  0.00200  1028.12  1080.11  1028.52   980.61  1074.37  1025.44   974.88  1025.24
Mark_118        2460461.40366   0.00436   0.00201   33.96   15.50  0.00164  0.00206  0.00404  0.00200  1028.21  1080.22  1028.55   980.75  1074.39  1025.60   974.96  1025.30
Mark_118        2460461.40400   0.00595   0.00206   11.28   10.84  0.00549  0.00207  0.00228  0.00201  1028.28  1079.99  1028.70   980.52  1074.51  1025.38   975.11  1025.09
Mark_118        2460461.40435   0.00113   0.00204   74.54   61.44 -0.00097  0.00205  0.00058  0.00201  1028.17  1080.60  1028.58   981.13  1074.45  1025.99   975.00  1025.74
Mark_118        2460461.40470   0.00322   0.00206    5.24   24.78  0.00317  0.00206  0.00059  0.00201  1028.17  1080.03  1028.51   980.53  1074.43  1025.45   974.96  1025.16
Mark_118        2460461.40523   0.00190   0.00208   -8.90   61.44  0.00181  0.00208 -0.00058  0.00203  1028.36  1080.10  1028.65   980.57  1074.64  1025.50   975.20  1025.25
Mark_118        2460461.40558   0.00123   0.00206  -86.90   61.44 -0.00123  0.00206 -0.00013  0.00201  1028.49  1079.67  1028.82   980.17  1074.71  1025.08   975.33  1024.78
Mark_118        2460461.40593   0.00056   0.00207   -9.24   61.44  0.00053  0.00208 -0.00018  0.00202  1029.27  1080.55  1029.58   981.13  1075.44  1025.94   975.97  1025.69
Mark_119        2460460.43538   0.00419   0.00218  -12.90   18.18  0.00378  0.00218 -0.00183  0.00215  1032.11  1083.15  1032.51   983.60  1079.87  1028.48   980.41  1028.19
Mark_119        2460460.43573   0.00234   0.00221   65.89   61.44 -0.00156  0.00224  0.00175  0.00218  1032.24  1082.85  1032.59   983.27  1080.08  1027.98   980.64  1027.74
Mark_119        2460460.43609   0.00454   0.00221   25.09   16.63  0.00291  0.00224  0.00349  0.00219  1032.66  1083.66  1033.04   984.10  1080.60  1028.65   981.17  1028.45
Mark_119        2460460.43644   0.00806   0.00220   26.73    8.24  0.00480  0.00223  0.00648  0.00218  1031.75  1082.69  1032.11   983.09  1079.81  1027.72   980.41  1027.47
Mark_119        2460460.43677   0.00359   0.00218  -23.00   22.75  0.00249  0.00220 -0.00258  0.00215  1032.04  1083.12  1032.34   983.68  1079.96  1028.21   980.49  1027.95
Mark_119        2460460.43712   0.00505   0.00219   10.02   14.30  0.00475  0.00220  0.00173  0.00215  1031.83  1082.37  1032.05   982.86  1079.71  1027.44   980.29  1027.17
Mark_119        2460460.43747   0.00369   0.00220   -2.22   22.27  0.00368  0.00220 -0.00029  0.00215  1032.50  1082.46  1032.80   982.93  1080.35  1027.66   980.91  1027.46
Mark_119        2460460.43782   0.00125   0.00220  -11.87   61.44  0.00114  0.00221 -0.00050  0.00216  1031.36  1082.74  1031.74   983.21  1079.48  1027.74   980.04  1027.48
Mark_119        2460460.43819   0.00363   0.00222    0.84   23.00  0.00363  0.00222  0.00011  0.00217  1031.06  1082.68  1031.31   983.17  1078.89  1028.05   979.42  1027.80
Mark_119        2460460.43854   0.00453   0.00220   13.60   16.60  0.00403  0.00221  0.00207  0.00215  1031.93  1082.11  1032.24   982.58  1079.90  1027.30   980.44  1027.02
Mark_119        2460460.43889   0.00608   0.00220    3.55   11.42  0.00604  0.00220  0.00075  0.00215  1031.44  1082.48  1031.74   982.94  1079.13  1027.53   979.61  1027.37
Mark_121        2460460.33091   0.00392   0.00153   13.98   12.46  0.00346  0.00153  0.00184  0.00150  1027.37  1077.81  1027.67   978.36  1075.16  1023.43   975.75  1023.18
Mark_121        2460460.33116   0.00516   0.00152   23.71    8.93  0.00350  0.00153  0.00380  0.00150  1026.89  1077.10  1027.30   977.52  1074.63  1022.58   975.25  1022.31
Mark_121        2460460.33140   0.00281   0.00153    5.19   19.43  0.00276  0.00153  0.00051  0.00150  1026.43  1081.03  1026.87   981.55  1074.14  1026.45   974.74  1026.12
Mark_121        2460460.33164   0.00264   0.00149   54.79   20.56 -0.00088  0.00152  0.00249  0.00149  1025.44  1079.82  1025.76   980.32  1073.27  1025.20   973.85  1024.91
Mark_121        2460460.33189   0.00315   0.00153   26.24   16.59  0.00192  0.00155  0.00250  0.00152  1024.29  1078.96  1024.69   979.51  1071.96  1024.39   972.48  1024.18
Mark_121        2460460.33213   0.00185   0.00152  -23.43   61.44  0.00127  0.00154 -0.00135  0.00151  1026.98  1078.50  1027.36   978.98  1074.91  1024.04   975.52  1023.72
Mark_121        2460460.33262   0.00224   0.00154   17.84   27.66  0.00182  0.00155  0.00131  0.00151  1029.36  1077.68  1029.77   978.17  1077.01  1023.08   977.62  1022.78
Mark_121        2460460.33306   0.00341   0.00150   31.85   14.52  0.00151  0.00153  0.00306  0.00149  1028.09  1081.78  1028.44   982.31  1075.78  1027.27   976.32  1026.98
Mark_121        2460460.33329   0.00268   0.00153    7.00   20.72  0.00260  0.00153  0.00065  0.00150  1028.00  1080.93  1028.36   981.55  1075.66  1026.26   976.27  1025.96
Mark_121        2460460.33354   0.00082   0.00149   36.21   61.44  0.00025  0.00152  0.00078  0.00148  1028.34  1080.33  1028.64   980.96  1075.79  1025.90   976.45  1025.57
Mark_121        2460460.33378   0.00030   0.00151   37.53   61.44  0.00008  0.00154  0.00029  0.00151  1027.60  1080.19  1027.88   980.67  1075.19  1025.86   975.78  1025.54
Mark_121        2460460.33403   0.00452   0.00152   29.24   10.42  0.00236  0.00154  0.00385  0.00151  1026.09  1079.11  1026.49   979.66  1073.80  1024.58   974.32  1024.34
Mark_122        2460432.38536   0.00627   0.00333   48.37   18.77 -0.00073  0.00340  0.00622  0.00333  1031.48  1082.99  1032.08   983.61  1078.09  1028.39   978.75  1027.87
Mark_122        2460432.38572   0.00514   0.00472    1.99   61.44  0.00513  0.00472  0.00036  0.00461  1031.68  1083.41  1032.28   984.08  1078.17  1028.90   978.74  1028.40
Mark_122        2460432.38610   0.00212   0.00215  -11.92   61.44  0.00194  0.00215 -0.00086  0.00211  1030.25  1083.09  1030.93   983.75  1076.84  1028.60   977.48  1028.02
Mark_122        2460432.38647   0.00472   0.00197  -22.79   13.61  0.00331  0.00199 -0.00337  0.00195  1031.10  1083.48  1031.73   984.04  1077.68  1028.85   978.34  1028.34
Mark_122        2460432.38684   0.00625   0.00206   -6.42   10.21  0.00610  0.00206 -0.00139  0.00202  1030.85  1082.84  1031.41   983.45  1077.41  1028.26   978.09  1027.75
Mark_122        2460432.38721   0.01036   0.00296  -11.40    8.68  0.00955  0.00297 -0.00402  0.00292  1031.54  1082.92  1032.22   983.46  1078.36  1028.44   978.97  1027.87
Mark_122        2460432.38795   0.00077   0.00352   -0.84   61.44  0.00077  0.00352 -0.00002  0.00343  1031.50  1083.07  1032.18   983.62  1078.19  1028.40   978.83  1027.88
Mark_122        2460432.38832   0.00216   0.00222    6.08   61.44  0.00211  0.00223  0.00045  0.00218  1030.56  1082.67  1031.25   983.30  1077.31  1027.97   977.91  1027.40
Mark_122        2460432.38869   0.00393   0.00221    4.59   20.35  0.00388  0.00221  0.00063  0.00217  1031.14  1083.05  1031.73   983.63  1077.79  1028.44   978.47  1027.87
Mark_122        2460432.38906   0.00258   0.00216   -3.06   61.44  0.00256  0.00216 -0.00027  0.00212  1031.57  1083.37  1032.19   984.05  1078.17  1028.74   978.79  1028.26
Mark_122        2460432.38943   0.00314   0.00266   -4.43   61.44  0.00310  0.00266 -0.00048  0.00258  1031.90  1083.73  1032.46   984.38  1078.37  1029.08   979.00  1028.53
Mark_123        2460461.32784   0.00391   0.00206   20.47   18.56  0.00295  0.00208  0.00256  0.00203  1027.29  1081.03  1027.63   981.54  1073.65  1026.44   974.24  1026.21
Mark_123        2460461.32818   0.00566   0.00208    3.05   11.63  0.00562  0.00208  0.00060  0.00204  1027.16  1080.75  1027.45   981.30  1073.53  1026.22   974.07  1025.96
Mark_123        2460461.32853   0.00751   0.00207   15.11    8.32  0.00649  0.00208  0.00378  0.00204  1027.61  1081.13  1028.01   981.63  1074.03  1026.53   974.54  1026.32
Mark_123        2460461.32888   0.00262   0.00209    5.42   61.44  0.00257  0.00210  0.00049  0.00205  1027.39  1080.84  1027.77   981.38  1073.88  1026.38   974.40  1026.10
Mark_123        2460461.32922   0.00073   0.00207   65.71   61.44 -0.00048  0.00209  0.00054  0.00205  1029.76  1082.38  1029.94   982.94  1075.76  1027.92   976.25  1027.67
Mark_123        2460461.32957   0.00537   0.00208    3.10   12.37  0.00534  0.00208  0.00058  0.00204  1027.39  1080.89  1027.70   981.47  1073.72  1026.52   974.30  1026.19
Mark_123        2460461.32992   0.00638   0.00206   18.51   10.00  0.00509  0.00208  0.00384  0.00204  1027.61  1080.46  1027.98   981.02  1073.98  1026.05   974.57  1025.80
Mark_123        2460461.33027   0.00468   0.00206   27.26   14.60  0.00271  0.00208  0.00381  0.00205  1027.94  1081.10  1028.31   981.62  1074.23  1026.60   974.81  1026.39
Mark_123        2460461.33105   0.00325   0.00208   24.54   24.74  0.00213  0.00210  0.00245  0.00206  1028.43  1080.70  1028.73   981.24  1074.67  1026.25   975.29  1025.95
Mark_123        2460461.33140   0.00518   0.00207  -12.59   12.91  0.00469  0.00208 -0.00220  0.00204  1027.49  1080.51  1027.79   981.09  1073.89  1026.05   974.43  1025.82
Mark_123        2460461.33175   0.00545   0.00208  -18.74   12.16  0.00433  0.00209 -0.00332  0.00206  1027.56  1081.15  1027.95   981.65  1073.92  1026.65   974.43  1026.44
Mark_123        2460461.33209   0.00683   0.00208    8.70    9.31  0.00652  0.00208  0.00204  0.00204  1028.19  1080.61  1028.47   981.18  1074.51  1026.21   975.17  1025.90
Mark_123        2460461.33244   0.00574   0.00208   12.21   11.45  0.00523  0.00209  0.00237  0.00205  1027.65  1080.50  1028.03   981.08  1074.03  1026.14   974.59  1025.87
Mark_124        2460460.29818   0.00467   0.00230   25.77   16.87  0.00291  0.00233  0.00366  0.00228  1027.90  1082.94  1028.29   983.43  1075.16  1028.13   975.81  1027.86
Mark_124        2460460.29852   0.00178   0.00223   59.62   61.44 -0.00087  0.00226  0.00155  0.00222  1028.00  1082.51  1028.29   983.14  1075.36  1028.23   975.95  1027.94
Mark_124        2460460.29885   0.00732   0.00229   11.01    9.63  0.00679  0.00230  0.00274  0.00226  1027.85  1083.49  1028.28   984.03  1075.35  1028.80   975.96  1028.58
Mark_124        2460460.29919   0.00585   0.00228   27.59   12.48  0.00334  0.00232  0.00481  0.00226  1028.44  1082.72  1028.80   983.24  1076.01  1027.93   976.53  1027.58
Mark_124        2460460.29953   0.00456   0.00228   45.86   17.30 -0.00014  0.00234  0.00456  0.00228  1027.92  1083.79  1028.28   984.33  1075.01  1029.43   975.59  1029.12
Mark_124        2460460.29986   0.00360   0.00231   37.71   24.78  0.00091  0.00234  0.00349  0.00230  1028.03  1083.89  1028.46   984.41  1075.40  1029.50   976.03  1029.19
Mark_124        2460460.30020   0.00562   0.00226   28.92   13.00  0.00299  0.00228  0.00476  0.00225  1028.65  1083.31  1028.98   983.92  1075.90  1028.81   976.52  1028.53
Mark_124        2460460.30053   0.00724   0.00223   40.07    9.44  0.00124  0.00227  0.00713  0.00223  1028.25  1083.49  1028.52   984.16  1075.68  1029.02   976.26  1028.70
Mark_127        2460459.42560   0.00274   0.00153  -11.86   20.25  0.00251  0.00154 -0.00110  0.00150  1031.82  1082.92  1032.27   983.40  1077.75  1028.39   978.37  1028.06
Mark_127        2460459.42586   0.00409   0.00144  -24.79   11.02  0.00265  0.00146 -0.00311  0.00143  1031.59  1082.15  1031.98   982.68  1077.63  1027.73   978.24  1027.44
Mark_127        2460459.42611   0.00688   0.00225   -8.21   10.11  0.00660  0.00225 -0.00194  0.00220  1030.61  1081.85  1031.03   982.45  1077.00  1027.45   977.57  1027.12
Mark_127        2460459.42637   0.00678   0.00169  -17.79    7.48  0.00551  0.00171 -0.00394  0.00167  1029.53  1081.20  1029.95   981.72  1075.70  1026.62   976.22  1026.32
Mark_127        2460459.42662   0.00823   0.00177   -9.21    6.37  0.00781  0.00178 -0.00260  0.00174  1028.64  1080.83  1029.05   981.43  1074.50  1026.28   975.12  1025.94
Mark_127        2460459.42689   0.00569   0.00183   -8.54    9.90  0.00544  0.00183 -0.00167  0.00179  1029.91  1082.82  1030.26   983.38  1075.51  1028.31   976.13  1027.92
Mark_127        2460459.42714   0.00332   0.00145   -9.08   14.45  0.00315  0.00145 -0.00103  0.00142  1029.00  1082.51  1029.43   983.11  1075.22  1027.79   975.82  1027.53
Mark_127        2460459.42740   0.00457   0.00146   -7.68    9.83  0.00440  0.00146 -0.00121  0.00142  1028.73  1081.75  1029.12   982.32  1074.59  1027.18   975.21  1026.84
Mark_128        2460461.39625   0.00281   0.00200    0.72   61.44  0.00281  0.00200  0.00007  0.00194  1034.44  1087.23  1034.80   987.81  1080.70  1032.50   981.34  1032.28
Mark_128        2460461.39664   0.00550   0.00199    6.93   11.37  0.00534  0.00199  0.00132  0.00193  1034.58  1087.15  1034.97   987.72  1080.84  1032.50   981.42  1032.23
Mark_128        2460461.39703   0.00263   0.00198   -8.71   61.44  0.00251  0.00199 -0.00079  0.00193  1034.21  1086.41  1034.56   987.02  1080.42  1031.87   981.07  1031.58
Mark_128        2460461.39741   0.00048   0.00196  -32.33   61.44  0.00021  0.00200 -0.00044  0.00195  1034.08  1086.32  1034.47   986.88  1080.34  1031.60   980.89  1031.40
Mark_128        2460461.39779   0.00350   0.00197  -19.08   20.37  0.00275  0.00199 -0.00216  0.00193  1034.15  1086.68  1034.45   987.28  1080.28  1032.01   980.87  1031.75
Mark_128        2460461.39817   0.00409   0.00195   32.17   16.20  0.00177  0.00200  0.00369  0.00194  1034.05  1086.26  1034.38   986.85  1080.29  1031.62   980.90  1031.40
Mark_128        2460461.39856   0.00262   0.00194   30.68   61.44  0.00126  0.00199  0.00230  0.00193  1034.33  1086.76  1034.69   987.31  1080.52  1032.04   981.16  1031.78
Mark_128        2460461.39895   0.00164   0.00197   29.38   61.44  0.00085  0.00201  0.00140  0.00196  1034.51  1086.81  1034.83   987.41  1080.67  1032.16   981.28  1031.86
Mark_131        2460459.41117   0.00255   0.00169  -25.12   26.14  0.00163  0.00171 -0.00196  0.00167  1031.82  1083.06  1032.24   983.62  1077.53  1028.61   978.11  1028.18
Mark_131        2460459.41155   0.00320   0.00176   -4.48   19.72  0.00316  0.00176 -0.00050  0.00172  1031.77  1083.08  1032.17   983.60  1077.60  1028.58   978.20  1028.26
Mark_131        2460459.41182   0.00395   0.00180   -7.14   15.24  0.00383  0.00180 -0.00097  0.00175  1032.55  1082.45  1032.94   983.00  1078.41  1027.65   978.93  1027.40
Mark_131        2460459.41207   0.00503   0.00197    1.67   12.54  0.00502  0.00197  0.00029  0.00191  1032.98  1082.80  1033.43   983.34  1079.05  1028.44   979.66  1028.16
Mark_131        2460459.41245   0.00320   0.00189   11.37   21.87  0.00295  0.00190  0.00124  0.00185  1031.80  1082.49  1032.20   983.08  1077.86  1027.80   978.42  1027.42
Mark_131        2460459.41271   0.00335   0.00183    2.26   19.55  0.00334  0.00183  0.00026  0.00178  1032.37  1082.61  1032.74   983.17  1078.35  1028.39   978.96  1028.10
Mark_131        2460459.41296   0.00479   0.00180   -3.12   11.95  0.00477  0.00180 -0.00052  0.00175  1032.51  1082.49  1032.85   983.07  1078.32  1027.72   978.87  1027.49
Mark_131        2460459.41322   0.00328   0.00196  -45.43   22.35 -0.00005  0.00201 -0.00328  0.00196  1033.05  1082.80  1033.39   983.39  1079.05  1028.23   979.60  1027.99
Mark_132        2460460.38431   0.00392   0.00156   48.38   12.79 -0.00046  0.00159  0.00389  0.00156  1031.22  1083.45  1031.48   984.05  1078.72  1028.83   979.38  1028.53
Mark_132        2460460.38455   0.00622   0.00155   65.15    7.45 -0.00402  0.00157  0.00474  0.00153  1032.36  1084.05  1032.69   984.72  1079.79  1029.36   980.49  1029.00
Mark_132        2460460.38479   0.00146   0.00153   39.54   61.44  0.00028  0.00156  0.00143  0.00153  1031.37  1083.43  1031.66   984.04  1078.84  1028.63   979.43  1028.38
Mark_132        2460460.38503   0.00257   0.00155   12.12   22.51  0.00235  0.00155  0.00106  0.00152  1031.39  1083.81  1031.79   984.36  1078.60  1029.36   979.24  1029.02
Mark_132        2460460.38528   0.00288   0.00153   60.52   18.86 -0.00148  0.00156  0.00247  0.00152  1031.23  1083.57  1031.62   984.12  1078.65  1028.84   979.30  1028.49
Mark_132        2460460.38552   0.00330   0.00152   35.09   15.47  0.00112  0.00156  0.00311  0.00152  1032.17  1083.09  1032.59   983.60  1079.54  1028.34   980.15  1028.07
Mark_132        2460460.38576   0.00328   0.00155   -1.20   16.05  0.00328  0.00155 -0.00014  0.00152  1032.13  1083.99  1032.50   984.61  1079.48  1029.32   980.04  1029.01
Mark_132        2460460.38602   0.00388   0.00153   30.52   12.69  0.00188  0.00155  0.00339  0.00152  1031.81  1084.13  1032.23   984.66  1079.13  1029.33   979.76  1029.03
Mark_141        2460460.32655   0.00209   0.00187   13.92   61.44  0.00185  0.00188  0.00098  0.00184  1028.33  1080.69  1028.65   981.29  1075.73  1026.21   976.35  1025.88
Mark_141        2460460.32685   0.00390   0.00188  -12.94   16.38  0.00351  0.00188 -0.00170  0.00184  1028.39  1079.84  1028.78   980.28  1075.96  1025.37   976.48  1025.06
Mark_141        2460460.32715   0.00378   0.00187   25.22   16.97  0.00241  0.00190  0.00292  0.00185  1028.46  1079.41  1028.75   979.99  1075.86  1024.83   976.49  1024.49
Mark_141        2460460.32745   0.00176   0.00189    8.33   61.44  0.00169  0.00189  0.00051  0.00184  1027.55  1079.13  1027.97   979.57  1075.08  1024.48   975.64  1024.25
Mark_141        2460460.32775   0.00199   0.00188   -7.51   61.44  0.00192  0.00189 -0.00052  0.00185  1026.92  1079.95  1027.32   980.39  1074.35  1025.39   974.91  1025.13
Mark_141        2460460.32806   0.00305   0.00186   17.97   23.04  0.00247  0.00188  0.00179  0.00184  1026.17  1079.63  1026.43   980.17  1073.34  1025.09   973.89  1024.80
Mark_141        2460460.32836   0.00319   0.00188   -0.50   21.87  0.00319  0.00188 -0.00006  0.00185  1027.97  1081.15  1028.34   981.69  1075.40  1026.78   975.94  1026.50
Mark_141        2460460.32866   0.00247   0.00187  -15.67   61.44  0.00211  0.00188 -0.00129  0.00183  1027.26  1080.14  1027.69   980.65  1074.69  1025.82   975.27  1025.49
Mark_144        2460461.40792   0.00439   0.00169    1.41   12.27  0.00439  0.00169  0.00022  0.00164  1032.24  1083.75  1032.56   984.33  1078.49  1029.05   979.03  1028.80
Mark_144        2460461.40859   0.00130   0.00167  -62.53   61.44 -0.00075  0.00170 -0.00106  0.00166  1033.40  1084.54  1033.83   985.12  1079.81  1029.91   980.37  1029.67
Mark_144        2460461.40891   0.00139   0.00167  -22.32   61.44  0.00099  0.00169 -0.00097  0.00165  1032.48  1083.89  1032.80   984.46  1078.70  1029.30   979.23  1029.04
Mark_144        2460461.40924   0.00284   0.00165  -46.75   21.34 -0.00017  0.00168 -0.00283  0.00165  1031.69  1083.67  1032.08   984.12  1077.94  1028.89   978.51  1028.64
Mark_144        2460461.40956   0.00274   0.00163   43.84   22.14  0.00011  0.00168  0.00274  0.00163  1033.02  1084.56  1033.44   985.15  1079.24  1030.06   979.81  1029.78
Mark_144        2460461.40988   0.00076   0.00168   82.39   61.44 -0.00073  0.00168  0.00020  0.00164  1033.64  1083.62  1034.01   984.17  1079.75  1029.14   980.35  1028.82
Mark_144        2460461.41021   0.00164   0.00165  -45.59   61.44 -0.00003  0.00169 -0.00164  0.00165  1033.03  1083.45  1033.43   983.95  1079.21  1028.75   979.77  1028.47
Mark_144        2460461.41075   0.00362   0.00167   66.27   15.49 -0.00245  0.00169  0.00266  0.00165  1032.80  1084.48  1033.15   984.99  1078.95  1029.80   979.50  1029.51
Mark_149        2460461.36021   0.00402   0.00096    2.61    7.11  0.00400  0.00096  0.00037  0.00094  1030.63  1079.01  1030.98   979.54  1076.84  1024.39   977.42  1024.12
Mark_149        2460461.36045   0.00415   0.00095   -5.01    6.83  0.00408  0.00095 -0.00072  0.00093  1030.14  1078.48  1030.48   979.02  1076.34  1023.79   976.91  1023.52
Mark_149        2460461.36069   0.00226   0.00095  -15.69   13.71  0.00193  0.00096 -0.00118  0.00094  1030.08  1078.41  1030.43   978.93  1076.29  1023.77   976.87  1023.50
Mark_149        2460461.36094   0.00206   0.00094  -29.20   15.25  0.00108  0.00096 -0.00176  0.00093  1031.02  1079.61  1031.37   980.15  1077.23  1024.98   977.82  1024.72
Mark_149        2460461.36118   0.00144   0.00096    0.96   26.45  0.00144  0.00096  0.00005  0.00094  1030.40  1079.08  1030.76   979.61  1076.63  1024.43   977.22  1024.17
Mark_149        2460461.36142   0.00232   0.00095   11.81   13.33  0.00212  0.00096  0.00093  0.00093  1030.53  1078.59  1030.88   979.12  1076.66  1023.89   977.24  1023.62
Mark_149        2460461.36167   0.00203   0.00094  -26.99   15.51  0.00120  0.00095 -0.00164  0.00093  1030.07  1078.88  1030.42   979.43  1076.22  1024.23   976.80  1023.97
Mark_149        2460461.36191   0.00459   0.00096   -4.05    6.16  0.00454  0.00096 -0.00065  0.00093  1030.99  1079.25  1031.35   979.78  1077.18  1024.61   977.78  1024.34
Mark_150        2460460.41052   0.00151   0.00130   21.12   61.44  0.00112  0.00131  0.00101  0.00129  1031.45  1083.97  1031.84   984.39  1079.31  1029.16   979.85  1028.86
Mark_150        2460460.41078   0.00046   0.00131  -70.86   61.44 -0.00036  0.00132 -0.00029  0.00129  1031.68  1084.41  1031.96   984.93  1079.48  1029.57   980.08  1029.32
Mark_150        2460460.41103   0.00195   0.00132   11.26   26.92  0.00180  0.00132  0.00075  0.00129  1031.71  1083.17  1032.00   983.72  1079.56  1028.46   980.13  1028.22
Mark_150        2460460.41155   0.00108   0.00131   19.91   61.44  0.00083  0.00132  0.00069  0.00129  1031.78  1084.08  1032.21   984.40  1079.58  1029.45   980.20  1029.11
Mark_150        2460460.41181   0.00183   0.00130   30.93   61.44  0.00086  0.00131  0.00162  0.00130  1031.11  1084.23  1031.44   984.69  1078.62  1029.40   979.20  1029.08
Mark_150        2460460.41219   0.00284   0.00132    9.21   15.71  0.00269  0.00133  0.00090  0.00129  1033.34  1083.76  1033.67   984.19  1081.30  1029.03   981.87  1028.73
Mark_150        2460460.41244   0.00245   0.00129  -47.97   18.55 -0.00025  0.00131 -0.00244  0.00129  1033.38  1084.39  1033.71   984.85  1080.77  1029.64   981.38  1029.36
Mark_150        2460460.41270   0.00086   0.00132  -79.93   61.44 -0.00080  0.00132 -0.00029  0.00130  1031.47  1083.97  1031.75   984.53  1079.25  1029.11   979.80  1028.82
Mark_151        2460461.43060   0.00265   0.00273  -37.91   61.44  0.00065  0.00279 -0.00256  0.00273  1031.31  1083.04  1031.64   983.58  1077.45  1028.33   978.07  1028.07
Mark_151        2460461.43094   0.00174   0.00218    9.92   61.44  0.00164  0.00218  0.00059  0.00214  1030.11  1082.40  1030.53   982.89  1076.36  1027.63   976.81  1027.45
Mark_151        2460461.43127   0.00068   0.00213   70.21   61.44 -0.00053  0.00216  0.00043  0.00210  1029.61  1081.28  1029.97   981.79  1075.76  1026.57   976.26  1026.29
Mark_151        2460461.43161   0.00113   0.00187  -20.25   61.44  0.00086  0.00189 -0.00073  0.00184  1033.12  1082.36  1033.44   982.88  1079.33  1027.65   979.92  1027.36
Mark_151        2460461.43194   0.00033   0.00344  -52.54   61.44 -0.00009  0.00355 -0.00032  0.00343  1032.08  1082.02  1032.33   982.55  1078.12  1027.43   978.71  1027.21
Mark_151        2460461.43228   0.00272   0.00341  -11.24   61.44  0.00251  0.00342 -0.00104  0.00331  1032.63  1083.33  1033.00   983.93  1078.85  1028.75   979.41  1028.43
Mark_151        2460461.43262   0.00201   0.00190   -6.02   61.44  0.00197  0.00190 -0.00042  0.00185  1031.99  1082.47  1032.35   982.95  1078.13  1027.86   978.68  1027.57
Mark_151        2460461.43295   0.00184   0.00228   30.58   61.44  0.00089  0.00232  0.00161  0.00226  1030.95  1082.06  1031.32   982.55  1077.18  1027.41   977.72  1027.12
Mark_151        2460461.43336   0.00437   0.00187   36.59   14.05  0.00126  0.00193  0.00418  0.00186  1032.73  1082.77  1033.09   983.30  1078.94  1028.13   979.44  1027.87
Mark_151        2460461.43369   0.00313   0.00187   21.52   22.31  0.00229  0.00189  0.00213  0.00184  1031.91  1082.26  1032.26   982.73  1078.14  1027.51   978.64  1027.31
Mark_151        2460461.43403   0.00595   0.00189   -6.52    9.79  0.00580  0.00189 -0.00134  0.00183  1033.39  1082.57  1033.67   983.12  1079.39  1028.03   980.03  1027.70
Mark_151        2460461.43436   0.00252   0.00189    5.36   61.44  0.00247  0.00189  0.00047  0.00184  1032.31  1082.29  1032.62   982.80  1078.50  1027.67   979.04  1027.40
Mark_154        2460461.42704   0.00120   0.00196  -79.74   61.44 -0.00113  0.00197 -0.00042  0.00191  1035.14  1080.56  1035.48   981.12  1081.30  1025.89   981.91  1025.64
Mark_154        2460461.42734   0.00344   0.00199    4.02   21.26  0.00340  0.00199  0.00048  0.00192  1035.22  1079.96  1035.54   980.40  1081.37  1025.26   982.03  1024.96
Mark_154        2460461.42764   0.00401   0.00191   57.23   16.20 -0.00166  0.00196  0.00365  0.00190  1034.89  1081.36  1035.21   981.91  1081.06  1026.63   981.65  1026.41
Mark_154        2460461.42794   0.00277   0.00190   36.86   27.58  0.00078  0.00195  0.00266  0.00189  1034.81  1081.38  1035.15   981.90  1080.96  1026.74   981.51  1026.45
Mark_154        2460461.42824   0.00293   0.00192   23.14   25.68  0.00202  0.00195  0.00212  0.00189  1034.73  1081.32  1035.06   981.83  1080.81  1026.53   981.37  1026.27
Mark_154        2460461.42854   0.00634   0.00192   15.36    9.28  0.00545  0.00194  0.00324  0.00188  1034.67  1083.24  1035.02   983.79  1080.75  1028.60   981.34  1028.34
Mark_154        2460461.42884   0.00059   0.00195  -89.64   61.44 -0.00059  0.00195 -0.00001  0.00190  1034.77  1082.83  1035.10   983.41  1080.90  1028.27   981.46  1028.02
Mark_154        2460461.42914   0.00127   0.00195   -6.60   61.44  0.00123  0.00195 -0.00029  0.00190  1034.37  1082.20  1034.70   982.72  1080.66  1027.52   981.23  1027.29
Mark_163        2460426.36785   0.00486   0.00211   11.95   14.33  0.00444  0.00212  0.00197  0.00206  1030.49  1081.84  1031.08   982.40  1075.81  1027.36   976.49  1026.83
Mark_163        2460426.36810   0.00929   0.00209   25.86    6.69  0.00576  0.00214  0.00729  0.00207  1030.30  1081.73  1030.84   982.38  1076.35  1026.93   976.93  1026.53
Mark_163        2460426.36836   0.00803   0.00212   22.40    7.95  0.00570  0.00215  0.00566  0.00210  1030.77  1081.95  1031.49   982.60  1076.20  1027.38   976.75  1026.82
Mark_163        2460426.36862   0.00868   0.00207   22.89    7.11  0.00605  0.00210  0.00622  0.00205  1031.10  1082.51  1031.66   983.08  1075.93  1028.13   976.51  1027.60
Mark_163        2460426.36888   0.00840   0.00208   27.57    7.40  0.00480  0.00212  0.00690  0.00206  1030.13  1081.29  1030.74   981.87  1075.17  1026.83   975.83  1026.29
Mark_163        2460426.36925   0.00668   0.00212   26.75    9.77  0.00397  0.00216  0.00537  0.00209  1031.11  1083.04  1031.65   983.57  1075.82  1028.56   976.39  1027.93
Mark_163        2460426.36950   0.00671   0.00217   11.06    9.99  0.00621  0.00218  0.00253  0.00211  1030.82  1081.30  1031.35   981.91  1075.67  1026.83   976.19  1026.44
Mark_163        2460426.36976   0.00904   0.00210   20.49    6.92  0.00682  0.00213  0.00593  0.00207  1029.92  1082.59  1030.59   983.23  1075.40  1028.61   976.07  1028.12
Mark_164        2460426.37161   0.00498   0.00244   26.15   16.82  0.00305  0.00251  0.00394  0.00240  1028.16  1080.44  1028.74   981.03  1073.11  1025.63   973.64  1025.18
Mark_164        2460426.37193   0.00276   0.00243   44.79   61.44  0.00002  0.00252  0.00276  0.00243  1027.60  1079.62  1028.11   980.19  1072.53  1024.82   973.22  1024.29
Mark_164        2460426.37226   0.00521   0.00245   30.11   15.92  0.00259  0.00252  0.00452  0.00243  1027.05  1078.99  1027.76   979.56  1072.16  1024.32   972.78  1023.83
Mark_164        2460426.37258   0.00624   0.00233   39.88   11.83  0.00111  0.00239  0.00614  0.00233  1028.06  1079.98  1028.63   980.59  1073.22  1025.24   973.73  1024.75
Mark_164        2460426.37291   0.00410   0.00240   60.24   21.63 -0.00208  0.00246  0.00354  0.00238  1026.76  1078.87  1027.34   979.34  1072.48  1024.40   972.87  1023.96
Mark_164        2460426.37323   0.00864   0.00241   -5.77    8.45  0.00846  0.00241 -0.00173  0.00234  1029.14  1077.86  1029.81   978.44  1074.35  1023.22   974.89  1022.77
Mark_164        2460426.37355   0.01174   0.00247    9.63    6.21  0.01108  0.00248  0.00387  0.00238  1030.86  1079.18  1031.49   979.73  1075.57  1024.73   976.14  1024.10
Mark_166        2460426.37557   0.00408   0.00165   17.04   13.06  0.00338  0.00166  0.00229  0.00162  1028.65  1081.49  1029.31   982.16  1074.21  1027.14   974.71  1026.57
Mark_166        2460426.37576   0.00327   0.00175  -25.78   18.99  0.00203  0.00178 -0.00256  0.00173  1029.87  1080.61  1030.69   981.37  1075.17  1025.99   975.60  1025.52
Mark_166        2460426.37596   0.00490   0.00168   24.09   10.68  0.00327  0.00170  0.00365  0.00166  1028.84  1081.48  1029.31   981.85  1073.72  1027.06   974.41  1026.55
Mark_166        2460426.37616   0.00204   0.00168   42.40   61.44  0.00018  0.00172  0.00203  0.00168  1029.26  1080.72  1029.89   981.26  1074.41  1026.10   975.00  1025.58
Mark_166        2460426.37635   0.00348   0.00172  -20.99   16.94  0.00259  0.00173 -0.00233  0.00170  1030.53  1081.02  1031.12   981.61  1075.70  1026.45   976.22  1025.96
Mark_166        2460426.37668   0.00334   0.00171   -4.90   17.80  0.00329  0.00171 -0.00057  0.00167  1028.89  1081.89  1029.55   982.46  1074.37  1027.11   975.01  1026.70
Mark_166        2460426.37688   0.00605   0.00168    6.68    8.41  0.00588  0.00168  0.00140  0.00165  1029.96  1081.53  1030.57   982.21  1075.44  1027.01   976.08  1026.44
Mark_166        2460426.37707   0.00252   0.00168   -8.43   26.52  0.00241  0.00169 -0.00073  0.00165  1029.61  1081.20  1030.29   981.78  1075.19  1026.58   975.89  1026.09
Mark_167        2460459.33637   0.00047   0.00218   -1.77   61.44  0.00047  0.00218 -0.00003  0.00213  1029.56  1085.10  1029.96   985.70  1076.00  1030.48   976.63  1030.20
Mark_167        2460459.33669   0.00290   0.00214   59.06   61.44 -0.00137  0.00218  0.00256  0.00213  1029.24  1084.58  1029.60   985.09  1075.36  1029.87   976.01  1029.61
Mark_167        2460459.33701   0.00407   0.00219   -3.16   19.08  0.00405  0.00219 -0.00045  0.00215  1029.04  1084.04  1029.39   984.65  1075.16  1029.07   975.80  1028.83
Mark_167        2460459.33734   0.00442   0.00218    6.41   16.99  0.00431  0.00218  0.00098  0.00214  1028.81  1083.19  1029.19   983.73  1075.01  1028.55   975.52  1028.30
Mark_167        2460459.33766   0.00510   0.00217   20.19   13.93  0.00388  0.00219  0.00330  0.00214  1028.57  1082.71  1028.95   983.29  1074.93  1027.90   975.53  1027.68
Mark_167        2460459.33799   0.00317   0.00218    8.65   27.74  0.00303  0.00219  0.00094  0.00212  1032.64  1081.84  1033.06   982.46  1078.48  1027.34   979.09  1027.04
Mark_167        2460459.33832   0.00463   0.00218   -9.10   15.96  0.00440  0.00219 -0.00145  0.00213  1032.94  1081.32  1033.36   981.85  1079.03  1026.71   979.68  1026.38
Mark_167        2460459.33865   0.00178   0.00214  -35.90   61.44  0.00056  0.00218 -0.00169  0.00213  1032.35  1081.56  1032.69   982.17  1078.24  1027.15   978.86  1026.86
Mark_167        2460459.33899   0.00429   0.00219   -3.33   17.73  0.00426  0.00219 -0.00050  0.00213  1032.09  1081.23  1032.43   981.74  1078.19  1026.68   978.82  1026.41
Mark_167        2460459.33932   0.00445   0.00221   -4.51   17.06  0.00440  0.00221 -0.00070  0.00214  1031.36  1080.43  1031.82   980.95  1077.35  1026.02   977.99  1025.71
Mark_167        2460459.33964   0.00342   0.00217   73.40   24.45 -0.00286  0.00219  0.00187  0.00214  1030.85  1083.72  1031.32   984.31  1077.05  1029.11   977.69  1028.84
Mark_167        2460459.33997   0.00353   0.00216   22.74   23.20  0.00247  0.00219  0.00251  0.00214  1029.83  1082.72  1030.20   983.33  1075.79  1028.27   976.34  1027.99
Mark_168        2460460.38807   0.00284   0.00223  -42.30   61.44  0.00027  0.00228 -0.00282  0.00223  1031.50  1084.07  1031.81   984.64  1079.06  1029.42   979.65  1029.13
Mark_168        2460460.38840   0.00463   0.00221  -44.83   16.16  0.00003  0.00228 -0.00463  0.00221  1032.28  1083.40  1032.64   983.94  1080.16  1028.67   980.81  1028.36
Mark_168        2460460.38874   0.00108   0.00226   84.60   61.44 -0.00106  0.00226  0.00020  0.00222  1032.36  1083.94  1032.71   984.60  1080.03  1029.24   980.69  1028.96
Mark_168        2460460.38907   0.00029   0.00223   15.47   61.44  0.00025  0.00225  0.00015  0.00219  1031.74  1084.87  1032.13   985.44  1079.38  1030.10   979.95  1029.81
Mark_168        2460460.38941   0.00227   0.00225   11.81   61.44  0.00208  0.00226  0.00091  0.00220  1031.47  1083.60  1031.82   984.11  1079.17  1028.83   979.81  1028.51
Mark_168        2460460.38976   0.00614   0.00221  -33.95   11.37  0.00231  0.00226 -0.00569  0.00221  1031.49  1083.81  1031.86   984.27  1078.97  1029.05   979.53  1028.77
Mark_168        2460460.39009   0.00414   0.00228   -4.57   19.70  0.00409  0.00228 -0.00066  0.00222  1032.17  1083.45  1032.50   984.00  1079.61  1028.94   980.28  1028.58
Mark_168        2460460.39043   0.00429   0.00227  -24.68   18.64  0.00279  0.00230 -0.00326  0.00224  1031.95  1083.66  1032.36   984.18  1079.71  1028.93   980.29  1028.62
Mark_171        2460459.38679   0.00384   0.00208  -27.21   19.32  0.00223  0.00212 -0.00312  0.00206  1031.61  1083.68  1032.04   984.27  1078.00  1029.04   978.59  1028.74
Mark_171        2460459.38708   0.00413   0.00210   16.19   17.66  0.00349  0.00211  0.00221  0.00206  1031.68  1083.36  1032.09   983.91  1077.56  1028.93   978.20  1028.64
Mark_171        2460459.38737   0.00411   0.00212  -12.67   18.10  0.00371  0.00213 -0.00176  0.00208  1031.02  1082.67  1031.38   983.25  1076.96  1028.13   977.55  1027.79
Mark_171        2460459.38766   0.00493   0.00210  -29.98   13.93  0.00247  0.00214 -0.00427  0.00208  1030.28  1082.22  1030.67   982.78  1076.32  1027.78   976.92  1027.41
Mark_171        2460459.38795   0.00537   0.00214   -5.49   12.82  0.00528  0.00214 -0.00102  0.00208  1031.00  1081.74  1031.43   982.34  1076.69  1027.48   977.35  1027.09
Mark_171        2460459.38824   0.00518   0.00223    5.13   14.20  0.00509  0.00224  0.00092  0.00217  1030.83  1081.39  1031.22   981.92  1076.58  1026.69   977.22  1026.41
Mark_171        2460459.38853   0.00646   0.00225   -4.54   10.87  0.00638  0.00225 -0.00102  0.00218  1030.62  1080.99  1031.04   981.46  1076.76  1026.53   977.44  1026.26
Mark_171        2460459.38882   0.00569   0.00232  -11.52   13.21  0.00524  0.00233 -0.00223  0.00227  1029.91  1080.36  1030.32   980.86  1076.36  1025.97   976.99  1025.63
Mark_182        2460459.32904   0.00282   0.00147   16.82   18.29  0.00235  0.00148  0.00157  0.00145  1033.89  1083.86  1034.31   984.48  1079.88  1029.04   980.56  1028.74
Mark_182        2460459.32924   0.00461   0.00148   10.54    9.94  0.00430  0.00149  0.00166  0.00145  1034.32  1084.39  1034.69   984.95  1080.45  1029.98   981.10  1029.67
Mark_182        2460459.32943   0.00348   0.00147  -14.55   13.85  0.00304  0.00148 -0.00169  0.00145  1035.25  1084.27  1035.64   984.84  1080.85  1029.81   981.46  1029.48
Mark_182        2460459.32979   0.00124   0.00146  -38.10   61.44  0.00029  0.00149 -0.00120  0.00145  1033.86  1083.36  1034.30   983.88  1079.46  1028.68   980.03  1028.46
Mark_182        2460459.32999   0.00228   0.00147   18.81   24.91  0.00181  0.00148  0.00139  0.00145  1033.89  1083.33  1034.31   983.89  1080.01  1028.73   980.74  1028.44
Mark_182        2460459.33019   0.00505   0.00148  -12.73    8.97  0.00456  0.00149 -0.00217  0.00146  1033.24  1083.58  1033.62   984.19  1079.33  1028.89   979.99  1028.60
Mark_182        2460459.33056   0.00418   0.00149  -13.68   11.19  0.00371  0.00149 -0.00192  0.00146  1032.71  1083.47  1033.15   984.10  1079.19  1029.00   979.85  1028.70
Mark_182        2460459.33075   0.00512   0.00149   -7.28    8.84  0.00496  0.00149 -0.00129  0.00146  1034.16  1084.42  1034.53   984.97  1080.05  1029.62   980.76  1029.30
Mark_183        2460461.36721   0.00173   0.00210   33.28   61.44  0.00069  0.00214  0.00158  0.00209  1032.45  1085.63  1032.75   986.20  1078.71  1031.07   979.35  1030.74
Mark_183        2460461.36757   0.00492   0.00206   37.10   13.72  0.00134  0.00212  0.00473  0.00206  1032.62  1084.98  1033.04   985.50  1078.85  1030.40   979.37  1030.11
Mark_183        2460461.36793   0.00408   0.00206   48.61   17.47 -0.00051  0.00212  0.00405  0.00206  1032.63  1085.55  1032.96   986.07  1078.86  1030.93   979.44  1030.67
Mark_183        2460461.36829   0.00092   0.00209   22.71   61.44  0.00065  0.00211  0.00066  0.00206  1032.40  1085.69  1032.80   986.31  1078.72  1031.18   979.35  1030.91
Mark_183        2460461.36865   0.00294   0.00210   13.67   61.44  0.00261  0.00212  0.00135  0.00205  1032.85  1085.15  1033.22   985.71  1079.14  1030.52   979.70  1030.33
Mark_183        2460461.36900   0.00195   0.00213    9.94   61.44  0.00184  0.00213  0.00066  0.00208  1032.95  1085.19  1033.33   985.74  1079.30  1030.64   979.88  1030.43
Mark_183        2460461.36937   0.00272   0.00207   57.83   61.44 -0.00118  0.00211  0.00245  0.00206  1032.60  1085.58  1032.96   986.17  1078.86  1031.06   979.41  1030.79
Mark_183        2460461.36973   0.00338   0.00209   18.40   23.55  0.00270  0.00211  0.00202  0.00206  1032.31  1085.77  1032.62   986.38  1078.52  1031.20   979.12  1030.95
Mark_184        2460459.33190   0.00559   0.00223  -23.21   12.84  0.00385  0.00226 -0.00405  0.00220  1031.23  1084.39  1031.70   985.05  1077.34  1029.61   977.93  1029.37
Mark_184        2460459.33225   0.00125   0.00219  -45.14   61.44 -0.00001  0.00225 -0.00125  0.00219  1031.32  1083.50  1031.71   984.13  1077.44  1028.75   978.07  1028.50
Mark_184        2460459.33259   0.00392   0.00221   28.58   20.50  0.00213  0.00225  0.00330  0.00220  1031.05  1082.91  1031.50   983.49  1077.03  1028.22   977.75  1027.95
Mark_184        2460459.33294   0.00453   0.00225   -7.71   17.10  0.00437  0.00225 -0.00120  0.00220  1031.26  1082.20  1031.63   982.75  1077.23  1027.51   977.93  1027.17
Mark_184        2460459.33329   0.00365   0.00224   16.31   23.15  0.00307  0.00225  0.00197  0.00219  1031.59  1081.41  1031.99   982.04  1077.43  1026.97   978.17  1026.59
Mark_184        2460459.33363   0.00435   0.00225   -8.78   18.04  0.00415  0.00225 -0.00131  0.00220  1031.39  1083.25  1031.76   983.84  1077.51  1028.65   978.16  1028.31
Mark_184        2460459.33398   0.00688   0.00224   -0.24   10.09  0.00688  0.00224 -0.00006  0.00219  1031.42  1084.13  1031.88   984.76  1077.08  1029.57   977.74  1029.30
Mark_184        2460459.33433   0.00307   0.00225  -11.73   61.44  0.00282  0.00226 -0.00122  0.00220  1030.41  1083.37  1030.76   984.06  1076.65  1028.99   977.26  1028.72
Mark_188        2460426.38709   0.00200   0.00247  -67.55   61.44 -0.00141  0.00250 -0.00141  0.00243  1026.41  1084.01  1026.94   984.59  1071.66  1029.22   972.18  1028.72
Mark_188        2460426.38741   0.00622   0.00248    9.91   12.84  0.00586  0.00249  0.00211  0.00242  1026.32  1084.32  1026.92   984.90  1071.77  1029.83   972.23  1029.22
Mark_188        2460426.38772   0.00154   0.00253   -9.14   61.44  0.00146  0.00254 -0.00048  0.00247  1029.50  1084.32  1029.95   985.00  1074.17  1029.54   974.86  1029.04
Mark_188        2460426.38803   0.00717   0.00245  -12.80   10.67  0.00646  0.00247 -0.00310  0.00240  1026.02  1083.60  1026.58   984.21  1071.57  1028.97   972.13  1028.46
Mark_188        2460426.38834   0.00283   0.00251   14.22   61.44  0.00249  0.00253  0.00135  0.00243  1025.33  1084.19  1025.99   984.83  1070.55  1029.71   971.08  1029.19
Mark_188        2460426.38866   0.00498   0.00245   30.37   16.89  0.00243  0.00252  0.00434  0.00243  1025.55  1083.50  1026.27   984.14  1071.21  1028.87   971.67  1028.42
Mark_188        2460426.38897   0.00404   0.00246  -23.09   23.01  0.00279  0.00251 -0.00291  0.00242  1027.14  1082.94  1027.74   983.56  1072.52  1028.54   973.03  1028.03
Mark_188        2460426.38928   0.00448   0.00249  -48.19   19.98 -0.00050  0.00261 -0.00445  0.00248  1026.35  1083.04  1026.96   983.58  1071.70  1028.72   972.20  1028.04
Mark_189        2460460.33574   0.00345   0.00147   11.23   13.95  0.00319  0.00147  0.00132  0.00144  1028.92  1082.71  1029.27   983.21  1076.71  1028.28   977.35  1027.95
Mark_189        2460460.33601   0.00545   0.00146  -15.97    8.05  0.00463  0.00147 -0.00288  0.00143  1028.91  1081.86  1029.26   982.43  1076.45  1027.00   977.04  1026.74
Mark_189        2460460.33626   0.00316   0.00145   11.44   15.41  0.00291  0.00146  0.00123  0.00143  1029.10  1082.57  1029.51   983.09  1076.66  1028.06   977.26  1027.74
Mark_189        2460460.33652   0.00225   0.00145   19.85   24.88  0.00173  0.00146  0.00144  0.00143  1028.67  1082.95  1029.08   983.44  1076.02  1028.32   976.62  1028.01
Mark_189        2460460.33677   0.00370   0.00145    9.18   12.54  0.00351  0.00145  0.00117  0.00142  1028.29  1082.94  1028.65   983.55  1075.95  1028.29   976.51  1027.98
Mark_189        2460460.33703   0.00027   0.00143   66.04   61.44 -0.00018  0.00145  0.00020  0.00142  1028.90  1082.72  1029.23   983.21  1076.43  1028.00   977.06  1027.70
Mark_189        2460460.33728   0.00240   0.00146   -3.14   22.80  0.00239  0.00146 -0.00026  0.00143  1029.39  1082.76  1029.83   983.21  1076.98  1028.03   977.55  1027.73
Mark_189        2460460.33753   0.00363   0.00145  -20.07   12.84  0.00277  0.00146 -0.00234  0.00143  1028.60  1082.27  1029.02   982.80  1076.34  1027.51   976.85  1027.28
Mark_191        2460438.32618   0.00145   0.00191  -48.91   61.44 -0.00020  0.00195 -0.00144  0.00191  1030.06  1082.70  1030.65   983.32  1075.45  1028.39   975.97  1027.79
Mark_191        2460438.32635   0.00095   0.00198   -1.31   61.44  0.00095  0.00198 -0.00004  0.00193  1030.57  1083.12  1031.19   983.68  1076.43  1028.73   976.98  1028.22
Mark_191        2460438.32669   0.00032   0.00197   88.57   61.44 -0.00031  0.00197  0.00002  0.00193  1029.51  1082.72  1030.17   983.30  1075.56  1028.47   976.06  1027.89
Mark_191        2460438.32686   0.00287   0.00193   55.76   26.67 -0.00105  0.00195  0.00267  0.00193  1029.92  1082.81  1030.48   983.42  1075.90  1028.35   976.47  1027.80
Mark_191        2460438.32733   0.00239   0.00193   55.68   61.44 -0.00087  0.00196  0.00222  0.00193  1029.80  1083.25  1030.46   983.80  1075.46  1028.88   975.99  1028.21
Mark_191        2460438.32750   0.00054   0.00192  -41.25   61.44  0.00007  0.00196 -0.00054  0.00192  1030.51  1083.01  1031.08   983.60  1076.34  1028.51   976.92  1027.92
Mark_191        2460438.32796   0.00120   0.00197   -7.01   61.44  0.00117  0.00197 -0.00029  0.00192  1029.85  1082.77  1030.39   983.36  1075.68  1028.32   976.30  1027.85
Mark_191        2460438.32814   0.00283   0.00197  -78.16   28.26 -0.00259  0.00198 -0.00114  0.00194  1029.74  1082.89  1030.40   983.51  1075.56  1028.66   976.10  1028.09
Mark_191        2460438.32860   0.00167   0.00197  -83.61   61.44 -0.00163  0.00197 -0.00037  0.00194  1028.96  1083.21  1029.53   983.79  1074.76  1028.57   975.39  1028.07
Mark_192        2460459.37657   0.00322   0.00163  -17.25   17.63  0.00265  0.00165 -0.00182  0.00160  1033.06  1078.59  1033.50   979.12  1078.74  1023.89   979.40  1023.59
Mark_192        2460459.37678   0.00124   0.00167  -31.04   61.44  0.00058  0.00170 -0.00110  0.00166  1032.69  1078.61  1033.08   979.18  1078.26  1024.35   978.91  1024.02
Mark_192        2460459.37699   0.00190   0.00168   -3.12   61.44  0.00188  0.00168 -0.00021  0.00163  1033.37  1078.30  1033.74   978.97  1079.40  1023.83   980.07  1023.54
Mark_192        2460459.37734   0.00208   0.00163  -24.25   61.44  0.00138  0.00166 -0.00156  0.00161  1034.34  1079.73  1034.73   980.30  1080.59  1025.01   981.23  1024.73
Mark_192        2460459.37755   0.00097   0.00160    9.86   61.44  0.00091  0.00161  0.00033  0.00157  1033.74  1079.32  1034.13   979.89  1079.60  1024.59   980.24  1024.26
Mark_192        2460459.37775   0.00250   0.00157  -34.40   24.04  0.00090  0.00161 -0.00233  0.00156  1032.43  1079.49  1032.87   980.00  1078.43  1024.82   979.10  1024.50
Mark_192        2460459.37810   0.00250   0.00156  -17.25   23.87  0.00206  0.00158 -0.00142  0.00153  1033.65  1078.70  1034.07   979.27  1079.54  1024.08   980.18  1023.79
Mark_192        2460459.37831   0.00173   0.00157    6.49   61.44  0.00169  0.00157  0.00039  0.00152  1034.46  1079.23  1034.90   979.77  1080.29  1025.03   980.98  1024.72
Mark_192        2460459.37852   0.00172   0.00156  -15.14   61.44  0.00148  0.00157 -0.00086  0.00152  1034.47  1078.82  1034.90   979.42  1080.35  1024.49   981.02  1024.15
Mark_193        2460460.37545   0.00498   0.00219   40.29   14.58  0.00082  0.00224  0.00491  0.00219  1029.74  1083.79  1030.10   984.35  1077.44  1029.31   978.10  1028.99
Mark_193        2460460.37580   0.00078   0.00224   83.12   61.44 -0.00076  0.00225  0.00019  0.00220  1029.71  1083.80  1030.03   984.34  1077.52  1029.26   978.12  1028.97
Mark_193        2460460.37612   0.00541   0.00222   51.03   13.29 -0.00113  0.00226  0.00529  0.00221  1030.01  1083.26  1030.20   983.96  1077.79  1028.67   978.38  1028.37
Mark_193        2460460.37647   0.00161   0.00223   67.97   61.44 -0.00116  0.00225  0.00112  0.00220  1029.59  1083.82  1029.96   984.39  1077.40  1029.10   977.99  1028.80
Mark_193        2460460.37720   0.00460   0.00223   54.33   16.53 -0.00147  0.00227  0.00436  0.00222  1029.78  1084.18  1030.11   984.81  1077.35  1029.57   977.94  1029.29
Mark_193        2460460.37753   0.00246   0.00223   73.53   61.44 -0.00206  0.00224  0.00134  0.00220  1030.03  1083.93  1030.40   984.51  1077.79  1029.07   978.45  1028.77
Mark_193        2460460.37787   0.00334   0.00224  -61.61   26.72 -0.00183  0.00228 -0.00279  0.00223  1029.52  1083.97  1029.94   984.53  1077.05  1029.50   977.65  1029.22
Mark_198        2460459.29524   0.00600   0.00212   11.27   11.07  0.00555  0.00213  0.00230  0.00209  1030.89  1076.32  1031.33   976.75  1076.29  1021.88   976.91  1021.56
Mark_198        2460459.29552   0.00217   0.00207   39.66   61.44  0.00040  0.00212  0.00213  0.00207  1029.61  1075.41  1030.02   975.93  1075.61  1020.93   976.20  1020.67
Mark_198        2460459.29580   0.00143   0.00212   89.17   61.44 -0.00143  0.00212  0.00004  0.00208  1028.65  1082.18  1029.02   982.74  1074.84  1027.51   975.44  1027.21
Mark_198        2460459.29608   0.00158   0.00211  -20.08   61.44  0.00121  0.00213 -0.00102  0.00208  1028.15  1081.48  1028.48   981.95  1073.82  1027.12   974.45  1026.80
Mark_198        2460459.29635   0.00478   0.00213    9.88   14.79  0.00450  0.00214  0.00162  0.00209  1027.37  1080.44  1027.70   981.04  1072.97  1026.21   973.51  1025.90
Mark_198        2460459.29663   0.00603   0.00213   21.76   11.07  0.00437  0.00214  0.00415  0.00211  1026.84  1079.68  1027.24   980.17  1072.76  1025.40   973.33  1025.06
Mark_200        2460438.31384   0.00467   0.00181   -2.55   12.41  0.00465  0.00181 -0.00041  0.00178  1030.91  1081.64  1031.44   982.25  1076.65  1027.12   977.32  1026.61
Mark_200        2460438.31422   0.00303   0.00179  -23.13   21.81  0.00210  0.00180 -0.00219  0.00177  1030.83  1080.62  1031.42   981.11  1076.46  1026.09   977.04  1025.53
Mark_200        2460438.31459   0.00483   0.00179   13.65   11.78  0.00429  0.00180  0.00222  0.00177  1030.61  1080.53  1031.26   981.13  1076.23  1025.82   976.81  1025.32
Mark_200        2460438.31498   0.00439   0.00180   11.80   13.27  0.00402  0.00180  0.00176  0.00176  1030.96  1080.11  1031.54   980.63  1076.92  1025.57   977.50  1024.95
Mark_200        2460438.31535   0.00387   0.00180    0.98   15.71  0.00386  0.00180  0.00013  0.00176  1031.76  1080.44  1032.44   980.94  1077.48  1025.74   978.08  1025.21
Mark_200        2460438.31572   0.00249   0.00179  -86.45   61.44 -0.00247  0.00179 -0.00031  0.00174  1031.73  1080.11  1032.35   980.69  1077.79  1025.72   978.45  1025.18
Mark_206        2460460.42905   0.00237   0.00180  -14.05   61.44  0.00209  0.00181 -0.00112  0.00176  1035.12  1079.31  1035.35   979.79  1082.50  1024.45   983.12  1024.24
Mark_206        2460460.42921   0.00109   0.00183  -85.08   61.44 -0.00108  0.00183 -0.00019  0.00177  1034.01  1078.22  1034.32   978.72  1081.48  1023.58   982.02  1023.36
Mark_206        2460460.42937   0.00151   0.00183   -6.04   61.44  0.00148  0.00183 -0.00032  0.00177  1034.09  1079.22  1034.46   979.54  1081.87  1024.50   982.40  1024.19
Mark_206        2460460.42954   0.00286   0.00180  -25.26   24.00  0.00182  0.00183 -0.00221  0.00177  1033.96  1079.34  1034.25   979.74  1081.57  1024.37   982.17  1024.07
Mark_206        2460460.42970   0.00316   0.00177  -46.05   20.30 -0.00012  0.00183 -0.00316  0.00177  1033.78  1079.00  1034.07   979.49  1081.76  1024.04   982.38  1023.76
Mark_206        2460460.42986   0.00369   0.00181   -3.39   16.86  0.00366  0.00181 -0.00044  0.00175  1033.47  1079.03  1033.80   979.42  1081.43  1023.92   982.08  1023.63
Mark_206        2460460.43002   0.00259   0.00182   -3.92   28.78  0.00256  0.00182 -0.00035  0.00177  1034.04  1079.79  1034.39   980.20  1081.96  1024.38   982.48  1024.09
Mark_206        2460460.43019   0.00339   0.00183   -2.48   19.24  0.00337  0.00183 -0.00029  0.00178  1032.99  1079.21  1033.34   979.75  1081.12  1024.29   981.70  1024.01
Mark_207        2460461.36366   0.00186   0.00096  -49.88   18.03 -0.00031  0.00098 -0.00183  0.00096  1033.52  1081.61  1033.92   982.18  1079.75  1027.03   980.40  1026.76
Mark_207        2460461.36389   0.00350   0.00097  -30.39    8.40  0.00171  0.00099 -0.00305  0.00096  1032.72  1081.17  1033.02   981.71  1079.02  1026.53   979.61  1026.31
Mark_207        2460461.36412   0.00138   0.00099    2.06   61.44  0.00138  0.00099  0.00010  0.00096  1033.41  1080.07  1033.78   980.62  1079.67  1025.46   980.38  1025.11
Mark_207        2460461.36436   0.00094   0.00097   61.87   61.44 -0.00052  0.00099  0.00078  0.00096  1033.67  1080.64  1034.03   981.21  1080.11  1025.92   980.74  1025.66
Mark_207        2460461.36459   0.00187   0.00098   11.24   18.50  0.00172  0.00098  0.00071  0.00096  1033.88  1080.58  1034.26   981.13  1080.18  1026.01   980.79  1025.73
Mark_207        2460461.36483   0.00167   0.00098  -13.58   21.77  0.00148  0.00099 -0.00076  0.00096  1033.06  1081.07  1033.38   981.62  1079.42  1026.43   979.99  1026.14
Mark_207        2460461.36506   0.00236   0.00098  -12.93   13.59  0.00212  0.00099 -0.00103  0.00096  1032.83  1080.71  1033.20   981.30  1079.24  1026.02   979.85  1025.73
Mark_207        2460461.36529   0.00161   0.00097  -28.51   22.39  0.00088  0.00098 -0.00135  0.00096  1033.66  1080.30  1034.01   980.82  1079.96  1025.70   980.55  1025.38
Mark_212        2460426.39204   0.00405   0.00245    6.80   22.67  0.00394  0.00245  0.00095  0.00242  1029.84  1087.10  1030.40   987.73  1075.14  1032.79   975.77  1032.29
Mark_212        2460426.39233   0.00144   0.00245   60.49   61.44 -0.00074  0.00250  0.00123  0.00243  1027.35  1086.76  1028.02   987.46  1072.40  1032.09   972.94  1031.69
Mark_212        2460426.39280   0.00283   0.00247  -48.83   61.44 -0.00038  0.00252 -0.00280  0.00247  1029.59  1086.28  1030.21   986.91  1074.80  1031.72   975.37  1031.27
Mark_212        2460426.39338   0.00858   0.00252  -22.56    8.96  0.00606  0.00257 -0.00608  0.00248  1029.64  1086.62  1030.23   987.39  1074.97  1031.89   975.45  1031.35
Mark_212        2460426.39384   0.00138   0.00255  -33.49   61.44  0.00054  0.00265 -0.00127  0.00254  1027.84  1086.73  1028.46   987.46  1073.91  1032.31   974.06  1031.83
Mark_212        2460426.39432   0.01019   0.00246  -25.22    7.21  0.00649  0.00246 -0.00785  0.00246  1029.71  1088.03  1030.40   988.52  1075.29  1033.37   975.80  1032.79
Mark_212        2460426.39461   0.00368   0.00258  -62.94   28.70 -0.00215  0.00263 -0.00298  0.00256  1029.32  1087.20  1029.96   987.77  1074.63  1032.36   974.97  1031.76
Mark_216        2460438.37749   0.00364   0.00192   21.39   18.61  0.00267  0.00194  0.00247  0.00190  1032.73  1085.61  1033.33   986.26  1078.39  1030.90   978.98  1030.38
Mark_216        2460438.37825   0.00307   0.00195   19.53   24.45  0.00238  0.00196  0.00193  0.00193  1034.83  1086.90  1035.44   987.54  1080.33  1032.27   980.94  1031.75
Mark_216        2460438.37867   0.00217   0.00193   26.44   61.44  0.00131  0.00196  0.00173  0.00192  1035.21  1086.62  1035.82   987.27  1080.79  1032.14   981.41  1031.61
Mark_216        2460438.37907   0.00208   0.00196   84.60   61.44 -0.00204  0.00196  0.00039  0.00192  1034.41  1086.63  1035.03   987.27  1080.19  1032.04   980.78  1031.49
Mark_216        2460438.37948   0.00612   0.00195    7.61    9.84  0.00591  0.00196  0.00161  0.00192  1035.31  1086.91  1035.91   987.57  1080.95  1032.37   981.54  1031.84
Mark_216        2460438.37988   0.00284   0.00194   68.38   27.51 -0.00207  0.00197  0.00195  0.00192  1035.43  1086.70  1036.02   987.34  1080.99  1032.07   981.59  1031.53
Mark_217        2460461.41250   0.00167   0.00190   47.17   61.44 -0.00013  0.00196  0.00167  0.00190  1032.17  1084.91  1032.46   985.41  1078.24  1030.24   978.82  1029.96
Mark_217        2460461.41284   0.00060   0.00195   -9.65   61.44  0.00057  0.00195 -0.00020  0.00190  1032.36  1084.37  1032.70   984.95  1078.49  1029.79   979.04  1029.52
Mark_217        2460461.41318   0.00232   0.00191  -23.72   61.44  0.00157  0.00194 -0.00171  0.00188  1032.75  1085.15  1033.09   985.72  1078.93  1030.44   979.49  1030.16
Mark_217        2460461.41354   0.00209   0.00196    7.41   61.44  0.00202  0.00196  0.00053  0.00191  1033.38  1084.67  1033.73   985.24  1079.52  1029.99   980.14  1029.71
Mark_217        2460461.41389   0.00496   0.00215   39.40   14.26  0.00096  0.00221  0.00486  0.00214  1033.55  1084.67  1033.92   985.27  1079.82  1030.14   980.34  1029.89
Mark_217        2460461.41436   0.00308   0.00195    5.47   24.25  0.00303  0.00195  0.00059  0.00190  1032.99  1084.32  1033.25   984.87  1079.15  1029.57   979.69  1029.40
Mark_217        2460461.41471   0.00189   0.00189   39.43   61.44  0.00037  0.00194  0.00186  0.00189  1032.78  1085.45  1033.14   985.98  1078.91  1030.75   979.50  1030.49
Mark_217        2460461.41506   0.00274   0.00195    9.09   61.44  0.00261  0.00195  0.00086  0.00190  1032.48  1084.42  1032.87   984.98  1078.72  1029.73   979.29  1029.49
Mark_219        2460432.32986   0.00725   0.00322    8.02   14.74  0.00697  0.00323  0.00200  0.00315  1031.30  1077.89  1031.88   978.46  1077.68  1023.19   978.39  1022.67
Mark_219        2460432.33010   0.00514   0.00324  -26.07   24.20  0.00316  0.00330 -0.00406  0.00321  1030.67  1077.12  1031.24   977.57  1076.95  1022.46   977.57  1021.95
Mark_219        2460432.33035   0.00592   0.00337    2.18   20.75  0.00590  0.00337  0.00045  0.00328  1030.53  1076.25  1031.08   976.76  1077.17  1021.53   977.82  1021.06
Mark_219        2460432.33059   0.00793   0.00342   -0.79   14.18  0.00793  0.00342 -0.00022  0.00335  1030.58  1075.20  1031.24   975.59  1077.01  1020.66   977.64  1020.15
Mark_219        2460432.33083   0.00522   0.00353  -63.04   27.02 -0.00307  0.00361 -0.00422  0.00350  1030.33  1078.13  1030.92   978.65  1076.77  1023.57   977.46  1023.08
Mark_219        2460432.33108   0.00683   0.00364    9.93   18.84  0.00643  0.00365  0.00232  0.00353  1029.56  1077.52  1030.21   978.11  1076.04  1022.88   976.67  1022.39
Mark_219        2460432.33132   0.00927   0.00376   -5.60   13.12  0.00909  0.00376 -0.00180  0.00370  1029.82  1081.11  1030.37   981.68  1076.51  1026.52   977.17  1025.98
Mark_219        2460432.33156   0.00349   0.00386  -79.96   61.44 -0.00327  0.00387 -0.00120  0.00381  1029.52  1080.26  1030.18   980.91  1076.18  1025.70   976.79  1025.23
Mark_219        2460432.33181   0.00538   0.00390  -18.49   61.44  0.00430  0.00391 -0.00324  0.00387  1029.52  1079.91  1030.14   980.42  1075.95  1025.39   976.50  1024.86
Mark_219        2460432.33205   0.00145   0.00373  -43.63   61.44  0.00007  0.00379 -0.00144  0.00373  1031.17  1079.04  1031.75   979.59  1077.30  1024.47   977.92  1023.93
Mark_221        2460460.39194   0.00423   0.00155   63.97   11.56 -0.00260  0.00157  0.00333  0.00153  1028.33  1085.08  1028.72   985.66  1075.73  1030.50   976.28  1030.16
Mark_221        2460460.39218   0.00266   0.00156   15.49   21.53  0.00228  0.00157  0.00137  0.00153  1029.84  1084.61  1030.20   985.15  1077.42  1029.77   978.03  1029.48
Mark_221        2460460.39242   0.00311   0.00153   37.81   16.89  0.00077  0.00156  0.00301  0.00153  1028.53  1084.10  1028.85   984.74  1076.07  1029.34   976.55  1029.03
Mark_221        2460460.39264   0.00264   0.00154   11.57   21.45  0.00243  0.00154  0.00104  0.00152  1027.95  1083.71  1028.27   984.17  1075.61  1029.26   976.16  1028.97
Mark_221        2460460.39288   0.00154   0.00156   11.04   61.44  0.00143  0.00156  0.00058  0.00154  1027.83  1084.87  1028.22   985.36  1075.63  1030.01   976.21  1029.71
Mark_221        2460460.39311   0.00093   0.00154   57.35   61.44 -0.00039  0.00156  0.00084  0.00154  1029.80  1083.29  1030.15   983.83  1077.41  1028.72   978.00  1028.46
Mark_221        2460460.39358   0.00042   0.00153  -42.05   61.44  0.00004  0.00156 -0.00041  0.00153  1028.36  1083.78  1028.72   984.30  1076.21  1028.97   976.76  1028.71
Mark_221B       2460460.39194   0.00472   0.00157   65.41   10.35 -0.00308  0.00159  0.00357  0.00156  1028.33  1085.08  1028.72   985.66  1075.73  1030.50   976.28  1030.16
Mark_221B       2460460.39218   0.00230   0.00157   18.94   27.58  0.00181  0.00159  0.00141  0.00155  1029.84  1084.61  1030.20   985.15  1077.42  1029.77   978.03  1029.48
Mark_221B       2460460.39242   0.00332   0.00155   38.71   15.81  0.00072  0.00159  0.00324  0.00155  1028.53  1084.10  1028.85   984.74  1076.07  1029.34   976.55  1029.03
Mark_221B       2460460.39264   0.00238   0.00157    9.23   26.03  0.00225  0.00157  0.00075  0.00156  1027.95  1083.71  1028.27   984.17  1075.61  1029.26   976.16  1028.97
Mark_221B       2460460.39288   0.00160   0.00158   12.87   61.44  0.00144  0.00158  0.00069  0.00157  1027.83  1084.87  1028.22   985.36  1075.63  1030.01   976.21  1029.71
Mark_221B       2460460.39311   0.00137   0.00157   59.37   61.44 -0.00066  0.00159  0.00120  0.00156  1029.80  1083.29  1030.15   983.83  1077.41  1028.72   978.00  1028.46
Mark_221B       2460460.39334   0.00598   0.00158   12.69    7.98  0.00540  0.00159  0.00256  0.00156  1029.54  1084.05  1029.91   984.54  1077.33  1029.13   977.87  1028.85
Mark_221B       2460460.39358   0.00054   0.00155  -42.66   61.44  0.00004  0.00158 -0.00054  0.00155  1028.36  1083.78  1028.72   984.30  1076.21  1028.97   976.76  1028.71
Mark_222        2460460.36804   0.00218   0.00176    9.67   61.44  0.00206  0.00177  0.00072  0.00173  1029.57  1083.27  1029.87   983.85  1077.08  1028.61   977.65  1028.35
Mark_222        2460460.36831   0.00127   0.00174  -26.10   61.44  0.00078  0.00176 -0.00100  0.00172  1029.90  1082.51  1030.24   983.00  1077.46  1027.91   978.01  1027.60
Mark_222        2460460.36858   0.00213   0.00176   75.43   61.44 -0.00186  0.00177  0.00104  0.00173  1029.19  1082.08  1029.61   982.66  1076.80  1027.43   977.37  1027.17
Mark_222        2460460.36884   0.00199   0.00176  -12.27   61.44  0.00181  0.00176 -0.00083  0.00172  1029.01  1081.96  1029.32   982.49  1076.74  1027.22   977.34  1026.91
Mark_222        2460460.36911   0.00310   0.00178   -6.12   21.01  0.00303  0.00178 -0.00066  0.00174  1029.03  1081.31  1029.31   981.88  1076.97  1026.58   977.52  1026.32
Mark_222        2460460.36937   0.00287   0.00177    7.03   23.36  0.00278  0.00177  0.00070  0.00173  1028.52  1080.89  1028.91   981.34  1076.49  1026.05   977.10  1025.75
Mark_222        2460460.36964   0.00278   0.00173   32.36   23.62  0.00119  0.00176  0.00251  0.00172  1028.35  1080.18  1028.70   980.69  1076.03  1025.54   976.56  1025.29
Mark_222        2460460.36991   0.00193   0.00173  -32.88   61.44  0.00079  0.00177 -0.00176  0.00172  1028.35  1079.83  1028.74   980.36  1076.12  1025.28   976.67  1024.98
Mark_223        2460459.32594   0.00227   0.00162  -18.01   61.44  0.00184  0.00163 -0.00134  0.00160  1029.64  1082.72  1030.04   983.21  1075.68  1028.09   976.26  1027.83
Mark_223        2460459.32622   0.00222   0.00162    9.27   61.44  0.00211  0.00162  0.00071  0.00158  1029.19  1083.45  1029.61   983.98  1075.51  1028.70   976.10  1028.35
Mark_223        2460459.32649   0.00630   0.00163    4.00    7.77  0.00624  0.00163  0.00088  0.00160  1029.51  1083.23  1029.91   983.86  1075.58  1028.46   976.21  1028.20
Mark_223        2460459.32677   0.00046   0.00162  -22.47   61.44  0.00033  0.00164 -0.00033  0.00160  1029.29  1083.31  1029.59   983.78  1075.36  1028.58   975.98  1028.31
Mark_223        2460459.32705   0.00335   0.00163    5.81   16.61  0.00328  0.00163  0.00068  0.00160  1029.66  1083.16  1029.92   983.70  1075.55  1028.48   976.16  1028.18
Mark_223        2460459.32733   0.00116   0.00164   -3.03   61.44  0.00115  0.00164 -0.00012  0.00160  1029.51  1082.70  1029.98   983.30  1075.56  1028.24   976.17  1027.92
Mark_223        2460459.32760   0.00180   0.00160   26.13   61.44  0.00110  0.00162  0.00142  0.00158  1029.61  1082.41  1030.06   983.04  1075.66  1027.82   976.31  1027.58
Mark_223        2460459.32788   0.00097   0.00160   34.37   61.44  0.00035  0.00163  0.00091  0.00160  1029.64  1082.87  1030.03   983.36  1075.62  1028.36   976.31  1028.09
Mark_225        2460460.39876   0.00552   0.00219   -5.93   12.73  0.00540  0.00219 -0.00114  0.00214  1032.64  1083.39  1032.94   983.94  1080.06  1028.60   980.65  1028.34
Mark_225        2460460.39909   0.00484   0.00219    0.81   15.07  0.00484  0.00219  0.00014  0.00213  1033.20  1083.01  1033.56   983.58  1080.76  1028.26   981.41  1027.98
Mark_225        2460460.39941   0.00273   0.00217   15.70   61.44  0.00233  0.00219  0.00142  0.00213  1033.04  1082.66  1033.39   983.18  1080.44  1027.67   981.06  1027.41
Mark_225        2460460.39973   0.00216   0.00220   14.06   61.44  0.00190  0.00222  0.00102  0.00215  1033.01  1082.25  1033.37   982.81  1080.40  1027.46   981.09  1027.14
Mark_225        2460460.40006   0.00308   0.00221  -14.04   61.44  0.00272  0.00223 -0.00145  0.00216  1033.12  1081.01  1033.52   981.52  1080.64  1026.47   981.31  1026.16
Mark_225        2460460.40038   0.00096   0.00219  -38.76   61.44  0.00021  0.00225 -0.00094  0.00219  1032.91  1082.47  1033.21   982.90  1080.39  1027.81   981.04  1027.47
Mark_225        2460460.40071   0.00577   0.00221   19.67   12.20  0.00447  0.00223  0.00366  0.00217  1033.05  1082.40  1033.46   982.89  1080.38  1027.52   980.95  1027.29
Mark_225        2460460.40103   0.00519   0.00221  -18.36   13.97  0.00416  0.00223 -0.00311  0.00217  1032.73  1082.00  1033.11   982.53  1079.91  1027.35   980.51  1027.04
Mark_225        2460460.40140   0.00646   0.00221   25.37   10.65  0.00409  0.00225  0.00500  0.00218  1032.81  1081.41  1033.17   981.94  1080.42  1026.66   981.09  1026.38
Mark_230        2460460.37145   0.00190   0.00218   82.76   61.44 -0.00184  0.00218  0.00048  0.00212  1029.93  1082.16  1030.25   982.64  1077.78  1027.52   978.38  1027.25
Mark_230        2460460.37177   0.00378   0.00210  -52.00   19.99 -0.00091  0.00215 -0.00367  0.00209  1030.10  1081.54  1030.42   982.11  1077.89  1027.01   978.43  1026.70
Mark_230        2460460.37209   0.00194   0.00211   61.84   61.44 -0.00108  0.00215  0.00161  0.00210  1029.43  1082.19  1029.80   982.76  1077.21  1027.62   977.77  1027.39
Mark_230        2460460.37242   0.00067   0.00215  -81.97   61.44 -0.00064  0.00215 -0.00019  0.00209  1030.03  1081.97  1030.36   982.48  1077.88  1027.39   978.42  1027.08
Mark_230        2460460.37274   0.00519   0.00211   65.32   13.17 -0.00338  0.00215  0.00394  0.00209  1030.10  1082.01  1030.51   982.58  1077.90  1027.35   978.47  1027.00
Mark_230        2460460.37339   0.00548   0.00216  -85.28   12.70 -0.00540  0.00217 -0.00090  0.00211  1029.18  1082.45  1029.47   983.07  1076.81  1027.98   977.35  1027.67
Mark_230        2460460.37372   0.00026   0.00215  -22.69   61.44  0.00018  0.00218 -0.00019  0.00213  1028.94  1081.93  1029.36   982.39  1076.84  1027.34   977.41  1027.00
Mark_230B       2460460.37145   0.00190   0.00218   82.76   61.44 -0.00184  0.00218  0.00048  0.00212  1029.93  1082.16  1030.25   982.64  1077.78  1027.52   978.38  1027.25
Mark_230B       2460460.37177   0.00378   0.00210  -52.00   19.99 -0.00091  0.00215 -0.00367  0.00209  1030.10  1081.54  1030.42   982.11  1077.89  1027.01   978.43  1026.70
Mark_230B       2460460.37209   0.00194   0.00211   61.84   61.44 -0.00108  0.00215  0.00161  0.00210  1029.43  1082.19  1029.80   982.76  1077.21  1027.62   977.77  1027.39
Mark_230B       2460460.37242   0.00093   0.00217  -86.83   61.44 -0.00092  0.00217 -0.00010  0.00211  1030.03  1081.97  1030.36   982.48  1077.88  1027.39   978.42  1027.08
Mark_230B       2460460.37274   0.00508   0.00209   65.06   13.38 -0.00327  0.00213  0.00388  0.00207  1030.10  1082.01  1030.51   982.58  1077.90  1027.35   978.47  1027.00
Mark_230B       2460460.37307   0.00380   0.00210   57.68   19.84 -0.00163  0.00213  0.00344  0.00209  1029.19  1081.97  1029.59   982.49  1076.80  1027.40   977.45  1027.09
Mark_230B       2460460.37339   0.00548   0.00216  -85.28   12.70 -0.00540  0.00217 -0.00090  0.00211  1029.18  1082.45  1029.47   983.07  1076.81  1027.98   977.35  1027.67
Mark_230B       2460460.37372   0.00026   0.00215  -22.69   61.44  0.00018  0.00218 -0.00019  0.00213  1028.94  1081.93  1029.36   982.39  1076.84  1027.34   977.41  1027.00
Mark_233        2460432.37058   0.00450   0.00173   -0.30   12.27  0.00450  0.00173 -0.00005  0.00170  1031.66  1081.49  1032.27   982.20  1078.25  1027.09   978.97  1026.56
Mark_233        2460432.37076   0.00154   0.00198  -23.48   61.44  0.00105  0.00200 -0.00112  0.00196  1031.55  1081.23  1032.15   981.94  1078.18  1026.81   978.91  1026.27
Mark_233        2460432.37095   0.01254   0.00504  -24.23   12.98  0.00832  0.00512 -0.00939  0.00498  1031.94  1080.53  1032.59   981.21  1078.71  1026.21   979.46  1025.69
Mark_233        2460432.37113   0.00752   0.00734  -11.45   61.44  0.00693  0.00736 -0.00293  0.00724  1031.28  1080.43  1031.94   981.01  1077.85  1026.01   978.61  1025.46
Mark_233        2460432.37132   0.01211   0.00623  -21.32   17.97  0.00891  0.00630 -0.00820  0.00615  1032.00  1079.90  1032.60   980.59  1078.54  1025.34   979.20  1024.82
Mark_233        2460432.37150   0.00871   0.00429    1.64   16.90  0.00870  0.00429  0.00050  0.00415  1031.39  1078.95  1031.96   979.64  1077.99  1024.53   978.72  1023.99
Mark_233        2460432.37170   0.00913   0.00274  -13.97    9.16  0.00806  0.00276 -0.00428  0.00266  1031.59  1078.72  1032.18   979.39  1078.19  1024.31   978.88  1023.77
Mark_233        2460432.37189   0.00454   0.00239  -47.79   18.49 -0.00044  0.00243 -0.00452  0.00239  1031.49  1081.28  1032.10   981.98  1078.09  1027.05   978.79  1026.53
Mark_233        2460432.37207   0.00159   0.00189  -78.95   61.44 -0.00147  0.00190 -0.00060  0.00186  1031.34  1080.76  1031.94   981.48  1077.93  1026.34   978.63  1025.80
Mark_233        2460432.37229   0.00407   0.00144   -7.54   11.06  0.00393  0.00144 -0.00106  0.00140  1031.33  1080.31  1031.95   981.02  1078.25  1025.90   978.96  1025.37
Mark_233        2460432.37248   0.00151   0.00138  -21.95   61.44  0.00109  0.00139 -0.00105  0.00136  1031.15  1079.86  1031.76   980.56  1077.63  1025.50   978.33  1024.97
Mark_233        2460432.37266   0.00397   0.00132   13.32   10.35  0.00355  0.00133  0.00178  0.00130  1030.76  1079.04  1031.38   979.72  1077.49  1024.65   978.20  1024.11
Mark_233        2460432.37285   0.00204   0.00158  -26.99   61.44  0.00120  0.00161 -0.00165  0.00156  1031.57  1078.79  1032.17   979.47  1078.03  1024.39   978.72  1023.87
Mark_233        2460432.37303   0.00224   0.00276   27.69   61.44  0.00127  0.00282  0.00184  0.00273  1030.90  1078.43  1031.51   979.10  1077.43  1023.92   978.14  1023.37
Mark_234        2460460.42036   0.00245   0.00145   26.31   22.01  0.00149  0.00148  0.00195  0.00144  1035.64  1082.08  1035.98   982.65  1083.15  1027.36   983.80  1027.06
Mark_234        2460460.42053   0.00190   0.00148   10.99   61.44  0.00177  0.00149  0.00071  0.00144  1034.48  1082.46  1034.79   983.00  1082.11  1027.45   982.77  1027.24
Mark_234        2460460.42071   0.00255   0.00144  -49.15   20.49 -0.00037  0.00148 -0.00252  0.00144  1034.48  1081.72  1034.79   982.23  1081.67  1027.00   982.37  1026.76
Mark_234        2460460.42088   0.00419   0.00147   -7.63   10.98  0.00405  0.00147 -0.00110  0.00143  1034.20  1082.61  1034.49   983.22  1082.04  1027.40   982.69  1027.20
Mark_234        2460460.42105   0.00239   0.00151   -1.98   24.22  0.00239  0.00151 -0.00017  0.00146  1034.31  1081.40  1034.56   981.96  1081.61  1026.35   982.27  1026.17
Mark_234        2460460.42123   0.00365   0.00147   -8.37   13.01  0.00350  0.00148 -0.00105  0.00142  1035.30  1082.30  1035.71   982.91  1082.50  1027.67   983.21  1027.35
Mark_234        2460460.42140   0.00118   0.00148   -8.37   61.44  0.00113  0.00148 -0.00034  0.00144  1033.89  1081.48  1034.24   982.13  1081.35  1026.65   981.93  1026.44
Mark_234        2460460.42157   0.00035   0.00146   40.67   61.44  0.00005  0.00149  0.00035  0.00146  1035.14  1082.66  1035.50   983.27  1082.88  1027.53   983.53  1027.31
Mark_236        2460459.34147   0.00507   0.00212  -11.27   13.67  0.00468  0.00213 -0.00194  0.00209  1031.20  1083.90  1031.60   984.53  1076.84  1029.40   977.45  1029.03
Mark_236        2460459.34179   0.00089   0.00213   -2.30   61.44  0.00089  0.00213 -0.00007  0.00209  1031.26  1083.43  1031.65   983.98  1077.22  1028.88   977.87  1028.57
Mark_236        2460459.34212   0.00529   0.00211  -22.44   12.85  0.00375  0.00213 -0.00373  0.00209  1031.37  1083.77  1031.73   984.38  1076.95  1029.05   977.62  1028.75
Mark_236        2460459.34244   0.00242   0.00210  -27.46   61.44  0.00139  0.00214 -0.00198  0.00208  1030.45  1084.51  1030.82   985.14  1076.72  1029.90   977.34  1029.64
Mark_236        2460459.34277   0.00375   0.00214   -4.44   20.78  0.00370  0.00214 -0.00058  0.00210  1030.40  1083.84  1030.76   984.44  1076.27  1029.46   976.84  1029.19
Mark_236        2460459.34309   0.00826   0.00214    7.05    7.76  0.00801  0.00214  0.00201  0.00210  1030.00  1083.77  1030.45   984.39  1076.15  1029.31   976.82  1029.02
Mark_236        2460459.34341   0.00669   0.00215   -4.18    9.93  0.00662  0.00215 -0.00097  0.00211  1030.51  1083.27  1030.95   983.84  1076.43  1028.67   977.06  1028.35
Mark_236        2460459.34374   0.00435   0.00215   -9.64   16.99  0.00410  0.00215 -0.00144  0.00211  1030.16  1082.80  1030.51   983.44  1076.46  1028.50   977.05  1028.15
Mark_236        2460459.34441   0.00623   0.00212  -21.69   10.59  0.00453  0.00214 -0.00428  0.00209  1030.10  1083.91  1030.54   984.48  1076.10  1029.24   976.76  1028.99
Mark_236        2460459.34473   0.00291   0.00213   10.49   61.44  0.00272  0.00214  0.00104  0.00209  1029.93  1083.72  1030.34   984.32  1076.00  1029.31   976.62  1029.02
Mark_238        2460460.32221   0.00513   0.00216  -25.27   13.78  0.00326  0.00220 -0.00396  0.00213  1029.55  1079.60  1029.98   980.09  1077.03  1025.01   977.59  1024.72
Mark_238        2460460.32256   0.00255   0.00214   58.32   61.44 -0.00114  0.00220  0.00228  0.00212  1029.71  1079.18  1030.09   979.68  1077.11  1024.69   977.71  1024.43
Mark_238        2460460.32291   0.00390   0.00213   44.82   19.57  0.00002  0.00220  0.00390  0.00213  1029.00  1078.34  1029.36   978.84  1076.36  1023.76   977.04  1023.44
Mark_238        2460460.32325   0.00493   0.00213  -45.18   14.20 -0.00003  0.00221 -0.00493  0.00213  1029.47  1077.69  1029.79   978.12  1076.89  1023.14   977.40  1022.83
Mark_238        2460460.32360   0.00104   0.00217  -77.09   61.44 -0.00094  0.00218 -0.00045  0.00213  1029.70  1081.54  1030.08   982.07  1076.91  1027.11   977.48  1026.82
Mark_238        2460460.32395   0.00461   0.00213  -23.45   15.54  0.00315  0.00215 -0.00337  0.00211  1029.38  1080.96  1029.67   981.49  1076.79  1026.56   977.36  1026.29
Mark_238        2460460.32429   0.00341   0.00216    4.80   24.37  0.00336  0.00216  0.00057  0.00211  1029.62  1080.78  1030.03   981.21  1076.97  1026.01   977.51  1025.72
Mark_238        2460460.32464   0.00831   0.00220    0.80    7.97  0.00831  0.00220  0.00023  0.00213  1029.74  1079.66  1030.08   980.17  1076.97  1025.13   977.56  1024.85
Mark_240        2460460.30894   0.00142   0.00146    8.82   61.44  0.00135  0.00146  0.00043  0.00142  1026.81  1079.09  1027.28   979.53  1074.14  1024.56   974.67  1024.30
Mark_240        2460460.30954   0.00526   0.00145   -2.81    8.36  0.00524  0.00145 -0.00052  0.00143  1028.34  1082.08  1028.83   982.51  1075.87  1027.42   976.41  1027.12
Mark_240        2460460.30997   0.00415   0.00142  -12.07   10.70  0.00379  0.00143 -0.00170  0.00139  1030.83  1082.00  1031.27   982.47  1078.11  1027.66   978.76  1027.37
Mark_240        2460460.31022   0.00424   0.00144  -10.48   10.62  0.00396  0.00145 -0.00151  0.00142  1028.96  1081.51  1029.29   982.06  1076.24  1027.15   976.80  1026.86
Mark_240        2460460.31047   0.00292   0.00143   -9.22   16.83  0.00277  0.00143 -0.00092  0.00141  1028.32  1080.85  1028.73   981.42  1075.83  1026.38   976.46  1026.06
Mark_240        2460460.31086   0.00447   0.00142   -0.53    9.79  0.00447  0.00142 -0.00008  0.00139  1030.14  1081.00  1030.53   981.51  1077.49  1026.51   978.13  1026.27
Mark_240        2460460.31111   0.00490   0.00141   -1.29    8.77  0.00490  0.00141 -0.00022  0.00138  1029.12  1080.55  1029.50   980.98  1076.42  1026.10   977.06  1025.79
Mark_240        2460460.31149   0.00539   0.00141   11.98    7.84  0.00493  0.00141  0.00219  0.00138  1029.74  1080.82  1030.10   981.29  1077.43  1026.42   978.07  1026.10
Mark_242        2460459.39047   0.00481   0.00227  -36.06   15.96  0.00148  0.00232 -0.00458  0.00226  1032.07  1084.88  1032.48   985.54  1077.84  1030.51   978.57  1030.29
Mark_242        2460459.39071   0.00276   0.00241   62.17   61.44 -0.00156  0.00247  0.00228  0.00238  1031.32  1084.51  1031.69   985.18  1077.36  1029.99   977.98  1029.70
Mark_242        2460459.39094   0.00254   0.00249   72.00   61.44 -0.00205  0.00252  0.00149  0.00244  1032.18  1084.45  1032.59   985.04  1078.23  1029.87   978.89  1029.56
Mark_242        2460459.39117   0.00264   0.00239  -69.63   61.44 -0.00200  0.00241 -0.00173  0.00235  1032.88  1084.89  1033.32   985.45  1079.07  1030.39   979.74  1030.05
Mark_242        2460459.39140   0.00294   0.00270  -35.56   61.44  0.00095  0.00278 -0.00278  0.00269  1033.29  1084.82  1033.64   985.46  1079.06  1030.17   979.75  1029.90
Mark_242        2460459.39163   0.00266   0.00307   -7.48   61.44  0.00257  0.00307 -0.00069  0.00299  1032.31  1084.32  1032.70   984.93  1078.20  1029.51   978.81  1029.18
Mark_242        2460459.39186   0.00109   0.00320  -82.20   61.44 -0.00105  0.00320 -0.00029  0.00311  1032.64  1084.52  1033.02   985.11  1078.72  1030.32   979.40  1030.02
Mark_242        2460459.39209   0.00565   0.00278   19.54   16.88  0.00439  0.00281  0.00356  0.00273  1032.45  1084.90  1032.81   985.47  1078.48  1030.13   979.10  1029.86
Mark_243        2460438.30520   0.00337   0.00213  -25.09   24.27  0.00216  0.00216 -0.00259  0.00211  1028.62  1081.39  1029.30   981.88  1074.89  1026.65   975.47  1026.12
Mark_243        2460438.30545   0.00444   0.00214   -2.32   16.38  0.00443  0.00214 -0.00036  0.00210  1030.54  1081.74  1031.13   982.31  1076.38  1027.04   976.96  1026.54
Mark_243        2460438.30571   0.00425   0.00215   74.87   17.52 -0.00367  0.00216  0.00214  0.00211  1029.77  1082.06  1030.43   982.56  1075.21  1027.23   975.85  1026.72
Mark_243        2460438.30596   0.00620   0.00215   17.83   10.84  0.00503  0.00216  0.00361  0.00213  1029.10  1082.25  1029.71   982.76  1074.77  1027.56   975.37  1027.06
Mark_243        2460438.30622   0.00416   0.00219   13.22   18.50  0.00373  0.00220  0.00185  0.00215  1028.65  1082.06  1029.30   982.58  1074.70  1027.56   975.32  1027.03
Mark_243        2460438.30647   0.00173   0.00214   23.65   61.44  0.00117  0.00215  0.00127  0.00212  1028.56  1082.51  1029.21   983.00  1074.61  1027.75   975.17  1027.20
Mark_243        2460438.30672   0.00480   0.00214    7.31   14.76  0.00465  0.00214  0.00121  0.00209  1029.41  1082.23  1030.11   982.78  1075.43  1027.53   975.98  1026.95
Mark_243        2460438.30698   0.00371   0.00211   38.03   20.67  0.00089  0.00216  0.00360  0.00210  1029.35  1081.72  1029.94   982.31  1075.07  1027.12   975.65  1026.60
Mark_243        2460438.30723   0.00476   0.00214   23.69   14.98  0.00322  0.00216  0.00350  0.00212  1028.17  1081.77  1028.76   982.33  1074.18  1027.06   974.75  1026.51
Mark_245        2460438.33598   0.00626   0.00116   63.98    5.45 -0.00385  0.00117  0.00493  0.00116  1027.64  1084.12  1028.29   984.71  1073.47  1029.84   974.13  1029.33
Mark_245        2460438.33637   0.00595   0.00119   70.26    5.88 -0.00459  0.00119  0.00378  0.00118  1029.07  1083.71  1029.67   984.34  1075.01  1029.13   975.68  1028.63
Mark_245        2460438.33655   0.00316   0.00120   71.22   12.17 -0.00250  0.00121  0.00192  0.00119  1029.19  1083.77  1029.78   984.45  1075.22  1029.16   975.86  1028.65
Mark_245        2460438.33688   0.00377   0.00123   51.82   10.13 -0.00089  0.00125  0.00366  0.00123  1027.92  1083.38  1028.48   983.93  1074.26  1028.87   974.84  1028.40
Mark_245        2460438.33726   0.00513   0.00121   63.28    7.00 -0.00306  0.00121  0.00412  0.00120  1027.86  1083.97  1028.43   984.53  1073.56  1029.76   974.21  1029.24
Mark_245        2460438.33777   0.00432   0.00119   63.27    8.30 -0.00257  0.00119  0.00347  0.00118  1028.24  1084.80  1028.82   985.37  1074.14  1030.31   974.71  1029.75
Mark_245        2460438.33795   0.00469   0.00121   63.43    7.72 -0.00281  0.00122  0.00375  0.00120  1028.63  1084.21  1029.26   984.83  1074.47  1029.76   975.06  1029.24
Mark_245        2460438.33840   0.00698   0.00117   61.51    4.91 -0.00380  0.00118  0.00585  0.00117  1028.56  1084.61  1029.19   985.27  1074.50  1030.18   975.04  1029.61
Mark_245        2460438.33859   0.00515   0.00118   69.60    6.81 -0.00390  0.00119  0.00336  0.00117  1028.42  1084.31  1029.12   984.90  1074.59  1029.56   975.20  1029.01
Mark_248        2460432.32289   0.00800   0.00249   -8.39    9.55  0.00766  0.00250 -0.00231  0.00242  1032.20  1077.99  1032.80   978.48  1079.02  1023.32   979.63  1022.77
Mark_248        2460432.32309   0.01260   0.00367   -2.44    8.87  0.01255  0.00367 -0.00107  0.00355  1033.25  1077.92  1033.85   978.43  1079.99  1023.25   980.62  1022.70
Mark_248        2460432.32329   0.00747   0.00508   51.22   27.21 -0.00161  0.00525  0.00729  0.00507  1031.34  1077.04  1031.91   977.49  1078.05  1022.28   978.66  1021.75
Mark_248        2460432.32348   0.00244   0.00640  -39.33   61.44  0.00048  0.00664 -0.00239  0.00639  1031.72  1077.26  1032.25   977.71  1078.57  1022.47   979.19  1022.02
Mark_248        2460432.32368   0.00663   0.01018  -77.59   61.44 -0.00602  0.01025 -0.00278  0.00987  1032.66  1078.25  1033.28   978.77  1079.36  1023.61   980.01  1022.92
Mark_248        2460432.32388   0.01127   0.00456  -12.84   13.07  0.01016  0.00459 -0.00489  0.00441  1031.46  1078.49  1032.02   978.98  1078.22  1023.81   978.83  1023.33
Mark_248        2460432.32407   0.00557   0.00432  -24.50   61.44  0.00366  0.00440 -0.00421  0.00426  1031.65  1079.01  1032.28   979.48  1078.42  1024.42   979.08  1023.88
Mark_248        2460432.32427   0.00309   0.00493  -21.95   61.44  0.00223  0.00503 -0.00214  0.00481  1032.24  1078.52  1032.86   979.07  1079.03  1023.83   979.67  1023.26
Mark_248        2460432.32447   0.01085   0.00497   44.25   15.33  0.00028  0.00519  0.01085  0.00497  1031.89  1077.77  1032.42   978.31  1078.59  1023.09   979.29  1022.54
Mark_248        2460432.32466   0.00655   0.00439   14.16   26.57  0.00576  0.00442  0.00311  0.00427  1032.71  1078.76  1033.37   979.28  1079.43  1023.99   980.06  1023.50
Mark_248        2460432.32491   0.00417   0.00443    8.00   61.44  0.00401  0.00444  0.00115  0.00425  1032.71  1078.22  1033.34   978.68  1079.52  1023.47   980.20  1022.98
Mark_248        2460432.32510   0.00502   0.00449    2.65   61.44  0.00500  0.00449  0.00046  0.00431  1032.04  1077.55  1032.65   978.13  1078.86  1022.98   979.41  1022.46
Mark_248        2460432.32530   0.01386   0.00388   10.26    8.48  0.01298  0.00390  0.00486  0.00376  1032.47  1078.39  1033.14   978.94  1079.29  1023.77   979.89  1023.25
Mark_248        2460432.32550   0.00523   0.00272   27.92   18.22  0.00293  0.00279  0.00433  0.00268  1032.21  1078.84  1032.82   979.29  1078.94  1024.16   979.53  1023.60
Mark_248        2460432.32569   0.00342   0.00252    6.15   61.44  0.00334  0.00252  0.00073  0.00243  1031.71  1078.37  1032.36   978.82  1078.57  1023.74   979.19  1023.21
Mark_248        2460432.32589   0.00311   0.00242  -18.83   61.44  0.00246  0.00246 -0.00190  0.00237  1032.15  1078.41  1032.74   978.88  1078.71  1023.73   979.33  1023.19
Mark_248        2460432.32609   0.00507   0.00221    0.49   14.36  0.00507  0.00221  0.00009  0.00215  1031.34  1078.55  1031.94   979.11  1077.94  1023.85   978.54  1023.36
Mark_248        2460432.32639   0.00445   0.00213  -17.16   16.30  0.00367  0.00215 -0.00251  0.00209  1032.70  1078.83  1033.32   979.28  1079.21  1024.14   979.85  1023.56
Mark_248        2460432.32659   0.00566   0.00193   31.61   10.61  0.00255  0.00198  0.00505  0.00191  1031.40  1079.04  1032.04   979.57  1078.03  1024.51   978.61  1023.92
Mark_248        2460432.32678   0.00270   0.00214   -4.30   61.44  0.00267  0.00214 -0.00040  0.00207  1032.44  1078.31  1033.09   978.79  1079.50  1023.59   980.17  1023.11
Mark_256        2460432.34270   0.00716   0.00201   77.35    8.52 -0.00647  0.00202  0.00306  0.00197  1032.66  1078.02  1033.33   978.45  1079.13  1023.44   979.76  1022.89
Mark_256        2460432.34292   0.00414   0.00200   40.66   16.47  0.00062  0.00206  0.00409  0.00200  1031.75  1077.11  1032.39   977.57  1078.52  1022.44   979.21  1021.86
Mark_256        2460432.34314   0.00476   0.00205   19.37   14.15  0.00371  0.00207  0.00298  0.00201  1031.48  1076.76  1032.02   977.32  1078.45  1022.25   979.06  1021.68
Mark_256        2460432.34336   0.00752   0.00206   -4.68    8.27  0.00742  0.00206 -0.00122  0.00201  1030.50  1078.45  1031.16   978.93  1077.07  1023.95   977.66  1023.46
Mark_256        2460432.34358   0.01012   0.00204   24.17    5.94  0.00673  0.00207  0.00756  0.00202  1029.45  1077.36  1030.08   977.87  1076.13  1023.18   976.76  1022.63
Mark_256        2460432.34380   0.00258   0.00207   85.03   61.44 -0.00254  0.00207  0.00045  0.00203  1029.32  1079.92  1029.87   980.49  1075.85  1025.42   976.43  1024.88
Mark_256        2460432.34402   0.00368   0.00204  -29.91   19.94  0.00185  0.00207 -0.00318  0.00203  1028.88  1079.57  1029.40   980.13  1075.47  1025.12   976.07  1024.57
Mark_256        2460432.34424   0.00192   0.00206   25.87   61.44  0.00119  0.00208  0.00151  0.00204  1028.00  1079.28  1028.59   979.81  1074.63  1024.81   975.27  1024.31
Mark_256        2460432.34446   0.00379   0.00211   55.12   20.07 -0.00131  0.00214  0.00356  0.00210  1027.85  1081.26  1028.40   981.81  1074.19  1026.86   974.78  1026.33
Mark_256        2460432.34468   0.00302   0.00219   -0.36   61.44  0.00302  0.00219 -0.00004  0.00215  1029.82  1080.99  1030.42   981.57  1076.58  1026.44   977.24  1025.96
Mark_259        2460461.31764   0.00208   0.00213   17.13   61.44  0.00172  0.00214  0.00117  0.00209  1028.93  1085.32  1029.35   985.85  1075.23  1030.75   975.86  1030.45
Mark_259        2460461.31799   0.00335   0.00209   28.90   23.89  0.00178  0.00212  0.00283  0.00208  1028.34  1085.67  1028.68   986.26  1074.62  1031.12   975.23  1030.88
Mark_259        2460461.31833   0.00563   0.00208   48.39   11.66 -0.00066  0.00212  0.00559  0.00208  1028.59  1085.73  1028.95   986.31  1074.82  1031.23   975.37  1030.96
Mark_259        2460461.31868   0.00159   0.00212  -68.23   61.44 -0.00115  0.00213 -0.00109  0.00210  1028.75  1085.60  1029.11   986.19  1075.09  1031.01   975.69  1030.76
Mark_259        2460461.31903   0.00452   0.00211  -12.78   15.70  0.00408  0.00211 -0.00195  0.00207  1028.86  1085.66  1029.22   986.25  1075.13  1031.13   975.73  1030.88
Mark_259        2460461.31939   0.00372   0.00208   27.44   20.15  0.00214  0.00210  0.00305  0.00206  1028.49  1086.07  1028.83   986.64  1074.75  1031.50   975.36  1031.26
Mark_259        2460461.31973   0.00368   0.00209   25.26   20.72  0.00234  0.00212  0.00284  0.00208  1028.74  1085.55  1029.09   986.15  1075.14  1031.05   975.75  1030.81
Mark_259        2460461.32008   0.00364   0.00208   48.63   20.85 -0.00046  0.00211  0.00361  0.00208  1028.55  1085.76  1028.94   986.36  1074.84  1031.28   975.38  1031.00
Mark_259        2460461.32043   0.00479   0.00212   65.88   14.68 -0.00319  0.00214  0.00357  0.00210  1028.49  1085.56  1028.90   986.17  1074.91  1031.06   975.47  1030.78
Mark_259        2460461.32084   0.00126   0.00209  -66.51   61.44 -0.00086  0.00211 -0.00092  0.00208  1028.71  1085.52  1029.07   986.12  1074.93  1031.06   975.49  1030.81
Mark_259        2460461.32119   0.00331   0.00214   82.43   25.09 -0.00320  0.00214  0.00087  0.00210  1028.82  1085.66  1029.24   986.26  1075.20  1031.19   975.80  1030.92
Mark_261        2460431.28808   0.00700   0.00255  -71.19   11.53 -0.00554  0.00258 -0.00427  0.00251  1028.02  1080.80  1028.57   981.42  1075.40  1026.26   976.04  1025.77
Mark_261        2460431.28833   0.00537   0.00235    7.97   14.46  0.00517  0.00236  0.00148  0.00231  1028.31  1082.01  1028.93   982.62  1075.58  1027.20   976.17  1026.68
Mark_261        2460431.28859   0.00346   0.00236    6.89   27.38  0.00336  0.00236  0.00082  0.00232  1028.79  1080.97  1029.39   981.57  1075.99  1026.25   976.59  1025.71
Mark_261        2460431.28891   0.00469   0.00258  -59.87   19.74 -0.00233  0.00263 -0.00408  0.00257  1028.33  1080.89  1028.91   981.49  1076.11  1026.56   976.77  1026.05
Mark_261        2460431.28917   0.01070   0.00261  -49.25    7.29 -0.00158  0.00266 -0.01058  0.00261  1028.93  1081.18  1029.59   981.77  1076.01  1026.54   976.66  1025.97
Mark_261        2460431.28942   0.00073   0.00253   71.77   61.44 -0.00059  0.00256  0.00043  0.00249  1028.44  1081.75  1029.04   982.33  1076.08  1027.03   976.73  1026.53
Mark_261        2460431.28969   0.00621   0.00265    7.27   13.99  0.00602  0.00265  0.00156  0.00261  1027.37  1081.33  1027.93   981.96  1074.94  1026.57   975.53  1026.02
Mark_261        2460431.29003   0.00968   0.00249  -26.20    7.73  0.00590  0.00252 -0.00767  0.00248  1029.12  1082.18  1029.77   982.83  1076.39  1027.42   976.99  1026.84
Mark_261        2460431.29029   0.00123   0.00305  -82.48   61.44 -0.00119  0.00306 -0.00032  0.00297  1027.61  1081.13  1028.28   981.80  1075.16  1026.59   975.79  1026.10
Mark_261        2460431.29054   0.00698   0.00323  -45.51   15.57 -0.00012  0.00328 -0.00698  0.00323  1027.77  1081.44  1028.34   981.92  1075.29  1026.69   975.98  1026.10
Mark_263        2460460.40646   0.00345   0.00205  -41.09   22.18  0.00047  0.00212 -0.00342  0.00205  1033.60  1081.82  1033.97   982.30  1081.40  1027.09   982.01  1026.81
Mark_263        2460460.40675   0.00322   0.00209  -20.90   25.39  0.00240  0.00212 -0.00214  0.00206  1033.11  1081.87  1033.43   982.32  1080.85  1027.21   981.50  1026.92
Mark_263        2460460.40704   0.00381   0.00208  -20.87   19.62  0.00284  0.00211 -0.00253  0.00205  1033.32  1082.14  1033.68   982.72  1081.01  1027.47   981.62  1027.22
Mark_263        2460460.40733   0.00135   0.00206  -39.15   61.44  0.00027  0.00211 -0.00132  0.00206  1033.23  1081.86  1033.52   982.38  1080.64  1027.25   981.35  1026.92
Mark_263        2460460.40762   0.00446   0.00213  -17.95   16.26  0.00361  0.00215 -0.00261  0.00209  1033.43  1081.53  1033.92   982.10  1080.99  1026.83   981.60  1026.48
Mark_263        2460460.40819   0.00338   0.00212   -7.94   23.98  0.00326  0.00213 -0.00093  0.00207  1034.56  1081.67  1034.92   982.20  1082.26  1026.90   982.87  1026.57
Mark_263        2460460.40850   0.00167   0.00211  -20.43   61.44  0.00127  0.00213 -0.00110  0.00208  1033.99  1082.04  1034.31   982.61  1081.71  1027.24   982.40  1026.92
Mark_263        2460460.40880   0.00166   0.00216   -0.13   61.44  0.00166  0.00216 -0.00001  0.00208  1034.18  1080.82  1034.64   981.25  1081.92  1026.12   982.57  1025.82
Mark_263        2460460.40909   0.00407   0.00213   -6.78   18.35  0.00396  0.00213 -0.00096  0.00207  1033.77  1082.54  1034.08   982.94  1081.37  1027.80   982.05  1027.48
Mark_263B       2460460.40646   0.00345   0.00205  -41.09   22.18  0.00047  0.00212 -0.00342  0.00205  1033.60  1081.82  1033.97   982.30  1081.40  1027.09   982.01  1026.81
Mark_263B       2460460.40675   0.00322   0.00209  -20.90   25.39  0.00240  0.00212 -0.00214  0.00206  1033.11  1081.87  1033.43   982.32  1080.85  1027.21   981.50  1026.92
Mark_263B       2460460.40704   0.00381   0.00208  -20.87   19.62  0.00284  0.00211 -0.00253  0.00205  1033.32  1082.14  1033.68   982.72  1081.01  1027.47   981.62  1027.22
Mark_263B       2460460.40762   0.00446   0.00213  -17.95   16.26  0.00361  0.00215 -0.00261  0.00209  1033.43  1081.53  1033.92   982.10  1080.99  1026.83   981.60  1026.48
Mark_263B       2460460.40819   0.00338   0.00212   -7.94   23.98  0.00326  0.00213 -0.00093  0.00207  1034.56  1081.67  1034.92   982.20  1082.26  1026.90   982.87  1026.57
Mark_263B       2460460.40850   0.00167   0.00211  -20.43   61.44  0.00127  0.00213 -0.00110  0.00208  1033.99  1082.04  1034.31   982.61  1081.71  1027.24   982.40  1026.92
Mark_263B       2460460.40880   0.00191   0.00217    4.71   61.44  0.00188  0.00218  0.00031  0.00210  1034.18  1080.82  1034.64   981.25  1081.92  1026.12   982.57  1025.82
Mark_263B       2460460.40909   0.00407   0.00213   -6.78   18.35  0.00396  0.00213 -0.00096  0.00207  1033.77  1082.54  1034.08   982.94  1081.37  1027.80   982.05  1027.48
Mark_264        2460431.27464   0.00798   0.00225  -20.52    8.53  0.00602  0.00227 -0.00524  0.00222  1032.75  1080.70  1033.27   981.10  1080.30  1025.94   980.91  1025.46
Mark_264        2460431.27513   0.00437   0.00229    1.36   18.42  0.00436  0.00229  0.00021  0.00223  1032.95  1078.87  1033.46   979.25  1080.43  1024.24   980.97  1023.67
Mark_264        2460431.27560   0.00345   0.00236    3.30   27.51  0.00343  0.00236  0.00040  0.00230  1032.61  1077.06  1033.22   977.40  1080.30  1022.53   980.93  1022.02
Mark_264        2460431.27608   0.00738   0.00226   23.27    9.39  0.00508  0.00230  0.00536  0.00223  1032.34  1076.73  1032.91   977.15  1080.37  1021.70   980.97  1021.20
Mark_264        2460431.27656   0.00325   0.00232    2.01   61.44  0.00324  0.00232  0.00023  0.00225  1033.10  1074.84  1033.66   975.13  1080.78  1020.22   981.41  1019.65
Mark_264        2460431.27704   0.00659   0.00243   -2.83   11.65  0.00655  0.00243 -0.00065  0.00240  1032.84  1073.67  1033.44   974.05  1080.39  1018.96   981.05  1018.38
Mark_269        2460460.33975   0.00528   0.00202   41.41   12.17  0.00066  0.00207  0.00524  0.00202  1028.84  1080.02  1029.26   980.44  1076.40  1025.32   976.96  1025.04
Mark_269        2460460.34009   0.00480   0.00202   30.48   13.80  0.00233  0.00207  0.00419  0.00201  1028.96  1079.93  1029.35   980.34  1076.58  1025.15   977.19  1024.84
Mark_269        2460460.34044   0.00112   0.00201   49.14   61.44 -0.00016  0.00207  0.00111  0.00201  1029.02  1080.17  1029.48   980.60  1076.60  1025.54   977.22  1025.17
Mark_269        2460460.34079   0.00222   0.00203  -28.59   61.44  0.00120  0.00206 -0.00186  0.00201  1029.33  1080.71  1029.80   981.06  1077.19  1026.03   977.75  1025.72
Mark_269        2460460.34113   0.00110   0.00208   13.90   61.44  0.00097  0.00209  0.00051  0.00203  1029.43  1081.03  1029.89   981.43  1077.22  1026.21   977.77  1025.91
Mark_269        2460460.34148   0.00383   0.00202   57.22   18.64 -0.00158  0.00207  0.00349  0.00202  1029.56  1081.14  1029.99   981.62  1077.01  1026.42   977.57  1026.13
Mark_269        2460460.34183   0.00446   0.00204   53.44   15.27 -0.00130  0.00209  0.00427  0.00203  1029.88  1080.08  1030.31   980.45  1077.43  1025.47   978.06  1025.10
Mark_269        2460460.34242   0.00561   0.00202   52.26   11.34 -0.00141  0.00208  0.00543  0.00202  1029.64  1081.00  1030.01   981.46  1077.36  1026.31   977.91  1025.98
Mark_272        2460461.33485   0.00517   0.00170  -18.76   10.18  0.00410  0.00171 -0.00315  0.00168  1026.24  1083.28  1026.58   983.83  1072.61  1028.79   973.21  1028.46
Mark_272        2460461.33514   0.00026   0.00171  -11.46   61.44  0.00024  0.00172 -0.00010  0.00168  1027.29  1083.28  1027.65   983.86  1073.68  1028.77   974.23  1028.51
Mark_272        2460461.33543   0.00376   0.00171    0.20   15.26  0.00376  0.00171  0.00003  0.00168  1026.37  1082.99  1026.72   983.53  1072.68  1028.45   973.25  1028.20
Mark_272        2460461.33572   0.00381   0.00170    6.59   14.82  0.00371  0.00170  0.00087  0.00167  1027.00  1083.88  1027.37   984.48  1073.45  1029.28   973.99  1029.01
Mark_272        2460461.33601   0.00309   0.00167   35.19   19.28  0.00104  0.00170  0.00291  0.00167  1026.98  1083.52  1027.35   984.12  1073.42  1028.93   973.97  1028.67
Mark_272        2460461.33630   0.00098   0.00171   -4.10   61.44  0.00097  0.00172 -0.00014  0.00168  1027.24  1083.56  1027.57   984.16  1073.58  1029.08   974.19  1028.81
Mark_272        2460461.33659   0.00490   0.00171    4.84   10.89  0.00483  0.00171  0.00082  0.00168  1026.98  1083.36  1027.36   983.91  1073.34  1028.72   973.97  1028.48
Mark_272        2460461.33688   0.00285   0.00170  -52.78   22.18 -0.00076  0.00173 -0.00274  0.00169  1026.87  1082.82  1027.22   983.41  1073.30  1028.24   973.86  1027.97
Mark_273        2460432.31693   0.00572   0.00262   22.31   15.38  0.00407  0.00265  0.00402  0.00260  1028.99  1076.69  1029.59   977.19  1075.84  1021.98   976.42  1021.50
Mark_273        2460432.31712   0.00484   0.00295  -21.30   22.92  0.00356  0.00299 -0.00328  0.00289  1029.97  1076.68  1030.55   977.19  1076.95  1022.01   977.53  1021.40
Mark_273        2460432.31730   0.00305   0.00318  -65.24   61.44 -0.00198  0.00322 -0.00232  0.00315  1028.92  1076.15  1029.47   976.61  1075.74  1021.43   976.36  1020.90
Mark_273        2460432.31777   0.00764   0.00214   -5.94    8.48  0.00747  0.00214 -0.00157  0.00209  1030.03  1076.49  1030.62   977.00  1076.91  1021.80   977.47  1021.29
Mark_273        2460432.31795   0.00156   0.00189   17.70   61.44  0.00128  0.00190  0.00091  0.00186  1029.41  1076.95  1030.06   977.40  1076.42  1022.15   976.99  1021.61
Mark_273        2460432.31814   0.00097   0.00185    5.77   61.44  0.00095  0.00185  0.00019  0.00180  1029.12  1076.25  1029.73   976.73  1075.96  1021.51   976.52  1021.02
Mark_273        2460432.31832   0.00472   0.00186  -25.11   12.65  0.00302  0.00188 -0.00363  0.00184  1030.42  1076.12  1031.00   976.58  1077.33  1021.44   977.92  1020.88
Mark_273        2460432.31851   0.00592   0.00191   -3.63    9.95  0.00587  0.00191 -0.00075  0.00187  1030.01  1075.67  1030.61   976.12  1076.85  1020.82   977.40  1020.30
Mark_273        2460432.31890   0.00229   0.00195  -14.28   61.44  0.00201  0.00196 -0.00110  0.00191  1030.69  1077.00  1031.29   977.46  1077.39  1022.34   977.99  1021.78
Mark_273        2460432.31909   0.00667   0.00225   -8.00   10.50  0.00641  0.00225 -0.00184  0.00220  1029.62  1076.92  1030.24   977.45  1076.34  1022.16   976.92  1021.61
Mark_274        2460459.30715   0.00342   0.00246  -83.20   61.44 -0.00333  0.00246 -0.00081  0.00239  1029.68  1083.40  1030.10   983.95  1075.74  1028.98   976.33  1028.69
Mark_274        2460459.30747   0.00460   0.00242  -72.38   18.54 -0.00375  0.00244 -0.00265  0.00238  1029.52  1083.46  1029.87   984.00  1075.46  1029.09   976.11  1028.76
Mark_274        2460459.30778   0.00483   0.00246   82.14   17.70 -0.00465  0.00246  0.00131  0.00240  1029.61  1083.70  1030.01   984.32  1075.66  1029.28   976.34  1028.93
Mark_274        2460459.30809   0.00415   0.00241  -58.06   21.31 -0.00183  0.00245 -0.00373  0.00239  1029.18  1083.51  1029.54   984.16  1075.23  1029.07   975.84  1028.75
Mark_274        2460459.30840   0.00171   0.00244  -15.36   61.44  0.00147  0.00245 -0.00087  0.00240  1029.68  1083.54  1030.10   984.17  1075.71  1029.30   976.31  1028.98
Mark_274        2460459.30872   0.00309   0.00245   82.95   61.44 -0.00299  0.00245  0.00075  0.00239  1029.97  1083.65  1030.36   984.21  1075.93  1029.32   976.57  1028.99
Mark_274        2460459.30905   0.00287   0.00248   81.03   61.44 -0.00273  0.00248  0.00088  0.00242  1029.87  1084.08  1030.29   984.68  1075.65  1029.60   976.27  1029.32
Mark_274        2460459.30936   0.00366   0.00244  -72.13   26.30 -0.00297  0.00246 -0.00214  0.00240  1029.86  1083.48  1030.28   984.08  1075.63  1028.98   976.21  1028.67
Mark_274        2460459.30968   0.00553   0.00240  -43.40   14.26  0.00031  0.00246 -0.00553  0.00240  1029.35  1083.71  1029.69   984.34  1075.07  1029.39   975.70  1029.10
Mark_274        2460459.30999   0.00163   0.00239  -53.29   61.44 -0.00047  0.00246 -0.00156  0.00239  1029.53  1083.42  1029.93   984.05  1075.61  1028.91   976.25  1028.66
Mark_274        2460459.31030   0.00188   0.00246  -18.97   61.44  0.00148  0.00248 -0.00115  0.00242  1030.15  1083.83  1030.54   984.48  1075.89  1029.20   976.51  1028.89
Mark_274        2460459.31061   0.00674   0.00244  -60.08   11.40 -0.00338  0.00248 -0.00583  0.00242  1030.14  1083.14  1030.48   983.71  1076.16  1028.66   976.83  1028.38
Mark_275        2460459.31804   0.00337   0.00213    5.77   24.19  0.00330  0.00213  0.00067  0.00207  1032.16  1082.18  1032.47   982.70  1078.03  1027.49   978.67  1027.17
Mark_275        2460459.31838   0.00288   0.00209   22.37   61.44  0.00204  0.00212  0.00203  0.00206  1032.63  1082.60  1033.03   983.19  1078.51  1028.22   979.10  1027.93
Mark_275        2460459.31872   0.00388   0.00209   11.26   19.16  0.00359  0.00210  0.00149  0.00205  1032.93  1082.62  1033.38   983.21  1078.50  1028.15   979.15  1027.84
Mark_275        2460459.31905   0.00391   0.00209  -14.38   18.97  0.00343  0.00210 -0.00188  0.00205  1033.30  1082.29  1033.71   982.86  1078.88  1027.97   979.53  1027.66
Mark_275        2460459.31939   0.00939   0.00210   -8.85    6.65  0.00894  0.00211 -0.00285  0.00206  1032.72  1082.46  1033.11   983.00  1078.75  1028.06   979.38  1027.75
Mark_275        2460459.31972   0.00374   0.00208  -19.66   20.06  0.00289  0.00210 -0.00237  0.00205  1032.53  1082.11  1032.87   982.65  1078.37  1027.60   978.97  1027.37
Mark_275        2460459.32006   0.00484   0.00210  -24.20   14.28  0.00321  0.00213 -0.00362  0.00207  1032.59  1082.21  1033.00   982.77  1078.50  1027.76   979.13  1027.49
Mark_275        2460459.32047   0.00683   0.00211  -15.40    9.48  0.00587  0.00212 -0.00350  0.00207  1031.85  1082.12  1032.29   982.60  1077.95  1027.66   978.57  1027.35
Mark_276        2460461.33906   0.00120   0.00230    5.38   61.44  0.00118  0.00230  0.00022  0.00223  1033.35  1079.44  1033.69   980.03  1079.61  1024.90   980.32  1024.63
Mark_276        2460461.33943   0.00481   0.00230   13.64   16.22  0.00428  0.00231  0.00220  0.00225  1032.97  1079.05  1033.36   979.52  1079.48  1024.43   980.09  1024.15
Mark_276        2460461.33980   0.00318   0.00230   -1.72   61.44  0.00317  0.00230 -0.00019  0.00223  1032.66  1078.32  1033.01   978.83  1079.08  1023.75   979.70  1023.41
Mark_276        2460461.34017   0.00266   0.00232   -1.18   61.44  0.00266  0.00232 -0.00011  0.00225  1032.91  1078.51  1033.34   979.07  1079.40  1023.94   980.03  1023.68
Mark_276        2460461.34054   0.00588   0.00227   11.75   12.37  0.00539  0.00228  0.00234  0.00222  1033.36  1078.51  1033.70   979.06  1079.60  1024.01   980.31  1023.73
Mark_276        2460461.34091   0.00333   0.00228  -12.36   27.56  0.00302  0.00229 -0.00139  0.00224  1032.73  1078.14  1033.11   978.62  1079.13  1023.45   979.77  1023.25
Mark_276        2460461.34128   0.00414   0.00231    4.24   20.18  0.00410  0.00231  0.00061  0.00224  1032.89  1078.97  1033.27   979.55  1079.17  1024.45   979.83  1024.15
Mark_276        2460461.34166   0.00248   0.00229   -6.72   61.44  0.00242  0.00229 -0.00058  0.00222  1032.91  1078.55  1033.32   979.09  1079.29  1023.89   979.93  1023.63
Mark_277        2460432.33485   0.00330   0.00269   25.64   61.44  0.00206  0.00272  0.00257  0.00266  1030.13  1079.51  1031.06   979.89  1076.92  1024.91   977.07  1024.88
Mark_277        2460432.33534   0.00392   0.00253   71.39   25.04 -0.00312  0.00255  0.00237  0.00250  1030.76  1078.02  1031.21   978.50  1077.19  1023.61   977.42  1023.80
Mark_277        2460432.33590   0.00660   0.00230  -11.18   10.93  0.00610  0.00231 -0.00251  0.00225  1030.69  1078.87  1031.50   978.98  1077.36  1023.68   978.00  1023.54
Mark_277        2460432.33612   0.00366   0.00220   18.67   22.43  0.00291  0.00222  0.00222  0.00217  1030.08  1079.17  1030.42   979.56  1076.05  1024.70   976.91  1024.34
Mark_277        2460432.33669   0.00524   0.00179    6.08   10.62  0.00513  0.00179  0.00110  0.00175  1030.12  1077.69  1030.64   978.24  1076.37  1023.80   977.05  1023.16
Mark_277        2460432.33726   0.00363   0.00180   -3.47   17.10  0.00361  0.00180 -0.00044  0.00176  1030.95  1078.67  1031.23   979.51  1077.25  1024.19   977.50  1024.25
Mark_277        2460432.33782   0.00476   0.00179   -6.40   11.92  0.00464  0.00179 -0.00105  0.00175  1029.98  1079.82  1030.57   980.38  1076.19  1025.30   976.87  1025.17
Mark_277        2460432.33804   0.00848   0.00187   -9.62    6.54  0.00801  0.00188 -0.00279  0.00183  1030.32  1079.01  1031.24   979.10  1077.25  1024.16   977.49  1024.19
Mark_277        2460432.33861   0.00601   0.00194  -14.19    9.96  0.00528  0.00195 -0.00285  0.00191  1029.44  1077.27  1030.15   978.01  1076.37  1022.86   976.66  1023.01
Mark_277        2460432.33918   0.00123   0.00178   22.66   61.44  0.00087  0.00180  0.00088  0.00175  1030.45  1078.86  1031.04   979.59  1076.28  1025.02   977.16  1024.27
Mark_281        2460459.37363   0.00178   0.00184   21.74   61.44  0.00129  0.00187  0.00122  0.00181  1032.50  1085.30  1032.94   985.88  1078.23  1030.59   978.86  1030.34
Mark_281        2460459.37385   0.00144   0.00185  -42.44   61.44  0.00013  0.00190 -0.00144  0.00185  1032.29  1085.84  1032.65   986.45  1078.44  1031.26   979.03  1030.94
Mark_281        2460459.37407   0.00191   0.00199   36.81   61.44  0.00054  0.00206  0.00184  0.00198  1032.01  1084.92  1032.44   985.49  1078.44  1030.43   978.99  1030.18
Mark_281        2460459.37429   0.00500   0.00220   19.01   14.61  0.00394  0.00223  0.00308  0.00216  1033.22  1084.84  1033.59   985.46  1079.07  1030.26   979.71  1029.97
Mark_281        2460459.37464   0.00508   0.00213   29.25   13.74  0.00265  0.00218  0.00433  0.00212  1032.68  1084.48  1033.07   985.00  1078.47  1029.95   979.19  1029.55
Mark_281        2460459.37486   0.00186   0.00225   45.49   61.44 -0.00003  0.00231  0.00186  0.00225  1032.67  1084.70  1033.01   985.26  1078.65  1029.90   979.33  1029.56
Mark_281        2460459.37508   0.00544   0.00246  -63.70   15.08 -0.00330  0.00250 -0.00432  0.00243  1031.74  1084.73  1032.11   985.35  1077.97  1030.32   978.56  1030.06
Mark_282        2460460.35970   0.00491   0.00221   -3.00   14.98  0.00488  0.00221 -0.00051  0.00214  1028.25  1078.65  1028.55   979.19  1075.66  1024.20   976.28  1023.88
Mark_282        2460460.36002   0.00107   0.00211  -49.14   61.44 -0.00015  0.00218 -0.00106  0.00211  1028.40  1078.30  1028.71   978.81  1076.00  1023.54   976.54  1023.32
Mark_282        2460460.36035   0.00059   0.00215   52.21   61.44 -0.00015  0.00221  0.00057  0.00215  1028.20  1078.03  1028.65   978.51  1075.93  1023.60   976.44  1023.35
Mark_282        2460460.36067   0.00448   0.00215  -51.56   16.30 -0.00102  0.00221 -0.00437  0.00215  1028.17  1078.57  1028.39   979.21  1075.82  1023.98   976.48  1023.74
Mark_282        2460460.36100   0.00141   0.00217  -67.49   61.44 -0.00099  0.00220 -0.00099  0.00214  1028.34  1079.79  1028.84   980.22  1076.06  1025.15   976.62  1024.87
Mark_282        2460460.36132   0.00538   0.00216   29.53   12.96  0.00276  0.00220  0.00461  0.00214  1027.18  1079.28  1027.46   979.83  1074.94  1024.90   975.50  1024.61
Mark_282        2460460.36164   0.00251   0.00213   45.96   61.44 -0.00008  0.00219  0.00251  0.00212  1027.99  1079.47  1028.33   979.94  1075.71  1024.71   976.26  1024.41
Mark_282        2460460.36197   0.00408   0.00219   19.02   19.06  0.00321  0.00221  0.00251  0.00215  1028.11  1078.72  1028.50   979.17  1075.82  1024.24   976.35  1023.92
Mark_284        2460459.41632   0.00445   0.00244    8.00   19.69  0.00428  0.00245  0.00123  0.00238  1030.82  1086.52  1031.24   987.17  1077.06  1032.04   977.69  1031.73
Mark_284        2460459.41664   0.00296   0.00249   12.26   61.44  0.00269  0.00250  0.00123  0.00243  1031.40  1086.09  1031.84   986.71  1077.52  1031.60   978.11  1031.35
Mark_284        2460459.41697   0.00536   0.00271   15.78   17.58  0.00456  0.00274  0.00280  0.00265  1030.14  1085.71  1030.53   986.35  1076.59  1031.09   977.25  1030.77
Mark_284        2460459.41729   0.00546   0.00296  -66.79   19.34 -0.00376  0.00301 -0.00395  0.00292  1030.98  1085.90  1031.35   986.56  1077.25  1031.36   977.84  1031.10
Mark_284        2460459.41762   0.00326   0.00303  -75.01   61.44 -0.00283  0.00305 -0.00163  0.00297  1030.77  1086.11  1031.19   986.75  1076.82  1031.69   977.46  1031.41
Mark_284        2460459.41794   0.00279   0.00334  -82.94   61.44 -0.00270  0.00334 -0.00068  0.00325  1029.84  1085.40  1030.27   985.97  1076.05  1030.90   976.70  1030.62
Mark_284        2460459.41826   0.00528   0.00306  -13.56   21.33  0.00470  0.00308 -0.00241  0.00300  1029.98  1085.37  1030.41   985.96  1075.97  1030.82   976.62  1030.49
Mark_284        2460459.41859   0.00702   0.00323   81.96   15.43 -0.00674  0.00324  0.00194  0.00312  1029.74  1085.35  1030.22   985.90  1075.44  1031.02   976.14  1030.59
Mark_285        2460459.36031   0.00395   0.00210  -70.01   18.81 -0.00302  0.00211 -0.00254  0.00207  1029.65  1084.70  1030.04   985.32  1075.77  1030.24   976.38  1029.96
Mark_285        2460459.36064   0.00322   0.00214   -0.08   26.18  0.00322  0.00214 -0.00001  0.00209  1029.63  1084.54  1029.98   985.10  1075.19  1029.81   975.86  1029.52
Mark_285        2460459.36096   0.00438   0.00212   17.03   16.53  0.00363  0.00214  0.00246  0.00209  1029.50  1085.01  1029.86   985.58  1075.22  1030.33   975.85  1030.05
Mark_285        2460459.36128   0.00429   0.00215   26.88   17.30  0.00254  0.00218  0.00346  0.00213  1029.13  1084.26  1029.52   984.87  1075.06  1029.48   975.63  1029.18
Mark_285        2460459.36161   0.00413   0.00207  -43.22   17.29  0.00026  0.00211 -0.00412  0.00207  1029.06  1083.97  1029.50   984.51  1074.96  1029.63   975.52  1029.38
Mark_285        2460459.36208   0.00482   0.00211   83.23   14.46 -0.00469  0.00211  0.00113  0.00207  1029.86  1084.29  1030.23   984.92  1075.88  1029.54   976.54  1029.23
Mark_285        2460459.36241   0.00292   0.00213   11.55   61.44  0.00269  0.00214  0.00115  0.00209  1028.99  1084.15  1029.40   984.80  1075.30  1029.38   975.90  1029.08
Mark_285        2460459.36273   0.00216   0.00216  -19.85   61.44  0.00166  0.00218 -0.00138  0.00213  1029.44  1084.72  1029.90   985.39  1075.50  1030.28   976.14  1030.01
Mark_285        2460459.36324   0.00489   0.00218   10.14   14.80  0.00459  0.00219  0.00170  0.00213  1030.04  1084.87  1030.44   985.49  1075.94  1030.13   976.52  1029.81
Mark_289        2460460.39513   0.00083   0.00205  -24.43   61.44  0.00055  0.00208 -0.00062  0.00202  1030.86  1086.67  1031.19   987.25  1078.45  1031.80   979.08  1031.50
Mark_289        2460460.39542   0.00111   0.00203   44.22   61.44  0.00003  0.00208  0.00111  0.00203  1031.26  1086.58  1031.65   987.11  1079.22  1031.80   979.80  1031.47
Mark_289        2460460.39571   0.00368   0.00208  -11.11   20.51  0.00340  0.00209 -0.00139  0.00202  1031.82  1086.88  1032.23   987.32  1079.33  1032.23   979.89  1031.92
Mark_289        2460460.39600   0.00605   0.00206  -10.54   10.62  0.00565  0.00207 -0.00218  0.00202  1030.29  1088.13  1030.73   988.70  1078.15  1033.24   978.74  1032.97
Mark_289        2460460.39628   0.00568   0.00205  -27.37   11.34  0.00328  0.00209 -0.00464  0.00203  1030.93  1087.53  1031.30   988.16  1078.49  1032.90   979.12  1032.58
Mark_289        2460460.39657   0.00613   0.00203   29.84   10.24  0.00310  0.00206  0.00530  0.00202  1031.03  1087.05  1031.46   987.55  1078.60  1032.34   979.19  1032.05
Mark_289        2460460.39686   0.00165   0.00207  -72.59   61.44 -0.00135  0.00209 -0.00094  0.00202  1030.96  1087.13  1031.32   987.77  1078.39  1032.45   979.00  1032.20
Mark_289        2460460.39716   0.00178   0.00200  -31.98   61.44  0.00078  0.00204 -0.00160  0.00199  1030.88  1087.47  1031.26   987.98  1078.48  1032.74   979.08  1032.47
Mark_290        2460460.36392   0.00289   0.00211    3.81   61.44  0.00286  0.00211  0.00038  0.00205  1030.42  1082.24  1030.81   982.76  1078.00  1027.66   978.53  1027.40
Mark_290        2460460.36425   0.00220   0.00211   -3.91   61.44  0.00218  0.00211 -0.00030  0.00206  1030.65  1082.22  1031.10   982.71  1078.27  1027.54   978.95  1027.27
Mark_290        2460460.36457   0.00335   0.00208   20.27   23.57  0.00254  0.00210  0.00217  0.00204  1030.47  1081.57  1030.75   982.15  1078.18  1027.11   978.77  1026.79
Mark_290        2460460.36490   0.00139   0.00210   -1.78   61.44  0.00139  0.00210 -0.00009  0.00204  1029.37  1080.64  1029.69   981.08  1077.16  1025.85   977.72  1025.54
Mark_290        2460460.36522   0.00319   0.00207    3.38   25.41  0.00316  0.00207  0.00037  0.00201  1029.76  1080.22  1030.11   980.70  1077.39  1025.48   977.90  1025.26
Mark_290        2460460.36554   0.00448   0.00204  -19.78   15.17  0.00346  0.00206 -0.00286  0.00199  1029.44  1079.77  1029.78   980.27  1077.20  1024.92   977.77  1024.63
Mark_290        2460460.36587   0.00370   0.00205  -24.20   20.01  0.00246  0.00209 -0.00277  0.00202  1029.08  1079.76  1029.44   980.27  1077.02  1024.97   977.57  1024.67
Mark_290        2460460.36619   0.00310   0.00209   13.57   26.83  0.00276  0.00211  0.00142  0.00203  1029.82  1078.91  1030.19   979.39  1077.43  1024.17   978.06  1023.88
Mark_294        2460461.32285   0.00518   0.00208  -17.07   12.92  0.00429  0.00209 -0.00291  0.00204  1031.41  1084.40  1031.82   984.95  1077.82  1029.84   978.43  1029.55
Mark_294        2460461.32323   0.00049   0.00208    4.61   61.44  0.00048  0.00208  0.00008  0.00202  1030.99  1084.80  1031.37   985.36  1077.21  1030.25   977.84  1029.97
Mark_294        2460461.32362   0.00146   0.00208  -79.37   61.44 -0.00136  0.00209 -0.00053  0.00204  1031.05  1084.36  1031.46   984.91  1077.49  1029.80   978.07  1029.49
Mark_294        2460461.32400   0.00099   0.00205   53.42   61.44 -0.00029  0.00209  0.00095  0.00205  1031.04  1084.30  1031.41   984.87  1077.45  1029.69   978.03  1029.47
Mark_294        2460461.32439   0.00726   0.00210   -2.45    8.81  0.00724  0.00210 -0.00062  0.00205  1031.52  1084.40  1031.91   984.92  1077.94  1029.86   978.55  1029.59
Mark_294        2460461.32477   0.00893   0.00209   -8.03    6.95  0.00859  0.00209 -0.00247  0.00204  1031.49  1084.52  1031.81   985.12  1077.79  1030.05   978.35  1029.77
Mark_294        2460461.32516   0.00275   0.00209  -16.78   61.44  0.00229  0.00211 -0.00152  0.00206  1030.88  1084.48  1031.26   984.99  1077.36  1029.91   977.94  1029.64
Mark_294        2460461.32554   0.00275   0.00211    4.88   61.44  0.00271  0.00211  0.00047  0.00206  1030.83  1084.39  1031.15   985.00  1077.16  1029.90   977.79  1029.67
Mark_295        2460461.34398   0.00271   0.00185    0.52   27.51  0.00271  0.00185  0.00005  0.00180  1032.93  1082.50  1033.27   983.07  1079.27  1027.87   979.91  1027.60
Mark_295        2460461.34427   0.00133   0.00183    8.11   61.44  0.00128  0.00184  0.00037  0.00179  1033.36  1082.86  1033.68   983.46  1079.75  1028.23   980.41  1027.93
Mark_295        2460461.34456   0.00141   0.00182   16.68   61.44  0.00118  0.00184  0.00078  0.00179  1033.51  1082.65  1033.89   983.21  1079.91  1028.07   980.50  1027.81
Mark_295        2460461.34485   0.00468   0.00184    5.17   12.65  0.00460  0.00184  0.00084  0.00180  1033.43  1082.46  1033.73   982.94  1079.71  1027.75   980.36  1027.54
Mark_295        2460461.34514   0.00066   0.00183   -9.34   61.44  0.00063  0.00183 -0.00021  0.00178  1033.28  1082.53  1033.60   983.12  1079.47  1028.01   980.13  1027.72
Mark_295        2460461.34543   0.00298   0.00182   12.09   23.00  0.00272  0.00183  0.00122  0.00177  1033.35  1082.69  1033.67   983.23  1079.73  1028.08   980.41  1027.78
Mark_295        2460461.34572   0.00403   0.00179   33.49   14.79  0.00158  0.00183  0.00371  0.00179  1032.63  1082.08  1033.00   982.59  1078.95  1027.47   979.52  1027.18
Mark_295        2460461.34601   0.00269   0.00182   18.54   26.92  0.00215  0.00184  0.00162  0.00178  1032.88  1082.48  1033.22   982.98  1079.25  1027.77   979.87  1027.50
Mark_297        2460431.51476   0.00535   0.00196  -13.21   11.62  0.00479  0.00197 -0.00238  0.00192  1031.40  1083.98  1031.91   984.41  1079.35  1029.32   979.88  1028.83
Mark_297        2460431.51510   0.00113   0.00193  -74.67   61.44 -0.00097  0.00194 -0.00057  0.00190  1030.39  1083.71  1030.96   984.05  1078.43  1028.77   978.95  1028.32
Mark_297        2460431.51545   0.00519   0.00214  -27.38   13.42  0.00299  0.00217 -0.00424  0.00213  1030.28  1083.16  1030.89   983.59  1078.49  1028.28   979.03  1027.81
Mark_297        2460431.51580   0.00167   0.00201   18.08   61.44  0.00135  0.00203  0.00098  0.00198  1030.98  1084.25  1031.43   984.72  1079.21  1029.39   979.78  1028.98
Mark_297        2460431.51616   0.00513   0.00230   18.93   14.88  0.00405  0.00232  0.00315  0.00226  1030.76  1083.47  1031.49   983.98  1078.91  1028.86   979.71  1028.48
Mark_297        2460431.51668   0.01011   0.00253   -4.84    7.50  0.00996  0.00254 -0.00170  0.00249  1030.61  1083.00  1031.33   983.74  1078.88  1028.54   979.44  1028.06
Mark_297        2460431.51703   0.00864   0.00284  -29.95   10.17  0.00433  0.00288 -0.00747  0.00283  1030.39  1082.83  1030.98   983.33  1078.46  1028.14   978.97  1027.65
Mark_297        2460431.51755   0.00556   0.00223  -41.75   12.95  0.00063  0.00226 -0.00552  0.00223  1030.76  1083.25  1031.22   984.05  1078.72  1028.73   979.53  1028.26
Mark_297        2460431.51789   0.00638   0.00263   -8.75   13.40  0.00608  0.00263 -0.00192  0.00261  1030.02  1082.72  1030.49   983.31  1077.88  1028.40   978.63  1027.88
Mark_297        2460431.51824   0.00671   0.00290  -14.24   14.24  0.00590  0.00292 -0.00320  0.00286  1028.90  1083.19  1029.43   983.88  1077.13  1028.48   977.75  1027.99
Mark_298        2460461.34824   0.00405   0.00102    0.73    7.51  0.00405  0.00102  0.00010  0.00099  1032.74  1085.26  1033.10   985.82  1079.09  1030.64   979.65  1030.43
Mark_298        2460461.34847   0.00262   0.00102   -5.22   12.50  0.00257  0.00102 -0.00047  0.00100  1033.22  1085.12  1033.54   985.66  1079.67  1030.54   980.31  1030.22
Mark_298        2460461.34870   0.00173   0.00102   -8.44   21.77  0.00165  0.00102 -0.00050  0.00099  1032.79  1084.74  1033.15   985.33  1079.37  1030.07   979.97  1029.82
Mark_298        2460461.34894   0.00309   0.00101    6.10   10.11  0.00302  0.00101  0.00065  0.00099  1034.02  1084.88  1034.42   985.49  1080.39  1030.12   981.01  1029.88
Mark_298        2460461.34917   0.00051   0.00101    8.86   61.44  0.00048  0.00101  0.00015  0.00099  1032.48  1085.21  1032.77   985.76  1078.78  1030.57   979.42  1030.34
Mark_298        2460461.34940   0.00384   0.00101    8.26    7.92  0.00368  0.00101  0.00109  0.00099  1032.56  1084.85  1032.95   985.48  1078.98  1030.27   979.57  1030.01
Mark_298        2460461.34963   0.00239   0.00099   31.56   13.52  0.00108  0.00101  0.00213  0.00099  1033.04  1085.12  1033.43   985.68  1079.41  1030.52   980.02  1030.21
Mark_298        2460461.34986   0.00373   0.00101    6.82    8.17  0.00362  0.00101  0.00088  0.00099  1032.56  1084.59  1032.93   985.18  1079.00  1029.95   979.61  1029.70
Mark_301        2460459.37028   0.00414   0.00100   -3.72    7.18  0.00411  0.00100 -0.00054  0.00097  1030.97  1080.42  1031.39   980.98  1076.84  1025.87   977.48  1025.55
Mark_301        2460459.37049   0.00279   0.00100   -7.96   11.24  0.00268  0.00100 -0.00076  0.00097  1030.47  1079.68  1030.81   980.28  1076.47  1025.65   977.08  1025.27
Mark_301        2460459.37069   0.00225   0.00100   -5.60   14.72  0.00220  0.00100 -0.00044  0.00097  1030.87  1079.72  1031.31   980.33  1076.57  1025.02   977.26  1024.69
Mark_301        2460459.37090   0.00545   0.00099   -0.71    5.34  0.00545  0.00099 -0.00014  0.00097  1029.78  1079.08  1030.16   979.65  1075.55  1024.60   976.18  1024.34
Mark_301        2460459.37111   0.00407   0.00099    3.82    7.26  0.00404  0.00099  0.00054  0.00097  1032.89  1084.00  1033.28   984.64  1079.20  1029.42   979.88  1029.12
Mark_301        2460459.37132   0.00280   0.00099    3.18   11.11  0.00278  0.00099  0.00031  0.00097  1032.93  1082.92  1033.34   983.46  1079.13  1028.44   979.77  1028.19
Mark_301        2460459.37153   0.00272   0.00098  -17.06   11.34  0.00226  0.00099 -0.00153  0.00097  1032.28  1082.42  1032.64   982.98  1078.09  1027.79   978.79  1027.49
Mark_301        2460459.37174   0.00321   0.00098  -28.52    9.29  0.00175  0.00099 -0.00269  0.00097  1032.87  1082.13  1033.25   982.75  1078.83  1027.58   979.46  1027.29
Mark_301        2460459.37194   0.00217   0.00099    9.90   15.28  0.00204  0.00099  0.00074  0.00097  1031.97  1081.74  1032.38   982.33  1078.84  1027.38   979.48  1027.06
Mark_302        2460460.35008   0.00105   0.00183  -66.03   61.44 -0.00070  0.00186 -0.00078  0.00180  1031.41  1079.73  1031.73   980.23  1079.24  1025.13   979.84  1024.82
Mark_302        2460460.35041   0.00393   0.00184   84.06   15.81 -0.00385  0.00184  0.00081  0.00179  1031.88  1080.67  1032.15   981.15  1079.75  1025.93   980.36  1025.67
Mark_302        2460460.35075   0.00518   0.00181  -21.78   10.91  0.00375  0.00184 -0.00357  0.00177  1031.75  1080.45  1032.11   980.99  1079.44  1025.82   980.14  1025.51
Mark_302        2460460.35102   0.00211   0.00180  -56.78   61.44 -0.00084  0.00184 -0.00194  0.00179  1031.54  1079.77  1031.94   980.22  1079.20  1025.23   979.80  1024.91
Mark_302        2460460.35128   0.00081   0.00182  -82.61   61.44 -0.00078  0.00183 -0.00021  0.00177  1031.89  1079.89  1032.22   980.33  1079.20  1025.16   979.86  1024.88
Mark_302        2460460.35160   0.00240   0.00183   21.63   61.44  0.00175  0.00186  0.00165  0.00179  1031.71  1080.44  1032.06   980.97  1079.10  1025.80   979.72  1025.50
Mark_302        2460460.35186   0.00242   0.00184  -19.63   61.44  0.00187  0.00186 -0.00153  0.00181  1031.58  1079.72  1031.95   980.25  1079.27  1025.30   979.83  1025.08
Mark_302        2460460.35213   0.00590   0.00186   -7.42    9.68  0.00570  0.00186 -0.00151  0.00181  1031.59  1080.31  1031.89   980.89  1079.06  1025.84   979.69  1025.50
Mark_305        2460438.31789   0.00153   0.00179  -37.89   61.44  0.00038  0.00183 -0.00148  0.00179  1033.72  1084.93  1034.36   985.52  1079.23  1030.24   979.93  1029.73
Mark_305        2460438.31810   0.00313   0.00180  -53.60   20.98 -0.00093  0.00184 -0.00299  0.00179  1033.52  1084.99  1034.21   985.52  1079.46  1030.47   980.05  1029.88
Mark_305        2460438.31831   0.00210   0.00180  -40.77   61.44  0.00031  0.00184 -0.00208  0.00180  1033.34  1084.75  1033.96   985.40  1079.01  1030.15   979.69  1029.63
Mark_305        2460438.31852   0.00376   0.00180  -39.41   16.23  0.00073  0.00184 -0.00369  0.00180  1034.22  1084.92  1034.83   985.51  1079.83  1030.19   980.50  1029.65
Mark_305        2460438.31873   0.00447   0.00181  -43.28   13.04  0.00027  0.00185 -0.00447  0.00181  1033.03  1085.16  1033.63   985.77  1078.98  1030.72   979.63  1030.21
Mark_305        2460438.31895   0.00385   0.00184  -87.87   16.30 -0.00384  0.00184 -0.00029  0.00179  1033.61  1085.27  1034.24   985.85  1079.48  1030.64   980.18  1030.12
Mark_305        2460438.31916   0.00175   0.00179  -54.29   61.44 -0.00056  0.00184 -0.00166  0.00179  1033.84  1084.75  1034.36   985.40  1079.61  1030.24   980.30  1029.71
Mark_305        2460438.31936   0.00127   0.00183  -67.91   61.44 -0.00091  0.00185 -0.00089  0.00180  1032.98  1084.86  1033.58   985.42  1078.87  1030.50   979.50  1029.99
Mark_305        2460438.31957   0.00226   0.00184  -83.31   61.44 -0.00220  0.00184 -0.00052  0.00179  1033.20  1085.00  1033.82   985.63  1078.84  1030.50   979.41  1030.02
Mark_307        2460459.34921   0.00207   0.00178   40.59   61.44  0.00032  0.00181  0.00205  0.00178  1029.95  1082.36  1030.39   982.87  1076.14  1027.66   976.61  1027.19
Mark_307        2460459.34944   0.00282   0.00180    2.24   24.63  0.00281  0.00180  0.00022  0.00177  1029.04  1081.19  1029.48   981.75  1074.92  1026.65   975.50  1026.30
Mark_307        2460459.34968   0.00131   0.00180   18.68   61.44  0.00104  0.00182  0.00079  0.00178  1029.10  1080.55  1029.46   981.13  1074.93  1025.94   975.59  1025.64
Mark_307        2460459.34991   0.00301   0.00181    6.71   22.44  0.00293  0.00181  0.00070  0.00178  1028.49  1079.98  1028.87   980.54  1074.88  1025.32   975.53  1025.05
Mark_307        2460459.35014   0.00397   0.00178   24.77   14.93  0.00258  0.00180  0.00302  0.00177  1028.09  1079.19  1028.39   979.70  1074.03  1024.60   974.60  1024.26
Mark_307        2460459.35037   0.00210   0.00174  -41.46   61.44  0.00026  0.00179 -0.00209  0.00174  1030.39  1084.31  1030.71   984.85  1076.11  1029.37   976.81  1029.13
Mark_307        2460459.35060   0.00161   0.00180  -84.34   61.44 -0.00158  0.00180 -0.00032  0.00177  1029.61  1083.43  1030.01   983.99  1075.82  1028.73   976.42  1028.45
Mark_307        2460459.35083   0.00419   0.00178   -7.45   13.87  0.00405  0.00178 -0.00108  0.00174  1029.37  1082.32  1029.75   982.88  1075.45  1027.72   976.06  1027.41
Mark_307        2460459.35106   0.00236   0.00179  -13.12   61.44  0.00212  0.00180 -0.00104  0.00176  1028.38  1081.46  1028.78   982.03  1074.31  1027.18   974.88  1026.88
Mark_308        2460431.28429   0.00842   0.00247    3.01    8.94  0.00838  0.00247  0.00088  0.00242  1029.49  1081.93  1030.17   982.49  1077.01  1027.22   977.61  1026.80
Mark_308        2460431.28456   0.00454   0.00236  -12.44   18.19  0.00412  0.00237 -0.00191  0.00232  1028.87  1081.41  1029.53   982.03  1076.64  1026.66   977.24  1026.15
Mark_308        2460431.28483   0.00334   0.00238  -18.48   61.44  0.00267  0.00240 -0.00201  0.00235  1030.20  1080.99  1030.77   981.68  1077.68  1026.45   978.36  1025.86
Mark_308        2460431.28509   0.00333   0.00246  -53.53   61.44 -0.00098  0.00251 -0.00319  0.00246  1029.96  1081.96  1030.55   982.44  1077.29  1027.39   977.92  1026.91
Mark_308        2460431.28536   0.00527   0.00240  -28.39   15.20  0.00289  0.00242 -0.00441  0.00239  1030.24  1081.66  1030.83   982.13  1077.72  1026.89   978.35  1026.39
Mark_308        2460431.28563   0.00476   0.00237  -29.87   17.21  0.00240  0.00241 -0.00411  0.00236  1029.21  1082.14  1029.78   982.64  1077.07  1027.34   977.67  1026.82
Mark_308        2460431.28589   0.00876   0.00234  -18.46    8.04  0.00700  0.00235 -0.00526  0.00231  1029.45  1082.16  1030.08   982.64  1077.02  1027.36   977.61  1026.82
Mark_308        2460431.28616   0.00579   0.00269  -12.61   15.61  0.00524  0.00270 -0.00247  0.00264  1029.47  1081.64  1030.06   982.18  1077.19  1027.16   977.75  1026.59
Mark_308        2460431.28642   0.00143   0.00260  -76.56   61.44 -0.00128  0.00261 -0.00065  0.00255  1029.99  1082.34  1030.54   982.92  1077.45  1027.30   977.97  1026.76
Mark_310        2460460.29405   0.00738   0.00216   34.87    8.93  0.00256  0.00221  0.00692  0.00216  1028.61  1082.87  1029.04   983.30  1075.73  1028.47   976.34  1028.21
Mark_310        2460460.29438   0.01170   0.00222   15.63    5.56  0.01000  0.00223  0.00607  0.00219  1028.31  1082.32  1028.64   982.94  1075.75  1027.81   976.38  1027.47
Mark_310        2460460.29470   0.01139   0.00222   14.04    5.73  0.01005  0.00223  0.00536  0.00219  1028.23  1082.70  1028.61   983.23  1075.47  1028.32   976.18  1027.94
Mark_310        2460460.29502   0.00839   0.00219   23.37    7.83  0.00575  0.00221  0.00611  0.00216  1028.64  1082.89  1029.08   983.44  1076.05  1028.42   976.64  1028.08
Mark_310        2460460.29535   0.01050   0.00221   18.88    6.22  0.00830  0.00223  0.00643  0.00218  1028.80  1082.83  1029.14   983.36  1076.29  1028.31   976.87  1028.00
Mark_310        2460460.29567   0.00634   0.00222   15.96   10.95  0.00539  0.00223  0.00335  0.00219  1028.41  1082.59  1028.72   983.15  1075.89  1027.88   976.46  1027.55
Mark_310        2460460.29601   0.00728   0.00220   28.18    9.23  0.00403  0.00223  0.00606  0.00218  1028.48  1082.31  1028.79   982.80  1076.09  1027.51   976.67  1027.12
Mark_310        2460460.29633   0.00767   0.00219    7.77    8.67  0.00739  0.00219  0.00205  0.00215  1028.65  1082.51  1029.03   983.09  1075.66  1027.76   976.29  1027.39
