#GID   RA    DEC     l     b     RP
1442578295230000000  200.13756  21.61921  354.75927  81.38410  9.17
1442583036880000000  200.15236  21.73875  355.42548  81.45190  12.39
1442634851360000000  199.97675  21.85439  355.30181  81.65097  10.28
3935994208570000000  190.28989  18.57169  286.94649  81.12274  11.41
3935997575830000000  190.58537  18.62152  288.63780  81.23974  9.68
3936002450620000000  190.41055  18.68726  287.47667  81.26360  12.40
3936071071310000000  191.68143  19.04211  295.06048  81.84175  11.81
3936093164620000000  191.07309  18.97623  291.17095  81.68434  12.19
3936093813160000000  190.73099  18.75162  289.33277  81.39770  11.91
3936096527580000000  190.83705  18.85830  289.83690  81.52363  12.17
3936104125380000000  190.87994  18.96818  289.94844  81.63961  12.24
3936119587260000000  191.26860  19.13782  292.23443  81.87707  12.21
3936120858570000000  191.36523  19.06019  292.96152  81.81599  10.81
3936121060430000000  191.35025  19.06658  292.85599  81.81997  9.92
3936122507840000000  191.55118  19.14096  294.10125  81.92284  10.36
3936125359700000000  191.32959  19.15580  292.61490  81.90469  9.66
3936130956040000000  191.14149  19.10416  291.44439  81.82221  11.47
3936134666890000000  191.01219  19.18642  290.48591  81.87903  11.41
3936141783650000000  191.15543  19.26661  291.31850  81.98423  12.49
3936146044260000000  191.25333  19.45846  291.71747  82.18994  12.44
3940083876430000000  198.16086  20.60454  340.65890  81.87476  12.26
3940084426190000000  198.20403  20.64331  341.05137  81.88261  8.87
3940085560060000000  198.31789  20.68337  341.82590  81.85180  11.62
3940324600760000000  200.02119  20.79197  350.36826  80.89499  12.23
3940330338840000000  199.94096  20.91922  350.59811  81.03821  12.26
3940409739900000000  199.23584  20.63010  346.17086  81.27316  10.93
3940415310470000000  199.62518  20.75690  348.49918  81.12531  10.35
3940418127970000000  199.39124  20.75375  347.42840  81.27029  12.33
3940418398550000000  199.46382  20.78061  347.87836  81.24479  10.99
3940427233300000000  199.08852  20.78094  346.12907  81.47738  12.30
3940428642050000000  199.20520  20.85210  346.99844  81.45937  11.84
3940428848210000000  199.14597  20.82810  346.61132  81.47788  12.45
3940435097380000000  199.26860  20.91794  347.59157  81.46903  11.71
3940442763900000000  198.68437  20.62233  343.46023  81.59490  12.10
3940450872800000000  198.86226  20.74241  344.86142  81.58411  12.10
3940451869230000000  198.72453  20.69415  343.96792  81.62783  12.07
3940452693870000000  198.74261  20.74678  344.28555  81.65825  11.73
3940457676030000000  198.41920  20.67283  342.31411  81.78645  11.62
3940465510050000000  198.67410  20.79252  344.13926  81.73407  9.21
3940465647490000000  198.69223  20.80827  344.29978  81.73568  12.35
3940471694800000000  198.64421  20.93232  344.60491  81.86021  11.55
3940474782880000000  199.01346  20.84528  346.05214  81.57190  11.91
3940477364160000000  199.02275  20.89962  346.33966  81.60740  12.48
3940477535960000000  199.01280  20.92477  346.40450  81.63248  12.36
3940484888940000000  199.27654  21.01030  348.04901  81.53239  12.04
3940496743050000000  198.77670  21.08060  345.94990  81.89445  12.09
3940503477560000000  199.03804  21.20238  347.80931  81.82427  10.14
3940511650880000000  199.77525  20.89510  349.77560  81.12928  11.36
3940516667400000000  199.64702  20.95893  349.50112  81.25834  12.10
3940518355330000000  199.89835  20.95452  350.57628  81.09130  12.33
3940520519990000000  200.00844  21.04150  351.44196  81.07971  12.32
3940531412030000000  199.41486  21.03988  348.82543  81.46627  10.86
3940533542330000000  199.50330  21.11295  349.56758  81.46234  12.20
3940549274790000000  200.00955  21.21608  352.26185  81.20026  11.79
3940552818140000000  200.04718  21.36016  353.10883  81.27332  12.41
3940562541950000000  199.89062  21.29056  352.11281  81.33187  11.42
3940562645030000000  199.88820  21.31380  352.21411  81.34955  11.78
3940566768200000000  199.82542  21.37063  352.21976  81.43108  12.02
3940567627190000000  199.72931  21.39199  351.90680  81.51053  12.01
3940585803490000000  199.25996  21.28832  349.27798  81.74595  11.18
3940586731200000000  199.35889  21.29277  349.76007  81.68520  11.78
3940591953880000000  199.59756  21.39740  351.35185  81.60238  11.29
3940592744160000000  199.45230  21.35375  350.48404  81.66770  10.84
3940594977540000000  199.48476  21.41440  350.92815  81.68916  12.18
3940598344800000000  199.07339  21.30111  348.45208  81.87456  12.07
3940599719190000000  199.27380  21.36363  349.70776  81.79125  11.45
3940600303300000000  199.20865  21.37743  349.46864  81.84334  11.46
3940600505160000000  199.19330  21.37516  349.38487  81.85161  11.35
3940610130190000000  199.26527  21.48050  350.24364  81.88030  11.86
3940624733070000000  199.78589  21.63083  353.34143  81.63550  12.09
3940627000820000000  199.90260  21.71785  354.28367  81.61315  11.17
3940627855520000000  199.80470  21.66239  353.58290  81.64383  11.31
3940631875600000000  199.82224  21.82387  354.49131  81.73927  11.52
3940638747550000000  199.49960  21.72981  352.58711  81.89800  11.32
3940643802730000000  199.84917  21.86848  354.83983  81.74982  12.02
3940649403370000000  199.66454  21.96838  354.57683  81.94457  11.28
3941630167740000000  194.83844  19.97715  317.57292  82.62284  9.73
3941702769870000000  195.72437  20.31136  324.56937  82.69682  10.83
3941704659650000000  195.82549  20.35185  325.38003  82.70088  10.75
3941720568210000000  195.20490  20.17521  320.58600  82.72323  12.01
3941725206780000000  195.04390  20.06870  319.21214  82.66268  12.27
3941735068020000000  195.19630  20.26039  320.71996  82.80711  12.17
3941738091680000000  195.04356  20.32546  319.76223  82.90998  12.19
3941743108200000000  195.55331  20.25056  323.22000  82.69409  10.76
3941748743200000000  195.46991  20.37368  322.95272  82.83602  12.47
3941751869930000000  195.72166  20.40738  324.81809  82.78758  10.98
3941754653070000000  195.59358  20.45045  324.03680  82.86974  11.64
3941756126250000000  195.61722  20.46121  324.23417  82.87224  11.46
3941767675410000000  195.47963  20.49467  323.34314  82.94732  10.82
3941773482210000000  195.46730  20.61388  323.58008  83.06357  11.94
3941773546630000000  195.50499  20.62194  323.87744  83.05924  12.26
3941902911050000000  192.53017  19.19382  300.67997  82.05981  11.91
3941904736410000000  192.33954  19.18539  299.38242  82.04280  9.91
3941904839490000000  192.37547  19.17618  299.63084  82.03552  9.19
3941910538910000000  192.76572  19.30553  302.28181  82.17681  12.44
3941976823140000000  193.50629  19.52605  307.53086  82.37468  12.32
3941983317130000000  193.64963  19.64717  308.63015  82.48392  11.86
3941998710290000000  193.30322  19.49583  306.07849  82.35673  11.12
3942003073980000000  193.24094  19.57580  305.66456  82.43945  11.49
3942003726810000000  193.18301  19.56730  305.24761  82.43323  12.31
3942019085620000000  192.87856  19.65332  303.07003  82.52505  10.51
3942021967540000000  193.35258  19.50348  306.43108  82.36183  12.44
3942026404240000000  193.28580  19.58141  305.98755  82.44304  11.96
3942041969200000000  193.25435  19.74743  305.82270  82.61031  11.96
3942054098190000000  193.19525  19.94605  305.45498  82.81122  12.31
3942063100440000000  191.85883  19.00495  296.26387  81.82483  10.69
3942068254400000000  192.22293  19.11116  298.62677  81.96162  11.89
3942073751960000000  192.09573  19.23237  297.69590  82.07304  11.58
3942077394090000000  191.91542  19.12715  296.54810  81.95205  11.33
3942082444980000000  191.73763  19.22008  295.27436  82.02503  11.46
3942083991160000000  191.99803  19.20329  297.05049  82.03566  10.00
3942084953240000000  191.90628  19.23768  296.40214  82.06104  12.35
3942090519510000000  191.94690  19.36897  296.57907  82.19565  11.84
3942093027770000000  192.37692  19.24391  299.61403  82.10322  11.30
3942101720790000000  192.53847  19.38424  300.68571  82.25039  10.70
3942108352220000000  192.55876  19.55793  300.78195  82.42465  12.19
3942110723040000000  192.13864  19.38578  297.89654  82.22932  11.39
3942112578470000000  192.26250  19.43691  298.73249  82.28918  12.45
3942119175540000000  192.34720  19.52073  299.28926  82.37798  9.50
3942126803400000000  192.24496  19.73077  298.44770  82.58111  12.49
3942129857120000000  191.71533  19.27813  295.06995  82.07992  11.75
3942133159950000000  191.48915  19.32835  293.48272  82.09935  12.22
3942137832870000000  191.73111  19.41603  295.04757  82.21859  8.78
3942141784240000000  191.63832  19.44843  294.37403  82.23889  11.55
3942150271100000000  191.36810  19.47682  292.47901  82.22722  12.19
3942152332680000000  191.49434  19.55172  293.26005  82.32072  9.88
3942152603270000000  191.48116  19.57052  293.14570  82.33729  11.36
3942156627650000000  191.72588  19.60739  294.82309  82.40765  9.40
3942160265490000000  191.51625  19.67889  293.26151  82.44955  12.32
3942160544660000000  191.61769  19.66367  293.99760  82.44911  12.14
3942175078830000000  192.14723  19.79486  297.69504  82.63763  12.16
3942183222090000000  191.88188  19.77532  295.77804  82.59270  10.76
3942192808450000000  191.99811  19.97746  296.45408  82.80583  12.07
3942204422050000000  192.66641  19.65500  301.53427  82.52465  12.32
3942209266770000000  192.90707  19.77535  303.28189  82.64697  10.49
3942210572440000000  192.94061  19.81933  303.53189  82.69070  12.38
3942212771460000000  192.77365  19.82087  302.29715  82.69219  12.45
3942225072250000000  192.66867  19.86801  301.51223  82.73766  11.81
3942229740880000000  192.51215  19.92917  300.32793  82.79390  11.58
3942233559100000000  193.06560  19.84350  304.46062  82.71280  11.03
3942240392400000000  193.03226  20.01183  304.24217  82.88182  12.19
3942241805440000000  193.19212  19.96291  305.43708  82.82819  9.12
3942249983060000000  193.14061  20.21682  305.12325  83.08378  12.07
3942254411170000000  192.92372  20.11250  303.42581  82.98400  12.48
3942255618060000000  192.78851  20.09528  302.38764  82.96673  11.16
3942255652420000000  192.81180  20.08908  302.56653  82.96069  12.41
3942257198600000000  192.85049  20.12852  302.86271  83.00026  12.34
3942270972560000000  192.41489  19.92693  299.60109  82.78717  12.32
3942274374180000000  192.25078  19.98082  298.34325  82.83086  12.06
3942275615420000000  192.34393  20.02893  299.01840  82.88500  11.41
3942276096460000000  192.27744  20.03895  298.50943  82.89070  11.94
3942277226040000000  192.45624  19.97395  299.89152  82.83618  11.81
3942279532430000000  192.54263  20.07625  300.50927  82.94204  12.15
3942279837380000000  192.63463  20.10162  301.20632  82.97035  11.05
3942283037130000000  192.40334  20.13109  299.42034  82.99040  11.58
3942289428040000000  192.15746  20.11908  297.54467  82.96143  11.33
3942295956390000000  192.24844  20.18809  298.19568  83.03735  8.76
3942305955070000000  192.74348  20.23734  302.02490  83.10828  11.35
3942309008790000000  192.55922  20.26840  300.57495  83.13465  12.28
3942309459770000000  192.55705  20.27836  300.55468  83.14452  9.82
3942314029610000000  192.85303  20.39579  302.88035  83.26754  11.99
3942315885040000000  192.87976  20.44499  303.09523  83.31672  12.25
3942316945890000000  192.74873  20.39284  302.04693  83.26383  12.38
3942319591590000000  192.86182  20.50454  302.95091  83.37629  12.14
3942320351800000000  192.79608  20.53553  302.41485  83.40702  10.89
3942327223750000000  192.41600  20.46796  299.35396  83.32738  12.34
3942329143600000000  192.43576  20.53897  299.47803  83.39935  11.90
3942330109970000000  192.62650  20.47307  301.04922  83.34141  11.89
3942337188080000000  192.69623  20.66552  301.57511  83.53555  11.31
3942347083680000000  194.04431  19.74921  311.55452  82.54149  12.43
3942353612030000000  194.17200  19.83304  312.57092  82.60634  9.72
3942356257730000000  193.90590  19.65382  310.46749  82.46425  12.45
3942360071660000000  193.98058  19.81954  311.17008  82.61945  11.78
3942366703090000000  194.08321  19.90028  312.00711  82.68562  11.09
3942371753970000000  194.08269  20.00325  312.12571  82.78750  12.16
3942378522840000000  194.32816  19.91371  313.80602  82.66111  12.34
3942379278760000000  194.27783  19.92887  313.46171  82.68435  12.36
3942382920890000000  194.58836  20.00117  315.82278  82.69921  12.46
3942384398360000000  194.61398  20.07732  316.13746  82.76845  12.17
3942387456370000000  194.54381  20.08002  315.62978  82.78509  11.12
3942403949050000000  194.50600  20.27412  315.67675  82.98232  11.94
3942406044990000000  194.30109  20.28396  314.14500  83.02983  9.19
3942407831700000000  194.37468  20.32767  314.77307  83.05966  12.13
3942410610540000000  193.70314  19.88863  309.20425  82.71924  11.60
3942413432340000000  193.65123  19.89992  308.82956  82.73538  11.34
3942417796020000000  193.88348  19.98078  310.62383  82.79127  10.45
3942427348030000000  193.56415  20.02037  308.26843  82.86289  12.48
3942442741190000000  193.74474  20.34272  309.92490  83.16634  12.39
3942445386890000000  194.03285  20.18130  311.96806  82.97055  10.01
3942452258840000000  194.00073  20.36222  311.94430  83.15395  11.79
3942456038410000000  194.36407  20.43414  314.86541  83.16601  9.54
3942460402100000000  194.25240  20.51413  314.12494  83.26446  12.16
3942464044230000000  194.00246  20.38402  311.98502  83.17526  11.48
3942467274050000000  193.75082  20.41854  310.04750  83.24097  12.35
3942478166080000000  194.01176  20.63392  312.38605  83.42090  12.39
3942478990720000000  194.04025  20.68945  312.69387  83.47149  10.09
3942491669460000000  194.97101  20.42558  319.45049  83.02484  10.24
3942501015310000000  194.66681  20.45966  317.23335  83.12977  12.21
3942505069760000000  194.54350  20.53760  316.43616  83.23203  10.87
3942518538770000000  195.23268  20.63704  321.90954  83.15627  12.05
3942520252470000000  194.97128  20.58687  319.81931  83.17993  11.89
3942529636970000000  195.17595  20.78497  321.86929  83.31336  12.36
3942533691420000000  194.94009  20.67586  319.78972  83.27352  10.97
3942534859650000000  195.06796  20.72421  320.88719  83.28583  8.99
3942547190500000000  195.01535  20.93690  321.02344  83.50356  11.66
3942554371690000000  194.29060  20.54089  314.46785  83.28405  12.11
3942555780440000000  194.32455  20.61730  314.86283  83.35287  11.89
3942557811960000000  194.36409  20.68373  315.29268  83.41056  11.60
3942563618750000000  194.56822  20.74805  317.04154  83.43174  12.25
3942591480200000000  194.75529  20.91505  318.90020  83.55038  11.54
3942591652000000000  194.78264  20.95069  319.20405  83.57799  11.81
3942594954830000000  194.91125  20.99148  320.33727  83.58403  10.33
3942605434550000000  194.70320  21.04563  318.78475  83.68913  10.96
3942609523360000000  194.58873  21.12631  318.02555  83.79433  12.32
3942619384610000000  194.71315  21.31920  319.54585  83.95031  12.36
3942619556410000000  194.76712  21.33237  320.03879  83.94904  11.64
3942621927230000000  193.33800  20.22086  306.66072  83.07874  11.09
3942626600150000000  193.35303  20.27239  306.80492  83.12928  11.74
3942632643170000000  193.62340  20.43815  309.05485  83.27354  11.66
3942634605970000000  193.39700  20.41888  307.23615  83.27265  12.19
3942634777770000000  193.39038  20.44083  307.19654  83.29498  11.75
3942636323960000000  193.55878  20.50641  308.59478  83.34738  11.44
3942644222400000000  193.19353  20.44712  305.62043  83.31189  11.60
3942650205290000000  193.40866  20.61134  307.45227  83.46380  11.37
3942650755047529856  193.44193  20.65085  307.75266  83.50078  9.12
3942650755050000000  193.44193  20.65085  307.75266  83.50078  9.12
3942664361500000000  193.86960  20.63569  311.23782  83.44218  11.56
3942665216200000000  193.86668  20.64895  311.23010  83.45569  11.06
3942674257110000000  193.47177  20.67280  308.01486  83.52036  11.07
3942677830520000000  193.49431  20.72944  308.24522  83.57498  10.69
3942681747530000000  193.74625  20.78739  310.39905  83.60765  12.38
3942687657410000000  193.63782  20.92235  309.62883  83.75358  9.04
3942690028230000000  193.72754  21.01923  310.50485  83.83985  11.36
3942692089810000000  193.00078  20.52896  304.08320  83.39945  12.48
3942692227250000000  193.01729  20.53618  304.21902  83.40635  10.21
3942692880090000000  193.07767  20.53966  304.71212  83.40839  11.31
3942694013960000000  193.02203  20.58459  304.26705  83.45465  10.24
3942701057700000000  193.20348  20.71221  305.80909  83.57627  12.04
3942701981120000000  193.30614  20.72676  306.67381  83.58552  9.17
3942702706970000000  193.24724  20.74730  306.19139  83.60923  12.06
3942726758790000000  193.31677  20.81695  306.81471  83.67490  11.28
3942733905610000000  193.35588  21.00641  307.26967  83.86143  11.31
3942750737590000000  193.23315  21.16364  306.28184  84.02566  12.21
3942750844970000000  193.14001  21.10243  305.42362  83.96875  10.37
3942766684810000000  193.94882  20.92154  312.26603  83.71417  10.11
3942772285440000000  194.37024  21.02724  315.98634  83.74525  11.77
3942777435110000000  194.20181  21.14241  314.77816  83.89028  11.54
3942782387210000000  193.98224  21.10127  312.81608  83.88665  11.20
3942796165460000000  194.43558  21.12012  316.72535  83.82232  11.94
3942806473380000000  194.58875  21.32550  318.49814  83.98708  9.37
3942812585120000000  194.57713  21.46710  318.75084  84.12666  11.80
3942818361850000000  194.15373  21.36414  314.77354  84.11649  11.69
3942826573830000000  194.50005  21.59433  318.39013  84.26808  12.37
3942828223100000000  194.27957  21.55625  316.30327  84.27994  12.35
3942828601050000000  194.34177  21.59279  316.95284  84.30242  12.49
3942830937520000000  194.39420  21.67591  317.63262  84.37159  12.26
3942837362790000000  193.62946  21.25832  309.91609  84.08826  12.06
3942840626960000000  193.97101  21.30308  313.03668  84.08740  11.73
3942841176720000000  193.86810  21.30298  312.11662  84.10265  12.14
3942848942020000000  193.55914  21.27602  309.30163  84.11312  11.91
3942857394510000000  193.55298  21.51851  309.50487  84.35482  10.02
3942861994420000000  193.61993  21.49901  310.10985  84.32832  11.11
3942863716706494080  193.65800  21.58508  310.57624  84.40936  8.86
3942863716710000000  193.65800  21.58508  310.57624  84.40936  8.86
3942865847010000000  193.71332  21.65244  311.19433  84.46932  11.93
3942866637280000000  194.02611  21.41556  313.72241  84.18929  10.61
3942869970180000000  194.07523  21.55183  314.42234  84.31476  12.37
3942884092030000000  193.89642  21.58154  312.81531  84.37352  11.93
3942886909530000000  194.00009  21.68881  313.98274  84.46240  11.17
3942891204500000000  193.96667  21.77797  313.83376  84.55572  10.98
3942898248240000000  193.92334  21.84684  313.54445  84.63068  12.36
3942900550350000000  194.04785  21.93918  314.95181  84.69964  9.86
3943031426590000000  196.71097  20.46183  331.59517  82.46094  9.70
3943038745210000000  196.81131  20.59822  332.71768  82.53816  10.55
3943072757060000000  197.65523  20.61476  337.88631  82.14994  11.99
3943073925290000000  197.51874  20.59369  337.01237  82.20103  10.93
3943075303980000000  197.57840  20.60374  337.39909  82.17961  12.37
3943075780720000000  197.63448  20.63803  337.85982  82.18003  11.86
3943094820310000000  198.08366  20.86556  341.33950  82.12849  11.88
3943099802470000000  197.66595  20.71267  338.34289  82.22634  12.34
3943100042990000000  197.70201  20.73113  338.62602  82.22305  12.15
3943101864050000000  197.72902  20.76623  338.92586  82.23812  11.86
3943106262100000000  197.99545  20.85356  340.79987  82.16727  9.69
3943107116800000000  197.98177  20.88553  340.86114  82.20068  11.73
3943108014450000000  198.00146  20.95211  341.26049  82.24369  12.14
3943109182680000000  197.89017  20.92168  340.50249  82.27995  10.68
3943110900660000000  197.93190  20.97835  340.98516  82.30317  11.12
3943118940840000000  197.12332  20.62254  334.75670  82.41717  11.72
3943128733370000000  197.45090  20.82236  337.52971  82.42803  10.92
3943133956050000000  197.08067  20.75572  335.00576  82.55234  9.64
3943134986840000000  196.96535  20.71930  334.14324  82.57463  9.63
3943138251020000000  196.97957  20.82901  334.65739  82.66322  11.85
3943138800770000000  197.02664  20.87021  335.11796  82.67663  10.46
3943141309030000000  197.33755  20.84621  336.94558  82.50501  9.69
3943146944030000000  197.15878  20.97443  336.37156  82.70216  12.01
3943153227570000000  197.53357  20.92600  338.45342  82.47252  11.57
3943158145300000000  197.69467  21.00105  339.72331  82.44998  11.86
3943169484020000000  197.46617  21.09635  338.78129  82.64909  11.04
3943181303770000000  197.62570  21.27085  340.52122  82.70749  12.09
3943181647370000000  197.59135  21.29736  340.43755  82.74768  12.30
3943182403280000000  197.57809  21.31011  340.41664  82.76524  12.07
3943199269620000000  196.37155  20.51036  329.55822  82.64469  11.43
3943205832330000000  195.91307  20.42222  326.18688  82.73602  12.05
3943207760770000000  196.02913  20.47884  327.15349  82.74676  12.39
3943209925430000000  196.22968  20.48455  328.52871  82.67681  12.41
3943215422990000000  196.09366  20.60049  327.97963  82.83452  11.41
3943239268650000000  196.42009  20.74980  330.70598  82.84058  10.60
3943243151300000000  196.37140  20.80949  330.58990  82.91425  12.40
3943247618060000000  196.62993  20.90077  332.66589  82.88495  10.40
3943248270900000000  196.57953  20.91330  332.37736  82.91815  12.30
3943248889370000000  196.61327  20.96459  332.79983  82.94853  12.05
3943249645290000000  196.50702  20.90014  331.84048  82.93796  12.15
3943250641720000000  196.42085  20.92735  331.35724  82.99895  12.14
3943251260200000000  196.54814  20.93853  332.26258  82.95417  9.93
3943256345440000000  195.92767  20.56606  326.72305  82.86393  11.27
3943264076380000000  195.98834  20.69568  327.55646  82.96115  12.38
3943271669880000000  195.69051  20.66197  325.33646  83.03573  11.79
3943273868900000000  195.78625  20.74868  326.29053  83.08316  9.57
3943277060060000000  195.55765  20.77103  324.69445  83.18204  12.05
3943279194660000000  195.64954  20.84596  325.59927  83.22102  12.19
3943280431610000000  195.89963  20.81908  327.32980  83.10728  11.71
3943286994320000000  195.88875  20.97612  327.77621  83.25546  11.45
3943288952830000000  196.18765  20.80084  329.29799  82.98073  12.34
3943295652980000000  196.22124  20.95663  330.08379  83.10801  10.54
3943301661640000000  196.43013  21.13387  332.21081  83.17833  11.27
3943304479130000000  196.40727  21.11963  331.99618  83.17564  10.90
3943308159920000000  196.00450  21.03150  328.80917  83.26189  11.06
3943314791350000000  196.00069  21.20325  329.40461  83.41918  11.01
3943315817850000000  196.19189  21.15750  330.62144  83.30050  11.77
3943322968970000000  196.10103  21.30798  330.54108  83.47293  11.99
3943323793600000000  196.87999  20.77495  333.81452  82.66229  10.15
3943326679820000000  197.02544  20.91662  335.29606  82.71717  12.43
3943341866830000000  196.75081  20.96750  333.72445  82.88926  11.90
3943348566970000000  196.75725  21.13230  334.43026  83.02966  11.31
3943357496210000000  196.89737  21.29529  336.04985  83.10319  12.15
3943365506330000000  197.24069  21.23647  338.00691  82.88219  11.66
3943371484920000000  197.45290  21.41339  340.13467  82.91698  11.03
3943372893670000000  197.33566  21.36765  339.19463  82.94185  12.47
3943374366840000000  197.39767  21.41562  339.80353  82.94841  11.49
3943382754910000000  196.98451  21.43118  337.22915  83.17536  12.23
3943384679060000000  197.00587  21.49917  337.68135  83.22172  11.68
3943387256040000000  197.19220  21.50192  338.90902  83.12803  11.91
3943389145830000000  197.32970  21.56501  340.08609  83.10697  12.50
3943398315580000000  196.60312  21.27271  333.96864  83.22282  11.54
3943398869630000000  196.43092  21.19197  332.44635  83.22932  11.08
3943410517580000000  196.73647  21.49157  335.83198  83.34877  11.46
3943424158400000000  196.57054  21.54879  334.93326  83.47712  10.76
3943449034850000000  196.78052  21.63653  336.79907  83.45044  11.95
3943450203080000000  196.73454  21.68843  336.72437  83.51713  11.93
3943455528840000000  196.70290  21.84352  337.24773  83.66377  12.02
3943461885390000000  196.79573  21.90608  338.21172  83.66898  10.70
3943465561880000000  198.25006  20.80527  341.98350  81.98741  12.21
3943472708710000000  198.29260  21.00115  343.07221  82.11892  8.80
3943476728800000000  198.50754  21.06732  344.51014  82.04549  11.06
3943483635110000000  198.06357  21.00644  341.84571  82.25287  10.84
3943491950160000000  198.24359  21.11967  343.34461  82.24044  11.51
3943498272350000000  198.31734  21.30217  344.59656  82.33954  12.09
3943501055490000000  198.54727  21.14332  345.06755  82.08051  9.63
3943502979640000000  198.66527  21.20654  345.97230  82.05771  11.92
3943509370550000000  198.84341  21.31182  347.37512  82.02715  12.24
3943511157260000000  198.94116  21.35543  348.07096  81.99811  11.32
3943515830180000000  198.82893  21.44806  347.96803  82.13702  9.72
3943526550420000000  198.68501  21.43122  347.15594  82.21453  12.28
3943530639230000000  198.56300  21.51076  346.91921  82.34947  12.22
3943538335810000000  197.99498  21.22836  342.46904  82.46845  12.33
3943539744560000000  197.88063  21.19326  341.65663  82.50466  10.75
3943541599980000000  197.93994  21.26627  342.33302  82.52971  11.77
3943541840500000000  197.94113  21.28178  342.41225  82.54137  12.34
3943552801260000000  197.75134  21.26843  341.25300  82.63676  12.25
3943574516610000000  198.22348  21.49189  345.00509  82.54139  12.18
3943576921800000000  198.24249  21.58125  345.55504  82.59832  10.16
3943577127950000000  198.32007  21.59244  346.03534  82.55984  12.39
3943578876000000000  198.46275  21.57051  346.69100  82.45603  11.66
3943579395700000000  198.48524  21.60635  346.99160  82.46896  11.50
3943581590420000000  198.56891  21.68253  347.82177  82.47328  11.64
3943583106550000000  198.53523  21.76133  348.05488  82.55244  11.05
3943589841060000000  198.18805  21.64437  345.57371  82.67920  11.23
3943592108800000000  198.03603  21.65340  344.76527  82.77705  11.68
3943597228400000000  198.31155  21.77950  346.95186  82.70560  9.98
3943603413150000000  198.29381  21.92653  347.63763  82.82573  12.03
3943614202110000000  199.18228  21.58553  350.38010  82.00924  10.79
3943616980950000000  199.27792  21.69519  351.39154  82.02314  11.73
3943620524300000000  199.07254  21.77437  350.82967  82.21479  9.32
3943622929490000000  198.83612  21.58710  348.70065  82.23426  11.96
3943629148600000000  198.68623  21.75016  348.78096  82.44845  12.29
3943629384820000000  198.81540  21.72558  349.30867  82.34782  11.67
3943630694790000000  198.78284  21.79900  349.52964  82.42163  9.44
3943643133010000000  199.47986  21.84797  353.11655  81.99177  11.87
3943644473040000000  199.40179  21.88462  352.95718  82.06990  12.14
3943645881790000000  199.21909  21.83705  351.85812  82.16094  9.91
3943645916150000000  199.19226  21.83499  351.72075  82.17749  10.27
3943647084380000000  199.35960  21.90005  352.84647  82.10913  12.33
3943676874270000000  198.61032  21.78684  348.58149  82.52352  9.85
3943681478480000000  198.50684  21.88544  348.56325  82.66115  12.01
3943684570860000000  198.83101  21.90661  350.34599  82.46698  9.55
3943685837870000000  198.76308  21.94639  350.21890  82.53964  11.29
3943695600330000000  198.52298  21.96431  349.07518  82.70802  11.80
3943747964570000000  197.57973  21.51188  341.37942  82.92754  12.44
3943753015450000000  197.57335  21.60752  341.80758  83.00775  12.39
3943763289020000000  197.72986  21.82265  343.84753  83.08815  11.33
3943765694200000000  197.48460  21.63068  341.37608  83.07565  10.19
3943769336330000000  197.23184  21.70413  340.13930  83.27307  12.45
3943770160960000000  197.39503  21.72648  341.29317  83.20217  10.87
3943774593370000000  197.66858  21.80968  343.41039  83.11359  11.15
3943777784530000000  197.44122  21.82843  342.10319  83.25799  11.70
3943780056570000000  197.52496  21.92501  343.13253  83.28675  11.32
3943783080230000000  197.89572  21.82249  344.82921  82.99039  11.77
3943794350220000000  198.01363  21.96693  346.28362  83.02915  9.51
3943795823400000000  197.98387  22.03904  346.50643  83.10153  11.63
3943807647440000000  197.96373  22.06454  346.53051  83.13300  9.27
3943816271730000000  197.22417  21.71359  340.13647  83.28491  10.36
3943819020510000000  197.36295  21.83682  341.65070  83.30848  11.80
3943828263280000000  197.54263  22.04166  343.86928  83.36765  11.99
3943830599740000000  197.28639  22.00666  342.04803  83.48681  12.35
3943831488800000000  197.29187  22.08395  342.50033  83.54504  11.66
3943842763090000000  197.23097  22.05471  341.94318  83.55615  12.21
3943853792570000000  197.69109  22.13874  345.32121  83.35454  11.77
3944029027230000000  195.46564  20.83091  324.18837  83.26817  10.60
3944041912140000000  195.53589  21.06934  325.45289  83.46775  12.28
3944043939360000000  195.58273  21.12472  325.99120  83.50306  12.43
3944045137650000000  195.31955  20.94358  323.41049  83.42048  12.14
3944050639510000000  195.19397  21.06210  322.77679  83.57094  12.41
3944050978810000000  195.15977  21.08917  322.58442  83.60685  11.33
3944053800600000000  195.48070  21.07923  325.06160  83.49562  11.72
3944061595970000000  195.45090  21.29294  325.52561  83.70484  12.22
3944078333460000000  195.97377  21.42920  330.06729  83.63390  11.43
3944082525350000000  195.76767  21.34262  328.16823  83.63634  12.25
3944093245580000000  195.91800  21.60229  330.33467  83.81222  12.06
3944094070220000000  195.80765  21.54525  329.24799  83.80516  12.02
3944097265670000000  195.80553  21.63836  329.60229  83.89019  11.31
3944098326530000000  195.18161  21.12106  322.85052  83.63045  11.23
3944098395250000000  195.16597  21.13651  322.77119  83.64980  10.93
3944101869880000000  195.18698  21.25626  323.29813  83.75649  11.39
3944105683810000000  195.09253  21.31154  322.69625  83.83757  12.45
3944108295150000000  195.29697  21.33132  324.42258  83.79209  10.72
3944111112650000000  195.23802  21.33821  323.96741  83.81757  11.50
3944117331760000000  194.91798  21.34232  321.33815  83.91760  10.37
3944124547310000000  195.11383  21.43646  323.25710  83.94910  12.12
3944128116420000000  195.22871  21.57278  324.66398  84.04045  11.86
3944128150780000000  195.23586  21.57803  324.74174  84.04300  11.65
3944134099310000000  195.41481  21.43868  325.73328  83.85271  9.93
3944146709340000000  195.60942  21.68512  328.21869  84.00910  12.41
3944147327810000000  195.51891  21.69428  327.51442  84.05145  11.24
3944154818240000000  195.39290  21.76202  326.72501  84.15970  9.58
3944161071710000000  195.46664  21.80978  327.52943  84.17672  11.58
3944175605880000000  196.18329  21.63010  332.47336  83.72439  11.31
3944177667460000000  196.39590  21.61946  333.99691  83.61958  9.37
3944178217220000000  196.31665  21.62380  333.43639  83.65948  11.14
3944179591610000000  196.41862  21.67955  334.43206  83.66122  12.28
3944194808670000000  196.15189  21.74274  332.72916  83.83740  11.74
3944194950410000000  196.18268  21.75635  333.02373  83.83568  12.38
3944200757210000000  196.10176  21.90554  333.07967  84.00260  11.97
3944204296260000000  196.57941  21.81048  336.20665  83.69695  11.64
3944207148120000000  196.60983  21.87118  336.71915  83.73348  10.12
3944209037900000000  196.41571  21.87486  335.31980  83.83094  9.90
3944219689420000000  196.76332  22.12418  339.10873  83.86643  12.47
3944220548410000000  196.71811  22.14617  338.90125  83.90826  12.40
3944230375300000000  196.58733  22.10223  337.71921  83.93914  11.99
3944233811270000000  196.58708  22.22251  338.35218  84.03951  12.32
3944235250090000000  196.38063  22.17078  336.52767  84.10022  11.75
3944239033950000000  195.86737  21.75544  330.57514  83.97037  12.08
3944243191480000000  195.71819  21.82031  329.65077  84.08935  10.30
3944248001850000000  196.06633  21.94103  332.96681  84.04952  12.45
3944253117150000000  195.82631  22.02679  331.43601  84.22972  11.48
3944267724340000000  195.94945  22.18115  333.17271  84.31213  12.43
3944269236160000000  195.90816  22.25653  333.20395  84.39659  12.18
3944275695790000000  196.15926  22.15402  334.72410  84.19232  11.94
3944283873410000000  196.29936  22.26789  336.40807  84.22246  12.25
3944286828350000000  196.44241  22.42021  338.34363  84.27825  12.40
3944287859140000000  196.30620  22.36853  336.99997  84.30412  11.62
3944288168380000000  196.23344  22.34558  336.30232  84.32066  10.51
3944289233530000000  196.38623  22.38718  337.72627  84.27949  11.60
3944294078250000000  196.11522  22.33433  335.29638  84.36817  12.05
3944302187150000000  196.16249  22.48074  336.46755  84.47003  11.36
3944339020790000000  194.79814  21.88450  321.93530  84.46781  10.81
3944344312190000000  195.09740  21.72684  324.07277  84.22748  12.02
3944373925990000000  195.17889  22.18884  326.53603  84.63004  11.84
3944392209670000000  194.64619  22.07162  321.12166  84.68908  11.76
3944394030730000000  194.45940  22.05169  319.26214  84.71931  10.02
3944400284210000000  194.31712  22.01648  317.77893  84.71931  12.01
3944422785540000000  194.78676  22.29099  323.23969  84.85593  11.76
3944425126300000000  194.92087  22.29799  324.56133  84.81979  10.17
3944425328160000000  194.93990  22.32600  324.85473  84.83967  10.93
3944428454900000000  194.88721  22.34702  324.43005  84.87667  11.63
3944430933090000000  194.90503  22.40998  324.85573  84.92963  11.93
3944441172300000000  194.74794  22.39583  323.25300  84.96674  11.95
3944451102260000000  195.42934  22.11159  328.44967  84.46655  10.31
3944459176800000000  195.71890  22.27685  331.70962  84.49749  10.60
3944461341460000000  195.78354  22.34933  332.61819  84.53338  12.15
3944463093810000000  195.54533  22.31372  330.37827  84.60315  12.28
3944464571280000000  195.58044  22.38396  331.02460  84.65138  12.07
3944468797520000000  195.25258  22.29643  327.66611  84.70210  12.15
3944472508380000000  195.22665  22.35531  327.68527  84.76565  10.99
3944472955050000000  195.14670  22.33924  326.87016  84.78023  10.90
3944473844110000000  195.28214  22.36320  328.23348  84.75196  12.07
3944484912240000000  195.83965  22.38397  333.27094  84.53877  12.47
3944490238000000000  195.78210  22.53464  333.56101  84.69621  11.45
3944491028280000000  195.75168  22.54660  333.35881  84.72040  12.48
3944503913180000000  195.60786  22.60884  332.40858  84.83886  10.55
3944504600370000000  195.74715  22.61558  333.68883  84.78256  12.35
3944528239870000000  195.12462  22.61013  327.87576  85.03682  8.82
3944543873550000000  194.83186  22.69265  325.31893  85.21753  12.41
3944596821910000000  196.80226  22.24192  340.02284  83.94221  11.27
3944607061110000000  197.02817  22.44539  342.77181  83.98016  10.79
3944616918060000000  196.89088  22.38520  341.45891  84.00957  10.77
3944622248120000000  196.76021  22.48348  341.08855  84.16054  10.82
3946138096690000000  186.32990  17.54294  269.41256  78.67648  12.13
3946201902730000000  187.39508  17.71020  273.63376  79.31700  11.96
3946203345840000000  187.43695  17.72457  273.79010  79.34798  12.09
3946239011250000000  186.71805  17.77064  270.46223  79.06067  12.41
3946240523070000000  186.61066  17.74323  270.07106  78.98541  10.74
3946240969750000000  186.52159  17.72906  269.72758  78.93001  11.35
3946242344140000000  186.71605  17.78982  270.40278  79.07629  10.49
3946244921120000000  187.06100  17.66883  272.23180  79.13175  10.12
3946259317850000000  187.11317  17.95742  271.72036  79.40867  11.87
3946259970690000000  187.26802  17.95234  272.43903  79.47488  12.14
3946261619950000000  186.86559  17.76444  271.12280  79.12513  11.93
3946274367420000000  187.14185  18.07855  271.52842  79.52777  11.80
3946275535650000000  186.99812  18.06149  270.92249  79.44570  11.07
3946277872110000000  187.04352  18.13873  270.91767  79.53417  12.47
3946278318790000000  187.00401  18.13782  270.74109  79.51469  11.31
3946554296200000000  185.03075  17.40233  264.68261  77.88049  11.88
3946557044980000000  184.89882  17.43383  264.10858  77.83298  12.38
3946748944120000000  184.76494  17.57071  263.23493  77.86803  11.91
3946749459520000000  184.85477  17.63093  263.39228  77.96740  12.29
3946823813990000000  184.33128  17.98326  260.47034  77.94003  10.73
3946836561450000000  184.32997  18.07283  260.19336  78.00855  11.81
3946840375390000000  184.23132  18.11333  259.72205  77.97988  12.31
3946873601250000000  185.60098  17.41972  266.80422  78.20166  11.66
3946873704330000000  185.60596  17.42921  266.79807  78.21220  11.31
3946884596370000000  186.04485  17.48835  268.38560  78.48794  10.79
3946885421000000000  185.93022  17.51636  267.84808  78.45340  12.14
3946892808350000000  186.15683  17.60866  268.52221  78.64650  11.94
3946906586600000000  186.13638  17.72548  268.12196  78.73519  10.92
3946909335380000000  185.87483  17.73070  267.04075  78.60490  12.08
3946910331810000000  185.99672  17.75775  267.46031  78.69085  8.72
3946918573850000000  185.19855  17.44198  265.20117  78.00488  11.78
3946921326930000000  185.45743  17.44716  266.17366  78.14861  11.91
3946924728540000000  185.51842  17.56907  266.07604  78.28220  11.56
3946929023510000000  185.41045  17.63941  265.46223  78.28224  12.13
3946929916860000000  185.42323  17.71583  265.29686  78.35199  10.50
3946933971310000000  185.19194  17.60546  264.72207  78.13511  12.47
3946934246190000000  185.17647  17.62166  264.61798  78.13980  11.67
3946938678600000000  185.07143  17.69938  264.00172  78.14459  11.07
3946942664330000000  185.31461  17.75752  264.75926  78.32675  11.29
3946944519750000000  185.16162  17.73055  264.25270  78.22017  12.45
3946948952160000000  185.61055  17.66568  266.16877  78.41140  9.05
3946976886630000000  185.74646  18.02412  265.68952  78.78051  12.46
3946977573820000000  185.67456  18.05763  265.30279  78.76917  10.68
3946979837270000000  185.46684  18.04271  264.52274  78.64311  11.10
3946984273970000000  186.27565  17.66426  268.86481  78.75331  11.64
3946990390000000000  186.35342  17.82186  268.76397  78.92635  11.25
3946995543960000000  186.59901  17.91461  269.55976  79.12709  12.40
3947006058040000000  186.02057  17.88173  267.21219  78.80722  11.70
3947016194170000000  186.29681  18.08465  267.79027  79.12023  11.19
3947030487820000000  186.86697  18.21828  269.90013  79.51842  12.08
3947037565920000000  186.48195  18.16448  268.35548  79.28183  12.23
3947043853760000000  186.46133  18.32573  267.79898  79.40753  12.44
3947052856010000000  186.71483  18.48219  268.45651  79.66845  11.94
3947075911390000000  185.78798  18.19982  265.33998  78.94745  10.87
3947078655880000000  185.77832  18.27509  265.07498  79.00386  12.36
3947086356750000000  186.00288  18.39303  265.64397  79.22250  12.34
3947086425470000000  185.99306  18.40656  265.56181  79.22832  11.26
3947088143460000000  185.96173  18.47538  265.22021  79.26780  12.11
3947089552210000000  186.30226  18.26749  267.28414  79.27662  12.14
3947094740530000000  186.22256  18.39862  266.55412  79.34433  11.60
3947102711990000000  186.37482  18.48859  266.93770  79.49924  11.23
3947104223820000000  186.50667  18.57617  267.24874  79.64111  10.97
3947107728510000000  186.13577  18.46527  265.98309  79.35342  11.04
3947108278270000000  186.23116  18.46335  266.39514  79.40261  10.85
3947111061400000000  186.11168  18.51133  265.73979  79.37847  11.87
3947120441610000000  186.21913  18.66405  265.72418  79.56201  9.81
3947126832520000000  185.03912  17.76330  263.69699  78.17812  12.18
3947134902770000000  185.17523  17.86513  263.91600  78.33678  11.95
3947144046750000000  184.87186  17.88407  262.72144  78.17983  11.49
3947153667480000000  184.93980  18.06303  262.44107  78.36137  11.40
3947155381170000000  184.88745  18.07525  262.20875  78.34073  11.67
3947164868760000000  185.20337  18.07481  263.40439  78.52159  10.38
3947169747840000000  185.45242  18.20629  263.97716  78.76773  11.22
3947175348480000000  185.40041  18.26852  263.58328  78.78867  10.81
3947179677800000000  185.14804  18.18218  262.86822  78.57601  10.12
3947181258350000000  184.99809  18.19453  262.26066  78.49940  11.89
3947183934110000000  185.13344  18.30103  262.44743  78.66218  12.05
3947189431670000000  185.35701  18.41866  262.94871  78.88430  11.73
3947190428100000000  185.22177  18.36675  262.58350  78.76533  11.58
3947198987980000000  184.51688  18.04045  260.95814  78.09549  12.20
3947209227180000000  184.65463  18.25989  260.78296  78.34849  11.72
3947212109100000000  184.43558  18.09646  260.49617  78.09043  12.17
3947212521420000000  184.43826  18.13772  260.37912  78.12400  12.16
3947212628790000000  184.43320  18.15983  260.29285  78.13805  11.09
3947223825770000000  184.64421  18.36804  260.40559  78.42612  12.18
3947227575280000000  184.59895  18.42425  260.06202  78.44217  11.16
3947228189460000000  184.54451  18.43798  259.82025  78.41969  11.80
3947234928260000000  184.77679  18.35577  260.93247  78.49595  9.97
3947238192440000000  185.12633  18.41655  262.05966  78.74948  11.70
3947241765850000000  185.14743  18.55286  261.70804  78.86917  12.27
3947243724350000000  184.94878  18.51457  261.07207  78.72195  10.79
3947245682860000000  185.06711  18.59069  261.27760  78.85150  12.38
3947248397279260160  184.74680  18.45012  260.52260  78.55128  10.15
3947250832530000000  184.85287  18.57750  260.50851  78.71356  11.99
3947253104560000000  184.65381  18.56709  259.80364  78.58522  12.14
3947254410230000000  184.78951  18.63751  260.07654  78.72166  11.06
3947256712340000000  184.86766  18.58742  260.53185  78.73012  12.30
3947265023100000000  185.68758  18.28115  264.68867  78.95903  11.44
3947266161260000000  185.66243  18.32377  264.45758  78.97981  10.36
3947270387510000000  185.53859  18.37072  263.81658  78.94874  9.70
3947271590100000000  185.66374  18.43422  264.12315  79.07007  12.41
3947274923000000000  185.82047  18.46827  264.65706  79.18461  10.98
3947277431260000000  185.90326  18.57900  264.65432  79.32034  12.34
3947277499980000000  185.89111  18.59635  264.54926  79.32774  9.94
3947280420560000000  185.86696  18.59682  264.44747  79.31476  12.18
3947280832870000000  185.75925  18.56995  264.08790  79.23310  12.00
3947282104180000000  185.47870  18.40985  263.45684  78.94647  10.83
3947283031900000000  185.40639  18.40757  263.17769  78.90361  10.09
3947284337570000000  185.55104  18.48812  263.50101  79.05023  12.48
3947290621100000000  185.45708  18.66129  262.57414  79.13484  12.14
3947290792900000000  185.61534  18.53669  263.60702  79.12555  11.55
3947292137230000000  185.56290  18.60003  263.19469  79.14663  8.85
3947293198080000000  185.68639  18.62897  263.60280  79.23979  11.96
3947295435760000000  185.52567  18.64276  262.90828  79.15950  9.91
3947296810150000000  185.55302  18.70608  262.81415  79.22560  11.13
3947296943290000000  185.56917  18.72589  262.81509  79.25062  11.75
3947300070030000000  186.02068  18.58166  265.13738  79.38690  12.13
3947302445150000000  186.14009  18.67364  265.35510  79.52718  12.48
3947303235420000000  186.02254  18.69125  264.79998  79.47736  11.13
3947303407220000000  186.06726  18.70022  264.96090  79.50921  11.80
3947304197490000000  185.86865  18.63739  264.32625  79.34860  12.39
3947305262650000000  185.86938  18.69368  264.15008  79.39456  12.15
3947305949840000000  185.86183  18.72868  264.00643  79.41861  12.30
3947308732980000000  186.15416  18.73671  265.21563  79.58647  10.01
3947314264900000000  186.03241  18.86056  264.29705  79.62029  12.29
3947318972180000000  185.80687  18.80366  263.53533  79.44807  9.95
3947326355230000000  185.99193  18.89462  264.01381  79.62526  11.79
3947332990960000000  185.97070  19.05754  263.38214  79.74423  12.25
3947338071900000000  185.31602  18.66293  262.01009  79.05437  11.51
3947354603230000000  185.18335  18.78271  261.09896  79.07019  11.15
3947358726400000000  184.98293  18.88859  259.97320  79.03180  11.81
3947364322740000000  185.40262  19.01456  261.18609  79.38087  11.54
3947372843960000000  185.76147  19.00018  262.69655  79.57907  11.70
3947380750990000000  185.80965  19.12519  262.47341  79.70592  11.74
3947390303000000000  185.56129  19.13703  261.40706  79.57024  11.54
3947393120500000000  185.34012  19.14829  260.47715  79.44729  12.02
3947395182080000000  185.39618  19.20485  260.50401  79.52461  12.24
3947398201440000000  185.60150  19.25818  261.14996  79.68847  12.10
3947399197880000000  185.78488  19.31233  261.72013  79.83889  10.71
3947405043330000000  185.62071  19.46568  260.48961  79.86064  10.72
3947535404170000000  188.31076  17.95521  277.41477  79.91356  12.00
3947538599630000000  188.37524  17.99445  277.64631  79.97412  9.86
3947540382040000000  188.46652  18.02967  278.02489  80.04091  11.70
3947626281390000000  188.93469  18.13522  280.20550  80.30692  11.55
3947626693700000000  188.95010  18.15449  280.24528  80.33018  11.62
3947634944340000000  188.55077  18.11021  278.26935  80.14642  11.99
3947644118390000000  188.75150  18.31326  278.84569  80.40740  11.90
3947646661010000000  188.89774  18.41147  279.39755  80.55085  12.37
3947651952410000000  189.19588  18.25968  281.33465  80.51104  10.23
3947653395520000000  189.12184  18.33502  280.77414  80.55709  11.33
3947660782860000000  189.35954  18.42658  281.88131  80.72092  11.42
3947668818740000000  189.31218  18.65416  281.12772  80.91929  12.03
3947670025630000000  189.01076  18.46994  279.87424  80.64493  12.49
3947672018490000000  189.08586  18.52686  280.15530  80.72394  10.82
3947676691420000000  188.92889  18.58706  279.15943  80.72464  10.20
3947678409400000000  189.18694  18.59891  280.55078  80.82569  9.47
3947679302760000000  189.10612  18.63015  280.03206  80.82713  10.98
3947684388000000000  189.15128  18.70853  280.10276  80.91571  11.42
3947695310100000000  187.72806  17.88821  274.74541  79.61853  11.83
3947700708880000000  187.86642  17.90119  275.37316  79.68778  12.46
3947704213570000000  187.54776  17.76706  274.19704  79.43359  11.33
3947705897200000000  187.56290  17.84643  274.07187  79.51095  10.02
3947711978870000000  187.53189  17.96847  273.62069  79.60623  11.75
3947719022620000000  187.65404  18.06968  273.94016  79.74927  12.09
3947726341240000000  188.01074  18.02063  275.78202  79.85463  10.64
3947726753560000000  188.04042  18.03243  275.89853  79.87734  12.36
3947728746420000000  188.08632  18.09470  275.97299  79.95225  10.27
3947735480930000000  188.21313  18.18455  276.38493  80.08453  10.53
3947737611240000000  188.25706  18.27198  276.39242  80.18140  11.31
3947737748670000000  188.29761  18.27601  276.58790  80.20113  10.89
3947737989190000000  188.29013  18.28759  276.52161  80.20870  12.40
3947753485430000000  188.03857  18.38174  275.01690  80.19158  11.59
3947754103910000000  187.94492  18.38639  274.53781  80.15642  10.07
3947758811190000000  187.40533  18.02942  272.87298  79.60447  12.35
3947761525610000000  187.30412  18.01912  272.43082  79.54996  11.71
3947771902250000000  187.48872  18.24133  272.70653  79.82875  10.38
3947778842920000000  187.28635  18.27635  271.65935  79.76740  11.86
3947780148590000000  187.09894  18.19958  271.00357  79.61312  11.73
3947782210180000000  187.15863  18.26370  271.10121  79.69690  12.35
3947786402060000000  187.47672  18.36571  272.31338  79.93281  9.83
3947793067850000000  187.77795  18.29448  273.95642  80.00302  12.23
3947796194590000000  187.84352  18.42145  273.94335  80.14440  12.27
3947800214680000000  187.68924  18.45933  273.08394  80.11057  10.55
3947802654220000000  187.90747  18.47875  274.10805  80.22298  10.65
3947809594890000000  187.92485  18.66113  273.70165  80.39284  12.03
3947813748120000000  187.65913  18.56756  272.63907  80.19266  11.67
3947818150460000000  187.57011  18.63640  272.01018  80.21278  12.45
3947820486920000000  187.69969  18.64348  272.62657  80.27774  12.04
3947820899240000000  187.83818  18.64316  273.31587  80.33901  11.41
3947826534240000000  187.65079  18.76276  272.04544  80.36033  11.25
3947844298220000000  188.56412  18.62941  277.09513  80.62736  12.39
3947848902430000000  188.38713  18.55815  276.34467  80.49293  9.03
3947849589620000000  188.16794  18.48618  275.40040  80.33911  12.33
3947850311180000000  188.20337  18.54982  275.41638  80.41102  10.63
3947854296910000000  188.46481  18.58146  276.69173  80.54488  11.91
3947857664160000000  188.54651  18.71465  276.78514  80.69817  12.26
3947857973400000000  188.53156  18.73540  276.65205  80.71116  11.97
3947863780190000000  188.75407  18.59901  278.18513  80.67174  9.65
3947864295590000000  188.82060  18.63834  278.44904  80.73260  12.27
3947870441690000000  188.72408  18.75313  277.64272  80.80188  11.53
3947875840460000000  188.90607  18.80189  278.51777  80.91475  10.80
3947877352290000000  188.88820  18.86411  278.26459  80.96542  10.86
3947878795400000000  188.98668  18.93054  278.64819  81.06292  12.34
3947885559970000000  188.48596  18.81166  276.20989  80.76229  11.56
3947886835580000000  188.64874  18.88190  276.90376  80.89047  12.44
3947890168470000000  188.75410  18.91152  277.40361  80.95827  12.45
3947891504210000000  188.88429  18.97851  277.95345  81.06906  11.75
3947892023900000000  188.92146  19.01492  278.06857  81.11642  12.21
3947895940910000000  188.77966  19.06168  277.15268  81.10525  11.84
3947899342520000000  188.09927  18.61634  274.70827  80.42749  10.98
3947906832950000000  188.24023  18.72238  275.15128  80.58156  12.11
3947906867310000000  188.26761  18.73541  275.25907  80.60461  12.13
3947909719160000000  188.39464  18.87655  275.54956  80.78398  9.21
3947916900350000000  187.90308  18.77260  273.28162  80.48218  12.45
3947917484470000000  188.00815  18.78689  273.77696  80.54077  12.11
3947929544730000000  187.95766  18.96537  273.01035  80.67675  9.18
3947940986530000000  188.39912  19.09448  274.97248  80.98185  12.24
3947941433200000000  188.40845  19.11812  274.95628  81.00695  11.01
3947943254270000000  188.57332  19.10406  275.89565  81.06205  10.25
3947946033110000000  188.52740  19.07963  275.71137  81.02136  11.93
3947950469810000000  188.26430  19.01512  274.47328  80.85406  11.23
3947957273040000000  188.28087  19.19997  274.03134  81.02603  12.37
3947958063320000000  188.29208  19.25974  273.91652  81.08404  9.67
3947962289560000000  188.56155  19.31917  275.22419  81.25111  9.88
3947963011120000000  188.47319  19.33691  274.68160  81.23013  12.43
3947966137860000000  188.42735  19.35123  274.38607  81.22352  11.97
3947973486540000000  189.80435  18.39502  284.44003  80.82491  11.98
3947978301200000000  189.95311  18.46105  285.16984  80.92926  11.07
3947992246960000000  189.67937  18.54489  283.43929  80.93143  10.80
3948010801220000000  190.25410  18.77414  286.38347  81.30914  11.60
3948021422670000000  190.05936  18.74325  285.27226  81.22847  12.16
3948030454990000000  190.23637  18.91858  286.01493  81.44364  10.65
3948030459280000000  190.23630  18.91837  286.01484  81.44342  10.64
3948034616810000000  190.14944  18.97703  285.37346  81.47684  11.34
3948039530250000000  189.46123  18.59071  282.10552  80.90788  12.35
3948040114370000000  189.47340  18.62513  282.10164  80.94417  11.68
3948048051470000000  189.70255  18.75529  283.14677  81.13800  12.12
3948048876100000000  189.68341  18.77578  282.99272  81.15164  10.33
3948053171070000000  189.52112  18.85434  281.88008  81.17524  12.02
3948060695850000000  189.21501  18.80112  280.24647  81.02391  11.89
3948065368780000000  189.54636  18.90448  281.91636  81.23050  11.34
3948065403140000000  189.52383  18.90641  281.78060  81.22511  11.80
3948066124690000000  189.47070  18.92876  281.42082  81.22891  12.39
3948067808320000000  189.60675  18.99158  282.07808  81.33173  12.47
3948076535690000000  189.99100  18.99784  284.36695  81.45302  11.20
3948102064980000000  189.85887  19.29385  282.92881  81.69552  9.97
3948107145930000000  189.89430  19.37724  282.96197  81.78524  10.69
3948111754420000000  190.70819  19.00540  288.80244  81.64009  11.33
3948121100270000000  190.78584  19.15903  289.05562  81.80640  11.30
3948125601400000000  190.65117  19.23057  288.06816  81.84621  11.15
3948125670120000000  190.68454  19.24700  288.25623  81.86973  9.56
3948134466210000000  190.32626  19.24542  285.95996  81.78124  11.29
3948137043190000000  190.57570  19.28343  287.48827  81.87988  12.29
3948139036060000000  190.64091  19.32798  287.83325  81.93833  11.92
3948141063280000000  190.41621  19.32001  286.39216  81.87611  12.12
3948141849260000000  190.55104  19.33746  287.23131  81.92626  12.23
3948145908000000000  190.88615  19.27795  289.52198  81.94341  11.75
3948149030450000000  190.87105  19.30227  289.38443  81.96399  10.77
3948154321850000000  191.02480  19.41516  290.23243  82.10534  11.77
3948171643450000000  190.86201  19.54677  288.92528  82.20032  10.66
3948183050880000000  190.27097  19.33504  285.43195  81.85271  11.08
3948191297220000000  190.39818  19.45135  286.02119  81.99789  9.55
3948195386030000000  190.40459  19.55653  285.85332  82.10065  12.31
3948196275090000000  190.37054  19.58788  285.56507  82.12178  11.68
3948196966580000000  190.04187  19.36748  283.91022  81.81981  12.21
3948201261540000000  189.95558  19.42830  283.23187  81.85212  10.92
3948206514290000000  190.25386  19.57388  284.82841  82.07674  11.88
3948208992480000000  190.26660  19.62864  284.79479  82.13261  12.40
3948211913060000000  190.07516  19.66622  283.45821  82.11348  11.21
3948219334770000000  190.49174  19.61945  286.30494  82.18365  11.23
3948222663360000000  190.54509  19.73586  286.43097  82.30930  11.56
3948224591810000000  190.65929  19.71620  287.24514  82.31850  11.13
3948225279000000000  190.72670  19.77458  287.59559  82.39102  12.19
3948228332720000000  190.66014  19.77305  287.14149  82.37365  11.57
3948238473140000000  190.28308  19.85242  284.41157  82.35088  9.46
3948242901250000000  190.63362  19.88558  286.73629  82.47579  11.92
3948244383010000000  190.57431  19.95259  286.18693  82.52537  12.44
3948245826120000000  190.53593  19.94011  285.94699  82.50346  11.04
3948252594990000000  189.24442  18.99224  279.96247  81.21200  11.47
3948253862010000000  189.22816  19.06608  279.68952  81.27493  11.62
3948261494170000000  189.46504  19.17622  280.81220  81.45885  12.09
3948267335320000000  188.98677  19.03956  278.37410  81.16338  10.53
3948268125590000000  189.00435  19.09347  278.33605  81.21949  12.00
3948268400470000000  188.93250  19.06817  277.99365  81.16945  12.27
3948276058400000000  189.17216  19.18737  279.06208  81.36739  11.64
3948278021200000000  189.12700  19.29173  278.52948  81.44725  10.70
3948292486650000000  189.44450  19.38038  280.18920  81.64237  11.28
3948296678540000000  189.81393  19.48620  282.20710  81.86330  11.26
3948301591980000000  189.62154  19.56619  280.80849  81.87584  12.03
3948303889790000000  189.26990  19.42303  279.03004  81.62041  12.24
3948307776730000000  189.17601  19.43991  278.42565  81.60172  8.78
3948308360850000000  189.23549  19.48483  278.66027  81.66494  10.08
3948317461880000000  189.37589  19.67043  279.01314  81.88720  11.38
3948327671020000000  188.74937  19.37803  276.11423  81.38077  11.67
3948348630460000000  188.91338  19.58636  276.46560  81.63496  12.35
3948350417170000000  188.87253  19.66928  275.98242  81.69370  9.90
3948358697870000000  189.15662  19.62503  277.80236  81.76444  9.17
3948360415850000000  189.10294  19.64299  277.42895  81.76043  12.40
3948362958470000000  189.10814  19.70690  277.27763  81.82078  12.29
3948365294930000000  189.24182  19.70962  278.08198  81.87402  12.05
3948367459600000000  189.34607  19.79426  278.48660  81.99049  11.36
3948371857650000000  189.25978  19.87278  277.72625  82.03032  11.00
3948377110390000000  188.86940  19.73167  275.77768  81.74876  12.02
3948380138340000000  188.97385  19.85927  276.01593  81.90621  11.31
3948385940840000000  189.05383  19.89881  276.38132  81.97401  12.39
3948387388250000000  189.02094  19.95920  275.99565  82.01548  12.19
3948387766200000000  189.03011  19.97168  276.01320  82.03045  11.22
3948392610930000000  189.96404  19.58375  282.93072  82.00192  10.30
3948397863670000000  189.88370  19.72738  282.07094  82.11256  11.82
3948409545980000000  189.66530  19.72710  280.67317  82.04085  11.85
3948412436500000000  189.59409  19.74828  280.16667  82.03634  10.97
3948413501650000000  189.56929  19.78616  279.90906  82.06297  11.79
3948418689970000000  189.84464  19.91360  281.34721  82.27493  10.51
3948421159570000000  189.77567  19.89775  280.93795  82.23730  12.39
3948424943440000000  189.82735  20.04562  280.88492  82.39279  9.49
3948429371550000000  190.27815  19.97147  284.10510  82.46293  11.34
3948434113190000000  190.20955  20.08116  283.37366  82.54709  10.87
3948442707430000000  190.39397  20.23994  284.27483  82.75176  11.28
3948444665930000000  190.01324  20.03977  282.14252  82.44771  12.49
3948449819890000000  190.02591  20.15043  281.94173  82.55589  11.60
3948451228640000000  189.96986  20.21595  281.38492  82.59932  9.97
3948458925220000000  190.19035  20.33804  282.58898  82.78432  10.75
3948461600990000000  189.55113  19.88855  279.51551  82.15160  11.28
3948468786470000000  189.43100  20.04489  278.30345  82.25233  12.33
3948469026980000000  189.53358  20.06783  278.89736  82.31107  11.58
3948472944000000000  189.73322  20.11534  280.06998  82.42578  9.97
3948476757930000000  189.72346  20.18244  279.81602  82.48472  11.19
3948477337750000000  189.64752  20.20189  279.25549  82.47590  11.47
3948478437260000000  189.33113  19.99947  277.80186  82.17329  11.86
3948488027920000000  189.52361  20.20873  278.41857  82.43718  12.33
3948489883350000000  189.64560  20.25914  279.07502  82.52811  12.34
3948495690140000000  189.50018  20.39834  277.68232  82.60226  12.34
3948498576360000000  189.99438  20.24375  281.47760  82.63338  12.33
3948498743860000000  189.98615  20.27236  281.34321  82.65751  12.24
3948518333210000000  189.62538  20.39462  278.53218  82.64563  10.05
3948526888780000000  189.74997  20.54610  278.91584  82.83061  12.34
3948527610340000000  189.78645  20.60719  278.97940  82.90016  10.53
3948528091380000000  189.70953  20.59292  278.48932  82.85896  12.28
3948529328330000000  189.88481  20.62816  279.60565  82.95465  11.50
3948538571100000000  187.08469  18.46823  270.18251  79.83875  11.57
3948545477400000000  187.08432  18.53180  269.99691  79.89330  11.50
3948548913380000000  186.82870  18.41055  269.17877  79.66437  9.90
3948549630640000000  186.90140  18.47160  269.33064  79.75239  11.73
3948565784010000000  187.06926  18.80245  269.12064  80.11765  11.63
3948570663090000000  187.29474  18.63226  270.69439  80.08083  12.22
3948571762600000000  187.25189  18.67654  270.36104  80.09866  11.51
3948574854979455616  187.39404  18.82831  270.59415  80.29760  10.51
3948574854980000000  187.39404  18.82831  270.59415  80.29760  10.51
3948575748330000000  187.62355  18.77921  271.86310  80.36226  11.77
3948578909430000000  187.64160  18.87290  271.67915  80.45242  12.20
3948585712660000000  187.19202  18.79736  269.71645  80.17362  10.42
3948593649760000000  187.34180  18.89042  270.15397  80.32614  12.24
3948600281190000000  187.35878  19.05590  269.72811  80.47648  11.25
3948617117460000000  186.82948  18.89225  267.72609  80.07274  12.26
3948619213400000000  186.49232  18.71117  266.76954  79.74627  12.31
3948620312910000000  186.43381  18.75336  266.37889  79.75043  10.60
3948622855530000000  186.58598  18.85581  266.73268  79.91581  11.03
3948628731050000000  186.73984  18.93850  267.16769  80.06517  11.14
3948634022450000000  186.61693  19.04815  266.25317  80.09166  10.97
3948636943030000000  187.02835  18.88873  268.66298  80.17063  12.12
3948643162140000000  187.03763  19.01696  268.30465  80.28385  9.67
3948650308960000000  187.17848  19.13525  268.60092  80.45489  11.61
3948651266740000000  187.08018  19.17511  267.99979  80.43884  11.90
3948670890450000000  186.97292  19.38240  266.79863  80.55677  11.35
3948678002910000000  187.67645  19.04796  271.33138  80.62113  12.48
3948683156870000000  188.01213  19.13333  272.80028  80.84916  12.43
3948699477750000000  187.66389  19.21987  270.73863  80.76433  12.50
3948700680340000000  187.80084  19.27633  271.26479  80.87773  12.19
3948711744180000000  188.01103  19.28810  272.32739  80.98474  12.20
3948712190850000000  188.01393  19.31386  272.26363  81.00864  11.63
3948715901710000000  188.27228  19.36075  273.50759  81.16511  12.37
3948731947700000000  187.94498  19.55120  271.14692  81.18383  11.15
3948732360020000000  187.89236  19.55277  270.86192  81.16043  12.07
3948732978500000000  187.92671  19.60209  270.88331  81.21932  11.27
3948735452400000000  188.08414  19.62580  271.65390  81.31346  10.57
3948736551910000000  188.22676  19.65832  272.33029  81.40715  11.66
3948740778150000000  188.09251  19.71283  271.41452  81.39310  11.32
3948741912030000000  188.06032  19.75694  271.09196  81.41634  10.85
3948744656510000000  187.45279  19.28512  269.46662  80.71855  11.39
3948744970040000000  187.53548  19.29536  269.84889  80.76769  12.25
3948747237786475264  187.35291  19.31534  268.87136  80.69489  9.57
3948747237790000000  187.35291  19.31534  268.87136  80.69489  9.57
3948747547020000000  187.33986  19.34536  268.70832  80.71384  12.22
3948749466870000000  187.44542  19.40818  269.02835  80.81979  11.62
3948758954460000000  187.49902  19.55612  268.80579  80.97211  12.48
3948761703240000000  187.18109  19.44372  267.59791  80.71614  10.86
3948767024700000000  187.25862  19.54864  267.62268  80.84394  10.95
3948794551150000000  187.92451  19.91723  269.80363  81.48948  11.26
3948794722940000000  187.91183  19.91121  269.75580  81.47816  12.31
3948801350080000000  187.48627  19.84326  267.74377  81.20779  11.69
3948805374460000000  187.72159  19.89165  268.80334  81.36768  10.91
3948805374464063744  187.72159  19.89165  268.80334  81.36768  10.91
3948806027300000000  187.85074  19.91053  269.42771  81.44769  11.96
3948812727450000000  186.30351  18.86564  265.44924  79.77318  12.13
3948816197780000000  186.38657  19.02344  265.30065  79.94750  11.39
3948819839910000000  186.39285  19.08448  265.12658  80.00082  11.81
3948823928720000000  186.58591  19.14032  265.80846  80.15110  9.32
3948827227260000000  186.36423  19.17329  264.70178  80.05747  10.80
3948833789970000000  186.21124  19.17947  264.00635  79.97756  11.20
3948839699840000000  186.36226  19.23808  264.47307  80.10894  11.40
3948841039870000000  186.41383  19.24042  264.69539  80.13931  11.47
3948845128680000000  186.26462  19.35940  263.62076  80.15217  12.31
3948845678440000000  186.34731  19.36179  263.97979  80.20053  11.99
3948852825260000000  186.65602  19.32761  265.49808  80.34266  12.28
3948856982790000000  186.89996  19.36065  266.52537  80.50031  9.44
3948858013580000000  186.79362  19.41015  265.85493  80.48455  12.49
3948858357180000000  186.83429  19.42025  266.01143  80.51465  11.36
3948863476780000000  186.86761  19.52604  265.80221  80.61955  11.95
3948875193450000000  186.62331  19.53539  264.62378  80.49415  11.43
3948876258600000000  186.78363  19.56681  265.26134  80.60754  11.09
3948876774000000000  186.81506  19.60384  265.27862  80.65487  12.10
3948877942230000000  186.75484  19.65197  264.82196  80.66116  12.49
3948878595070000000  186.62244  19.59303  264.41445  80.54034  11.48
3948880862810000000  186.69951  19.67638  264.47378  80.65044  11.85
3948880931530000000  186.67525  19.67191  264.37637  80.63338  10.60
3948883130550000000  185.96503  19.18786  262.91465  79.84498  10.93
3948885844970000000  186.08139  19.30678  263.00270  80.00614  9.02
3948889315300000000  185.89706  19.37161  261.98417  79.95101  8.57
3948894228750000000  186.23506  19.44072  263.20389  80.20046  12.27
3948915939810000000  185.99428  19.65997  261.35722  80.23370  11.70
3948925908430000000  186.29590  19.70425  262.52142  80.44453  10.08
3948928725920000000  186.48155  19.73065  263.26531  80.57179  9.05
3948930306470000000  186.55142  19.79080  263.36455  80.65943  11.43
3948930409550000000  186.53406  19.78784  263.29530  80.64721  12.32
3948935322990000000  186.48557  19.90333  262.63827  80.71120  11.19
3948948448410000000  186.41812  19.98689  262.00903  80.73794  12.29
3948949444850000000  186.27950  19.93334  261.58569  80.61489  12.28
3948949788440000000  186.29753  19.95964  261.56588  80.64602  9.68
3948953671090000000  187.01936  19.53769  266.48878  80.71003  10.86
3948958374080000000  187.00627  19.63952  266.06823  80.78716  12.26
3948963287530000000  187.16962  19.70812  266.62489  80.93050  11.63
3948963910300000000  187.18407  19.73859  266.58808  80.96335  11.35
3948983907660000000  187.09932  20.00725  265.18242  81.13864  11.66
3948984560500000000  186.99651  19.93155  264.95898  81.02088  10.81
3949001156250000000  187.67706  20.13486  267.68335  81.54998  10.95
3949004557870000000  187.61618  20.19712  267.12465  81.57045  11.93
3949012563690000000  187.21248  20.11445  265.34339  81.28759  11.54
3949016652500000000  187.40446  20.23767  265.85495  81.49202  12.48
3949020535150000000  187.22102  20.25545  264.84162  81.40694  11.17
3949031324100000000  186.63449  20.00609  262.93927  80.87805  12.23
3949032835930000000  186.84792  20.00711  263.95189  80.99965  10.21
3949038019960000000  186.76323  20.10548  263.16622  81.03046  12.23
3949044002850000000  186.62675  20.09719  262.55026  80.94570  11.24
3949048057300000000  186.49092  20.13802  261.75517  80.89880  12.31
3949050015800000000  186.66219  20.12769  262.59835  80.99020  12.38
3949060010190000000  187.02547  20.18132  264.14884  81.23887  11.45
3949063038140000000  187.13849  20.32647  264.14236  81.41863  12.10
3949074269480000000  187.23260  20.45403  264.10855  81.57364  11.46
3949086643280000000  186.98280  20.51086  262.61108  81.47724  12.43
3949088292550000000  187.16666  20.58911  263.21364  81.64440  11.01
3949090457210000000  186.96449  20.60097  262.14273  81.53749  10.99
3949096023490000000  188.44984  19.61331  273.71740  81.46644  12.28
3949099253310000000  188.37427  19.64068  273.20715  81.45759  10.42
3949101486690000000  188.48581  19.72327  273.57623  81.57961  12.41
3949102173880000000  188.43874  19.71509  273.33474  81.55175  12.50
3949105747300000000  188.72455  19.78621  274.75801  81.73791  9.69
3949111760250000000  188.28891  19.68423  272.59170  81.45794  10.45
3949117841920000000  188.15443  19.81584  271.41268  81.51145  12.41
3949121587140000000  188.42473  19.87153  272.74918  81.68351  11.87
3949122854150000000  188.48360  19.90755  272.96877  81.74148  11.60
3949134918710000000  188.64053  19.95055  273.74200  81.84843  12.19
3949135777710000000  188.77603  19.96401  274.50118  81.91853  12.41
3949141584500000000  188.99318  20.11324  275.34008  82.14294  10.15
3949147597460000000  188.63246  20.02600  273.44655  81.91175  11.04
3949150037000000000  188.66951  20.08458  273.47140  81.97980  11.09
3949158180260000000  188.86885  20.24585  274.13725  82.20923  12.25
3949160722880000000  188.71802  20.24956  273.20333  82.14690  9.98
3949168144580000000  188.17780  19.95552  271.06867  81.64356  12.40
3949173504700000000  188.25940  19.99869  271.37994  81.71918  12.21
3949199721180000000  188.46078  20.15240  272.00787  81.94599  9.62
3949204973930000000  188.30093  20.23812  270.77457  81.94601  11.52
3949206764930000000  188.50542  20.34022  271.60647  82.13022  11.60
3949210441420000000  188.61853  20.40947  272.03627  82.24258  12.46
3949222948360000000  188.10175  20.43745  268.88847  82.01967  12.24
3949229919090000000  188.52820  20.62324  270.69230  82.38595  12.03
3949234390160000000  188.41978  20.69660  269.75032  82.39674  12.26
3949235352230000000  189.20621  20.16649  276.50280  82.27712  10.14
3949247893530000000  189.23633  20.35874  276.07944  82.46313  12.11
3949257926580000000  188.86671  20.42716  273.49995  82.36913  11.87
3949258373250000000  188.86412  20.44652  273.41557  82.38510  10.77
3949272632550000000  189.62894  20.56100  278.03594  82.79971  12.50
3949275514470000000  189.38390  20.58291  276.30573  82.72488  11.99
3949284898970000000  189.59045  20.78259  277.03952  82.98735  10.18
3949287166720000000  189.64494  20.85673  277.16800  83.07593  11.20
3949293866860000000  189.19812  20.79125  274.33350  82.83526  12.30
3949301666530000000  189.43138  20.92142  275.44550  83.04925  10.88
3949315513500000000  188.96674  20.68209  273.21727  82.63820  10.95
3949319121270000000  188.88446  20.74661  272.44814  82.65818  12.26
3949321457730000000  189.00282  20.83741  272.87065  82.79094  11.61
3949328329680000000  188.49220  20.73573  270.03583  82.46533  12.38
3949332555930000000  188.75943  20.80497  271.42738  82.65174  12.04
3949354717960000000  189.19751  21.05757  273.32329  83.07099  12.40
3949368152620000000  189.10039  21.16461  272.23497  83.12152  12.48
3949368186980000000  189.08269  21.15749  272.14376  83.10725  12.40
3949372962980000000  189.03865  21.26645  271.39375  83.18172  10.84
3949375505600000000  187.73962  20.13241  268.02824  81.57992  12.46
3949378288740000000  187.89476  20.25675  268.41071  81.76320  11.53
3949378838500000000  187.80061  20.26004  267.88133  81.71816  12.42
3949383202180000000  187.69147  20.33372  267.00611  81.72327  11.38
3949386500720000000  187.99985  20.37715  268.54099  81.91769  12.19
3949398354830000000  187.52225  20.43520  265.69918  81.71718  10.19
3949399523060000000  187.46555  20.48420  265.20134  81.72647  11.93
3949401996960000000  187.74936  20.46005  266.82745  81.85836  11.33
3949412614120000000  188.07037  20.54945  268.27429  82.09846  11.12
3949419417350000000  188.27321  20.60194  269.24733  82.24423  10.53
3949421925610000000  188.30922  20.70406  269.05782  82.34873  11.87
3949424360850000000  188.22710  20.73028  268.46568  82.32984  11.34
3949428896340000000  187.98886  20.66665  267.33999  82.15483  12.47
3949428900640000000  187.98833  20.66632  267.33827  82.15428  12.03
3949432542770000000  188.00117  20.81871  266.78412  82.28747  12.10
3949433161240000000  187.88229  20.72047  266.51458  82.14369  12.50
3949441648100000000  187.97873  20.84739  266.53437  82.29935  11.98
3949469376410000000  187.07027  20.76756  261.96208  81.72947  11.26
3949472674940000000  187.38037  20.80671  263.40194  81.93867  10.55
3949474839610000000  187.45111  20.87989  263.46130  82.03694  11.65
3949479993570000000  187.36266  20.96420  262.61643  82.05319  11.50
3949485422410000000  187.63763  20.83488  264.66940  82.10502  10.88
3949485903440000000  187.69337  20.87279  264.81392  82.16634  10.99
3949486728080000000  187.59035  20.89305  264.15852  82.12565  10.89
3949493462580000000  187.95639  21.07721  265.41119  82.47575  12.35
3949501743280000000  187.70242  21.07855  263.95786  82.33690  11.25
3949508615230000000  187.72200  21.13402  263.81686  82.39221  12.36
3949515006140000000  187.78214  21.33431  263.22914  82.58548  12.07
3949515899490000000  187.72269  21.34824  262.82456  82.56255  10.02
3949522496560000000  188.33632  20.93719  268.26885  82.55910  11.52
3949526928970000000  188.58560  21.01821  269.47014  82.75188  10.51
3949528058550000000  188.72374  21.07949  270.09385  82.87141  11.90
3949531601890000000  188.60132  21.07665  269.32436  82.80928  12.44
3949539745150000000  188.12941  21.10091  266.32262  82.58795  9.55
3949543833960000000  188.39600  21.14088  267.76400  82.76018  10.47
3949545311430000000  188.58231  21.20137  268.66934  82.90539  12.13
3949546617100000000  188.54521  21.27206  268.12255  82.94612  12.18
3949550946430000000  188.47517  21.33961  267.37512  82.96659  12.25
3949552733130000000  188.73482  21.14777  269.87863  82.93513  12.05
3949563212850000000  189.06265  21.38833  271.03795  83.29833  12.01
3949578434220000000  188.86595  21.45693  269.39513  83.26245  11.09
3949579980410000000  188.86989  21.48827  269.28004  83.29098  10.55
3949581183000000000  188.86682  21.53828  269.03094  83.33181  12.06
3949601107350000000  188.12033  21.38384  264.98020  82.81388  12.30
3949609117460000000  187.85176  21.36691  263.47502  82.65083  11.95
3949615744600000000  188.22232  21.52775  264.91586  82.98609  11.76
3949616951480000000  188.18604  21.59061  264.38696  83.01671  12.21
3949617982280000000  188.06802  21.52798  263.97606  82.90081  11.67
3949637773490000000  188.67839  21.77135  266.64927  83.43000  10.47
3949644370560000000  188.23808  21.69961  264.16786  83.13300  8.66
3949845306310000000  184.08826  18.21571  258.90654  77.97018  11.91
3949845821700000000  184.10811  18.26225  258.82949  78.01776  12.49
3949848811000000000  184.07619  18.26715  258.70359  78.00168  12.26
3949861627180000000  183.97295  18.33256  258.14174  77.98657  12.19
3949867124740000000  183.84642  18.44882  257.33923  77.99347  12.37
3949933645190000000  183.63054  18.73206  255.68737  78.06192  10.83
3949937974520000000  183.54295  18.79899  255.17429  78.05270  12.11
3949938043240000000  183.53401  18.81593  255.08795  78.05896  11.83
3950222885470000000  184.34332  18.37268  259.30611  78.24678  11.95
3950223847540000000  184.34335  18.40874  259.19141  78.27427  12.21
3950225428090000000  184.08626  18.35714  258.45385  78.07592  12.26
3950233880590000000  184.34431  18.52130  258.83305  78.36032  12.32
3950235083180000000  184.30116  18.57663  258.49996  78.37532  10.49
3950240099700000000  184.11607  18.50106  258.09563  78.20277  12.06
3950240168420000000  184.18044  18.49607  258.33630  78.23933  11.25
3950244532100000000  184.03711  18.58892  257.53598  78.21859  11.63
3950247040370000000  184.23959  18.59977  258.20674  78.35425  8.77
3950247761920000000  184.19275  18.61977  257.97646  78.33984  10.34
3950249754790000000  184.29045  18.69192  258.08311  78.45523  12.15
3950273600440000000  184.44484  18.78353  258.33011  78.62064  11.45
3950280094430000000  184.40289  18.91083  257.74964  78.68951  11.83
3950280575470000000  184.32776  18.91549  257.46491  78.64543  9.73
3950281400100000000  184.56752  18.84387  258.57270  78.74254  10.18
3950282808850000000  184.51111  18.91912  258.11242  78.76381  12.06
3950283216880000000  184.60164  18.96259  258.29468  78.85309  12.35
3950285141020000000  184.62227  19.01068  258.20553  78.90204  12.06
3950288031530000000  184.58350  19.01308  258.05490  78.87952  9.20
3950297514820000000  183.93982  18.75903  256.63858  78.28213  11.83
3950308441220000000  183.73212  18.74533  255.98144  78.13776  12.20
3950309953050000000  183.69484  18.82937  255.57463  78.17433  10.94
3950314209360000000  183.58548  18.88641  255.01879  78.14343  11.95
3950330087850000000  184.12007  18.95944  256.58245  78.54506  11.95
3950331427880000000  184.13316  19.01390  256.44076  78.59334  12.39
3950335344890000000  184.34114  19.05303  257.04000  78.75563  11.74
3950362725310000000  184.92867  18.98709  259.43224  79.07405  11.90
3950363107560000000  184.98515  18.95910  259.74297  79.08718  11.51
3950364035280000000  185.00104  18.99238  259.69029  79.12231  11.57
3950385681910000000  184.76216  19.24106  257.91990  79.16203  11.41
3950389942520000000  185.07365  19.32446  258.80930  79.41911  12.47
3950394443640000000  184.93945  19.39343  258.04480  79.38713  9.30
3950401212510000000  185.22784  19.33500  259.37445  79.52214  12.31
3950403995650000000  185.27475  19.39474  259.34564  79.59630  12.09
3950416021560000000  185.18042  19.45058  258.77117  79.58035  12.40
3950422824790000000  185.33888  19.54846  259.04153  79.75223  11.38
3950426123320000000  185.38736  19.65358  258.84653  79.86152  10.14
3950431483440000000  184.61546  19.20315  257.50949  79.04118  12.43
3950441924510000000  184.83052  19.39644  257.62020  79.32069  11.99
3950441928800000000  184.83522  19.39776  257.63316  79.32465  10.64
3950442993950000000  184.87918  19.49644  257.44002  79.42558  12.49
3950444952460000000  184.67949  19.45318  256.84852  79.26634  12.19
3950446189410000000  184.65352  19.52530  256.48763  79.30238  11.94
3950456531690000000  184.34970  19.55028  255.28978  79.12253  10.93
3950456909650000000  184.40889  19.57923  255.39491  79.18217  12.33
3950466221140000000  184.93048  19.50224  257.61416  79.46238  11.94
3950470309950000000  184.97452  19.66796  257.16756  79.61274  10.39
3950470413030000000  185.02217  19.69488  257.24994  79.66293  10.02
3950473883360000000  184.85979  19.69025  256.64570  79.55560  11.69
3950480102470000000  185.07115  19.79962  257.04215  79.77119  10.71
3950481854820000000  185.06535  19.83050  256.90123  79.79012  10.99
3950487077500000000  184.77457  19.76422  256.04385  79.55427  10.41
3950497900820000000  184.88791  19.96376  255.70194  79.77202  11.82
3950506078430000000  183.40709  18.95905  254.18831  78.07652  11.30
3950538307870000000  183.89810  19.26599  254.74586  78.62130  11.83
3950539407380000000  184.03264  19.30538  255.06658  78.73841  11.17
3950543251370000000  183.90147  19.35266  254.44699  78.68506  12.41
3950548100390000000  184.15984  19.44570  255.00191  78.92262  12.43
3950652038600000000  184.34711  19.69882  254.72583  79.22670  12.04
3950652519640000000  184.40723  19.72668  254.83614  79.28634  11.34
3950679492030000000  184.64342  19.88708  255.08346  79.55661  12.33
3951916678840000000  185.56506  19.70427  259.38066  80.00936  11.65
3951923623800000000  185.71295  19.82449  259.54047  80.19120  12.33
3951927334650000000  185.49515  19.73257  258.98737  79.98774  10.53
3951928468520000000  185.53732  19.71351  259.23190  79.99933  12.29
3951930117790000000  185.54079  19.79519  258.93705  80.06317  12.35
3951933244530000000  185.42729  19.83043  258.33892  80.01909  9.13
3951958979970000000  186.04520  20.13836  259.74245  80.63265  11.53
3951960216920000000  186.19638  20.19529  260.18497  80.76781  12.44
3951960938480000000  186.16281  20.20656  259.98973  80.75611  12.25
3951962519020000000  185.83914  20.05245  259.19062  80.44135  12.29
3951962789610000000  185.77544  20.03692  258.98062  80.39036  11.95
3951967363750000000  185.67889  20.11471  258.26508  80.38865  10.83
3951968738140000000  185.86821  20.17248  258.83728  80.54975  10.08
3951968772500000000  185.88255  20.18080  258.86552  80.56488  11.93
3951969081730000000  185.83354  20.20852  258.54339  80.55524  11.48
3951973479780000000  186.09341  20.28146  259.37815  80.77072  10.31
3951976915750000000  185.96028  20.28696  258.77144  80.69276  10.71
3951981107640000000  185.26663  19.91669  257.36012  79.98187  12.47
3951981446940000000  185.37488  19.89981  257.85953  80.03788  12.37
3951981451240000000  185.37344  19.90779  257.82282  80.04290  10.10
3951983615900000000  185.22156  19.90406  257.23013  79.94389  10.22
3951993163610000000  185.38022  20.11335  257.04076  80.19876  11.65
3951994095620000000  185.37148  20.13864  256.90414  80.21168  12.34
3951999387020000000  185.22630  20.08262  256.54715  80.07756  11.13
3952003647630000000  185.09541  20.15860  255.72809  80.04758  10.52
3952042645930000000  185.60234  20.56111  256.10083  80.66725  10.87
3952047421940000000  185.63399  20.61794  255.98877  80.72872  10.32
3952068926840000000  186.12958  20.37057  259.17291  80.86025  11.43
3952073226100000000  186.09602  20.45693  258.66419  80.90439  11.71
3952079582650000000  186.35776  20.60701  259.21035  81.17893  11.92
3952081609880000000  186.17758  20.58328  258.49298  81.04958  11.25
3952090749570000000  186.58846  20.61755  260.24314  81.32750  11.05
3952098824110000000  186.79523  20.75751  260.63479  81.55904  11.72
3952102809840000000  186.54053  20.63849  259.92667  81.31447  10.93
3952113530070000000  186.73671  20.86337  259.88270  81.60461  10.33
3952115419860000000  186.59538  20.84352  259.29057  81.50326  12.39
3952117962479972608  186.65694  20.95221  259.09760  81.62291  10.16
3952117962480000000  186.65694  20.95221  259.09760  81.62291  10.16
3952119302510000000  186.67152  21.00857  258.91132  81.67420  12.16
3952119504370000000  186.65903  21.01425  258.82503  81.67072  10.41
3952128270400000000  186.00064  20.71048  257.15698  81.03201  11.66
3952128540980000000  185.98085  20.72870  256.99041  81.03268  11.72
3952156067430000000  186.29079  20.79029  258.10519  81.27435  12.37
3952159808350000000  186.25540  20.88088  257.53997  81.31891  12.29
3952162492700000000  186.35069  20.98270  257.51523  81.45409  10.96
3952169983120000000  186.44914  21.09842  257.43895  81.60143  10.74
3952170704680000000  186.46835  21.09823  257.52991  81.61347  11.83
3952183795740000000  186.43698  21.19492  256.92881  81.66411  12.44
3952482106990000000  187.21814  20.99601  261.71264  81.99410  10.73
3952483447020000000  187.31465  21.04951  261.97765  82.09225  10.96
3952485955280000000  187.08315  21.03828  260.82303  81.94693  11.24
3952486470670000000  187.11768  21.06919  260.85899  81.99130  10.81
3952490593840000000  186.78461  20.96910  259.64149  81.71395  8.79
3952506261880000000  187.02443  21.31379  259.23096  82.12079  11.48
3952514405140000000  187.44086  21.32879  261.35273  82.38332  11.89
3952515882610000000  187.53683  21.24767  262.26176  82.37638  11.74
3952517871180000000  187.64133  21.32208  262.49044  82.49517  11.97
3952533268640000000  187.36690  21.40331  260.59309  82.39663  12.12
3952553231650000000  186.97090  21.34875  258.78975  82.11392  9.62
3952557870210000000  186.83688  21.43970  257.67200  82.09735  11.69
3952579276330000000  187.04539  21.51586  258.34660  82.28456  11.32
3952613567350000000  187.69513  21.45323  262.16323  82.62901  12.30
3952618996180000000  187.73679  21.56231  261.86373  82.73831  12.31
3952626933280000000  187.75792  21.69560  261.31285  82.85399  9.17
3952635312770000000  187.51118  21.71102  259.83908  82.71781  12.25
3952643425960000000  187.62286  21.82166  259.88708  82.86934  11.62
3952645311450000000  187.64688  21.94232  259.37923  82.97489  11.52
3952655280070000000  188.04881  21.91834  261.87300  83.19740  12.14
3952673422010000000  187.92178  22.12346  259.98727  83.27896  8.79
3952673422010412032  187.92178  22.12346  259.98727  83.27896  8.79
3952674727680000000  188.14775  22.12069  261.38180  83.41206  11.69
3952682767860000000  187.39149  21.71554  259.15871  82.64798  12.26
3954171815840000000  191.48672  19.74513  292.97031  82.51045  12.28
3954173258950000000  191.54379  19.82033  293.28574  82.59332  12.21
3954179512420000000  190.99931  19.70843  289.59608  82.38678  12.27
3954184249770000000  191.00716  19.81921  289.46623  82.49649  11.70
3954187758760000000  191.25285  19.86747  291.13177  82.59154  11.19
3954189369370000000  191.32678  19.91517  291.59274  82.65157  12.39
3954196172600000000  191.59833  19.85936  293.63277  82.63985  11.93
3954197310770000000  191.60573  19.87952  293.66247  82.66085  10.70
3954204315860000000  191.59630  20.07878  293.34783  82.85631  12.05
3954204972990000000  191.77885  20.02359  294.77398  82.82677  11.60
3954208615120000000  191.86343  20.14374  295.28393  82.95625  11.27
3954213769080000000  191.42332  20.01524  292.15264  82.76646  10.76
3954225142150000000  191.69687  20.26606  293.87398  83.05587  11.98
3954226924570000000  191.50099  20.24115  292.41278  83.00165  12.10
3954230433550000000  191.62267  20.36645  293.17211  83.14425  8.52
3954234792950000000  190.98730  19.97474  289.05649  82.64390  11.09
3954244521050000000  190.97260  20.09274  288.73730  82.75557  11.92
3954250151750000000  190.71889  20.04255  287.01622  82.64827  12.04
3954251118120000000  190.80347  20.08618  287.53143  82.71077  10.98
3954270909330000000  191.15973  20.24319  289.84234  82.94151  10.42
3954271733960000000  191.13774  20.26335  289.64273  82.95673  11.99
3954279774140000000  191.38860  20.39585  291.32055  83.13457  11.07
3954294892420000000  191.30893  20.53182  290.47598  83.25307  12.31
3954295506600000000  191.34618  20.58013  290.68387  83.30746  12.01
3954299290470000000  191.22609  20.60993  289.68670  83.31301  12.36
3954303791600000000  192.01266  20.23111  296.34221  83.05948  12.18
3954305853180000000  191.89113  20.23809  295.39863  83.05311  12.21
3954307811680000000  191.94872  20.27622  295.80516  83.09750  11.30
3954324544880000000  191.66850  20.44164  293.42887  83.22532  12.45
3954330557830000000  192.09439  20.58326  296.67127  83.41778  12.28
3954331313750000000  192.00255  20.59265  295.91677  83.41766  10.92
3954335329540000000  191.92052  20.63469  295.20550  83.45002  12.09
3954336742580000000  192.27464  20.46785  298.21773  83.31818  12.16
3954337940880000000  192.26636  20.52723  298.11048  83.37675  11.76
3954349043370000000  192.56941  20.75614  300.48937  83.62238  12.41
3954355193760000000  192.09000  20.65771  296.56710  83.49139  9.77
3954363165220000000  192.27802  20.78865  298.02007  83.63821  12.23
3954364470890000000  192.31638  20.84194  298.30583  83.69417  12.46
3954366669920000000  192.40340  20.92901  298.99283  83.78680  12.25
3954372266260000000  191.66212  20.48947  293.31449  83.27160  11.69
3954381444600000000  191.82419  20.68937  294.35519  83.49204  10.82
3954388247830000000  191.77617  20.82241  293.78575  83.61706  12.50
3954392950820000000  191.45311  20.76370  291.22249  83.50717  10.87
3954398830630000000  191.62962  20.82612  292.56617  83.59863  12.32
3954399036790000000  191.64368  20.85167  292.64330  83.62604  11.86
3954402094810000000  191.66994  20.93466  292.73507  83.71199  10.41
3954403400480000000  191.54272  20.92272  291.68942  83.67918  11.39
3954409585229559168  192.06844  20.87922  296.17111  83.70939  9.71
3954409585230000000  192.06844  20.87922  296.17111  83.70939  9.71
3954418656200000000  192.23660  21.06347  297.44598  83.90866  12.46
3954429960550000000  191.63901  21.04795  292.29335  83.81860  10.85
3954432468820000000  191.73601  21.15586  292.95691  83.94039  11.66
3954437657140000000  191.87053  21.17018  294.11286  83.97407  11.69
3954438889790000000  191.85310  21.23108  293.87262  84.03189  11.59
3954445491160000000  190.60446  20.27534  285.69863  82.84334  12.18
3954446899910000000  190.49837  20.24017  285.01699  82.78114  12.28
3954447376650000000  190.49023  20.28698  284.84923  82.82366  11.80
3954448858410000000  190.53494  20.30323  285.13276  82.85146  10.24
3954459922250000000  190.35193  20.31442  283.79407  82.81052  12.12
3954460300200000000  190.42630  20.33594  284.27287  82.85244  12.50
3954467580170000000  190.28864  20.50409  282.85130  82.97140  11.57
3954469336820000000  190.59346  20.52485  285.03448  83.07944  11.44
3954469985350000000  190.54396  20.51814  284.68377  83.05936  11.41
3954471501480000000  190.67531  20.59784  285.47144  83.17145  12.29
3954483767910000000  190.91454  20.60687  287.27292  83.24083  10.98
3954484042780000000  190.88782  20.63050  287.01545  83.25718  10.47
3954495037900000000  190.71310  20.61775  285.70985  83.20056  9.36
3954497030760000000  190.80690  20.68714  286.26332  83.29157  12.11
3954499740890000000  190.66141  20.72418  285.05643  83.28865  9.51
3954501360090000000  190.72559  20.76403  285.45115  83.34414  11.94
3954508232040000000  190.80537  20.86677  285.82068  83.46379  12.41
3954509297190000000  190.74332  20.88957  285.27513  83.46915  12.39
3954513209910000000  190.21013  20.50788  282.27479  82.95066  11.47
3954537055560000000  190.07092  20.78955  280.44963  83.16903  12.22
3954541728490000000  190.31311  20.89309  281.94263  83.34575  12.04
3954545615430000000  190.17804  20.94225  280.77400  83.34760  12.13
3954550288360000000  190.69078  20.87979  284.88819  83.44546  10.73
3954551559670000000  190.64996  20.93870  284.41356  83.49029  11.79
3954555575460000000  190.48114  20.98398  282.96861  83.48376  11.65
3954557813140000000  190.67151  20.98985  284.44639  83.54513  9.90
3954569151860000000  190.46996  21.11068  282.51018  83.59997  9.91
3954572725270000000  190.40758  21.16169  281.86284  83.62832  11.66
3954581864960000000  190.48723  21.29361  282.08839  83.77765  9.82
3954593272390000000  191.44408  21.01478  290.70084  83.75163  10.87
3954595540130000000  191.52313  21.09605  291.22152  83.84590  11.55
3954598735590000000  191.47507  21.13102  290.74610  83.87132  12.39
3954606500890000000  191.01433  21.10024  286.93681  83.74149  11.92
3954608184520000000  191.04074  21.14195  287.05514  83.78820  10.55
3954615743660000000  191.24258  21.23716  288.53681  83.92732  10.73
3954620004270000000  191.58987  21.19988  291.61060  83.95968  8.51
3954620313510000000  191.70586  21.18889  292.64109  83.96822  12.31
3954621236920000000  191.62976  21.19611  291.96465  83.96283  11.76
3954623642100000000  191.44943  21.20731  290.37875  83.94111  11.72
3954624741620000000  191.57855  21.25093  291.41967  84.00782  11.71
3954628113170000000  191.69392  21.30020  292.35105  84.07593  12.50
3954632610000000000  191.65619  21.40716  291.82540  84.17483  11.85
3954640104710000000  191.36032  21.35381  289.29927  84.06618  11.44
3954640757550000000  191.35446  21.38218  289.18553  84.09258  12.23
3954647762640000000  191.66293  21.54276  291.63576  84.30924  11.39
3954650962390000000  191.61064  21.57351  291.09392  84.33008  9.82
3954658448520000000  190.86533  21.24154  285.34185  83.83900  11.83
3954660617480000000  190.94539  21.30759  285.83641  83.92356  11.68
3954664324040000000  191.13980  21.33901  287.41522  84.00241  11.39
3954665462200000000  191.10181  21.38170  286.98109  84.03448  12.12
3954677075790000000  190.61284  21.42949  282.69289  83.94490  11.84
3954688723740000000  191.24451  21.43708  288.09041  84.12177  11.25
3954690029410000000  191.27217  21.48709  288.21566  84.17655  12.39
3954696656550000000  191.27873  21.65902  287.85177  84.34469  11.24
3954697481180000000  191.44073  21.60202  289.47054  84.32484  12.06
3954698791150000000  191.43262  21.65038  289.28570  84.37028  11.30
3954701539930000000  191.33484  21.65008  288.38724  84.34879  12.25
3954703017400000000  191.28252  21.72278  287.72371  84.40730  11.20
3954703601510000000  191.34560  21.77153  288.18483  84.46905  10.21
3954711023210000000  191.05409  21.70998  285.67342  84.33813  12.17
3954711053280000000  191.00832  21.68972  285.32036  84.30652  11.79
3954715249460000000  191.28275  21.75700  287.63706  84.44048  10.36
3954715520050000000  191.25594  21.77990  287.32781  84.45626  11.84
3954726171560000000  192.78577  20.86563  302.30055  83.73701  11.61
3954727481530000000  192.75673  20.94103  302.04162  83.81206  11.42
3954728684120000000  192.59978  20.90196  300.69602  83.76920  12.08
3954731673420000000  192.66177  20.99596  301.20455  83.86506  10.94
3954740469510000000  192.82407  21.14928  302.61486  84.02094  12.30
3954742324940000000  192.44873  20.97344  299.35900  83.83379  11.94
3954743012130000000  192.44284  21.01779  299.28284  83.87772  12.33
3954744592680000000  192.50705  21.05345  299.82682  83.91669  10.35
3954755106760000000  192.57784  21.21889  300.38336  84.08507  10.03
3954771530710000000  193.25519  21.41340  306.62671  84.27379  10.49
3954777062630000000  192.86086  21.30113  302.94456  84.17288  12.01
3954794654820000000  192.33267  21.13957  298.23222  83.99208  12.14
3954797815910000000  192.42535  21.25375  298.98467  84.11218  9.51
3954798434390000000  192.24062  21.19842  297.36332  84.04339  11.02
3954801664200000000  192.29416  21.29841  297.75961  84.14743  11.68
3954806474570000000  192.57820  21.40186  300.30900  84.26788  12.32
3954811864750000000  192.12047  21.28775  296.19420  84.12079  11.42
3954825612940000000  192.25447  21.56695  297.14453  84.41148  9.77
3954835611630000000  192.67125  21.56840  301.12573  84.43750  11.29
3954841212260000000  192.89105  21.69592  303.24182  84.56759  11.55
3954845915250000000  192.80350  21.80332  302.37188  84.67482  11.86
3954847225220000000  192.52234  21.60600  299.67796  84.46923  12.31
3954848359090000000  192.50128  21.65202  299.44739  84.51407  11.16
3954853135090000000  192.39078  21.78118  298.27106  84.63596  10.38
3954856635490000000  192.65315  21.78406  300.87569  84.65251  12.26
3954857808020000000  192.77113  21.83872  302.04246  84.70986  10.51
3954860213200000000  192.57643  21.84219  300.08238  84.70767  11.02
3954865809540000000  193.36322  21.46830  307.67511  84.32148  11.78
3954871483190000000  193.44429  21.62005  308.57870  84.46614  11.89
3954871517550000000  193.41357  21.63167  308.29455  84.48033  11.44
3954874914870000000  193.51910  21.66500  309.34565  84.50386  11.73
3954879832609313792  193.52083  21.73505  309.44172  84.57333  10.21
3954879832610000000  193.52083  21.73505  309.44172  84.57333  10.21
3954887043860000000  193.10477  21.69640  305.33824  84.56356  11.94
3954890823430000000  193.33896  21.72546  307.65255  84.57962  11.78
3954890930800000000  193.33429  21.74597  307.62379  84.60041  12.13
3954896394000000000  193.19118  21.86288  306.28289  84.72599  12.45
3954896703240000000  193.27184  21.89216  307.11759  84.75050  12.44
3954903777050000000  193.63432  21.80189  310.63812  84.62720  11.63
3954907835800000000  193.73550  21.98950  311.93091  84.79991  12.08
3954910893810000000  194.01903  21.98875  314.77373  84.75352  12.45
3954911993320000000  193.97412  22.03127  314.41561  84.80331  12.25
3954922095090000000  193.49825  22.01966  309.55446  84.85852  10.87
3954923194600000000  193.46243  22.05906  309.23238  84.90128  12.22
3954931578380000000  193.54156  22.17991  310.21720  85.01302  12.08
3954932849690000000  193.70149  22.25601  312.03433  85.06812  11.89
3954942058100000000  193.02513  21.94846  304.63332  84.81801  11.03
3954943874870000000  193.22525  21.90936  306.65777  84.77052  11.52
3954949033120000000  193.06091  22.02872  305.03181  84.89718  10.63
3954955698910000000  192.86140  22.01632  302.95197  84.88807  12.35
3954957519980000000  192.80292  22.04250  302.34054  84.91399  11.13
3954963223690000000  193.09744  22.12696  305.45898  84.99403  11.45
3954981090760000000  193.59962  22.31364  311.03868  85.13872  11.66
3954983221060000000  193.43181  22.30595  309.20687  85.14978  12.26
3954983392860000000  193.44139  22.32323  309.33304  85.16602  12.28
3954990642770000000  193.23589  22.33048  307.08793  85.19007  12.27
3955002939260000000  193.38081  22.55151  308.94490  85.39889  11.66
3955008750350000000  192.04286  21.55178  295.16064  84.37417  12.22
3955010949370000000  191.87094  21.55073  293.55108  84.35032  11.76
3955014350990000000  192.17618  21.61724  296.34465  84.45399  10.16
3955019779820000000  192.04890  21.72999  294.97641  84.55158  12.07
3955025174300000000  191.85338  21.68842  293.15999  84.48365  12.07
3955038162280000000  191.93187  21.88692  293.58792  84.69122  10.53
3955040838050000000  192.36374  21.78378  298.00110  84.63654  11.33
3955048401490000000  192.29980  21.96649  297.18092  84.81322  12.37
3955049982030000000  192.43866  21.91701  298.64118  84.77473  11.75
3955050188190000000  192.44405  21.94154  298.67674  84.79955  12.48
3955065272120000000  192.18370  22.11770  295.79875  84.95197  12.35
3955069154770000000  192.38158  22.16559  297.82847  85.01838  12.37
3955072556380000000  192.21790  22.20572  296.04100  85.04310  11.25
3955074682390000000  192.26198  22.30285  296.38726  85.14420  11.55
3955075575740000000  191.59062  21.73406  290.57632  84.48364  11.60
3955083414060000000  191.56166  21.96602  289.77617  84.70465  12.33
3955085200770000000  191.74118  21.92971  291.62247  84.70295  10.82
3955087640310000000  191.79874  22.02373  292.00586  84.80522  11.45
3955093721980000000  191.45384  21.93940  288.79058  84.65608  12.23
3955096539480000000  191.44823  22.04050  288.47608  84.75306  9.37
3955100215970000000  191.48018  22.10040  288.63536  84.81829  10.35
3955108049990000000  191.47847  22.22791  288.27488  84.94169  11.93
3955109802340000000  191.57536  22.28882  289.10623  85.02208  12.12
3955112173160000000  191.94537  22.12397  293.31018  84.92727  11.69
3955116227610000000  191.79932  22.18521  291.67711  84.96403  12.35
3955117430200000000  191.93307  22.23035  292.98328  85.03036  11.68
3955123163980000000  192.20735  22.36639  295.70369  85.20149  12.21
3955125642180000000  192.00505  22.38005  293.46929  85.18887  11.43
3955130486900000000  191.88576  22.31533  292.31174  85.10656  12.45
3955132789000000000  191.65318  22.30456  289.87688  85.05353  12.08
3955145055430000000  191.91377  22.61414  291.96810  85.40514  12.35
3955149419120000000  192.69075  22.21232  301.10966  85.08168  8.62
3955152683290000000  192.66293  22.23976  300.79803  85.10825  12.46
3955153129970000000  192.66954  22.26462  300.85956  85.13331  12.34
3955155019750000000  192.88593  22.24726  303.21961  85.11895  8.52
3955155878750000000  192.76253  22.26891  301.87290  85.13986  11.34
3955158795030000000  192.92278  22.42236  303.64509  85.29376  11.86
3955160341220000000  192.69608  22.35115  301.11781  85.22060  11.62
3955160753540000000  192.72513  22.37019  301.43446  85.24037  11.40
3955166491610000000  192.60388  22.37505  300.08184  85.24114  10.70
3955192334430000000  193.27080  22.65264  307.78528  85.50888  11.87
3955198759700000000  192.79524  22.55291  302.18829  85.42428  12.37
3955200924360000000  192.91014  22.62358  303.52733  85.49510  12.25
3955204566500000000  192.74779  22.69357  301.59951  85.56417  11.68
3955213671830000000  192.92079  22.87582  303.69373  85.74721  12.08
3955219233810000000  192.42580  22.53245  297.94454  85.38739  10.99
3955244011480000000  192.25308  22.78263  295.59174  85.61977  11.04
3955246897690000000  192.22490  22.77979  295.25916  85.61367  10.80
3955260293700000000  192.82629  22.87216  302.51995  85.74380  11.15
3955293695660000000  189.91591  20.97739  278.71062  83.28830  12.29
3955303007150000000  189.99892  21.12302  278.83609  83.45261  11.80
3955304622060000000  189.71344  20.96878  277.26800  83.20441  12.30
3955306271320000000  189.75674  21.01896  277.40532  83.26679  11.64
3955307267760000000  189.70924  21.03723  276.99664  83.26507  11.28
3955316854120000000  189.95654  21.27253  277.99072  83.57425  11.56
3955318984430000000  189.79059  21.26330  276.77230  83.50213  9.81
3955324512050000000  190.34221  21.21935  281.16519  83.66112  10.76
3955331319570000000  190.42174  21.30850  281.51287  83.77062  10.21
3955332522160000000  190.37134  21.36965  280.90694  83.81122  11.89
3955337092010000000  190.39838  21.41129  280.98711  83.85911  10.17
3955342001150000000  190.14844  21.36750  279.13827  83.73199  11.91
3955352279010000000  190.28119  21.60130  279.36501  83.99531  11.32
3955360662790000000  189.56360  21.24251  275.18006  83.39180  10.07
3955365438790000000  189.51323  21.36154  274.34429  83.47688  10.52
3955373410250000000  189.65462  21.46423  274.97532  83.62804  11.72
3955375712350000000  189.25697  21.28966  272.80470  83.30154  12.00
3955379663720000000  189.25024  21.39508  272.31781  83.39082  11.77
3955395808510000000  189.93510  21.56386  276.72891  83.83139  11.52
3955396087680000000  189.92497  21.58274  276.57485  83.84450  10.47
3955397187190000000  189.78291  21.54424  275.62573  83.75271  12.13
3955405674050000000  189.96945  21.67419  276.56118  83.94485  10.94
3955413439350000000  189.74585  21.71983  274.61014  83.89441  11.59
3955414916820000000  189.62936  21.72646  273.68203  83.85037  12.45
3955415329130000000  189.52838  21.70060  273.02803  83.78323  12.29
3955424571900000000  189.77141  21.90349  274.00678  84.06846  10.78
3955424949860000000  189.85432  21.88952  274.73175  84.09133  11.40
3955428248390000000  190.50662  21.44270  281.77004  83.92392  12.36
3955437422440000000  190.67908  21.62920  282.61489  84.15374  11.55
3955445909300000000  190.33224  21.61546  279.73429  84.02644  11.30
3955446974450000000  190.44705  21.63919  280.60689  84.08801  12.08
3955450925820000000  190.31712  21.73611  279.16197  84.13260  11.31
3955481746510000000  190.73781  21.97811  281.94057  84.50054  12.13
3955483120900000000  190.84410  22.04892  282.66488  84.60051  12.31
3955487209710000000  190.80110  22.10634  282.05806  84.64112  10.45
3955489649250000000  190.93222  22.11434  283.26150  84.68909  12.05
3955493321440000000  190.83496  22.15600  282.19301  84.69850  12.09
3955494700130000000  190.76976  22.21530  281.35477  84.73318  11.15
3955495696560000000  190.89961  22.23714  282.50890  84.79509  10.88
3955501881310000000  190.11290  21.79784  277.22335  84.11308  11.45
3955514315240000000  190.29767  22.10730  277.50299  84.46572  11.34
3955518270910000000  190.16376  22.04666  276.60694  84.35865  10.20
3955520126330000000  189.97552  22.01837  275.14882  84.25700  10.09
3955521569440000000  189.93468  22.08338  274.51530  84.29786  9.69
3955521706880000000  190.03488  22.04078  275.54333  84.30153  10.69
3955528200870000000  190.27461  22.24048  276.71589  84.57774  9.98
3955534901020000000  190.65321  22.12422  280.62235  84.60940  12.45
3955539539590000000  190.51736  22.21497  279.01220  84.64599  11.88
3955542902540000000  190.64023  22.27102  279.91609  84.74132  12.33
3955546789490000000  190.65587  22.36190  279.68553  84.83093  11.86
3955557509730000000  190.41248  22.41613  277.16465  84.79078  12.17
3955579671760000000  189.42834  21.69517  272.30346  83.73359  12.50
3955586195820000000  189.01572  21.62057  269.67432  83.47492  11.25
3955597744980000000  189.19589  21.86226  269.81601  83.76847  12.04
3955605883950000000  189.62198  21.85025  273.07410  83.95622  11.62
3955613477450000000  189.67253  21.94965  273.01362  84.06594  12.48
3955632860640000000  189.55775  22.17751  271.00642  84.21166  12.27
3955633169870000000  189.55151  22.20145  270.83590  84.22931  10.88
3955637396120000000  189.42787  22.26397  269.54096  84.22320  11.60
3955639904380000000  188.80025  21.80560  267.30284  83.52199  11.68
3955642069050000000  188.87657  21.87942  267.46061  83.62277  10.38
3955656019100000000  188.61703  21.90505  265.56407  83.50669  11.29
3955658630440000000  188.73401  21.99452  265.88981  83.64251  12.18
3955658905320000000  188.71657  22.02427  265.61468  83.65736  12.08
3955669041440000000  188.70850  22.12504  265.02157  83.73462  11.94
3955669900430000000  188.71777  22.18413  264.76331  83.78733  11.99
3955673095890000000  188.81096  22.30802  264.72310  83.93822  11.28
3955674019310000000  189.17865  22.08584  268.57554  83.94914  12.11
3955679349360000000  189.01337  22.20242  266.75177  83.96120  10.33
3955681788900000000  189.15410  22.29731  267.27176  84.11303  10.58
3955682269940000000  189.29832  22.20417  268.85760  84.10860  11.24
3955683433880000000  189.28751  22.25522  268.50532  84.14611  12.26
3955686496190000000  189.42155  22.40426  268.73805  84.33858  11.70
3955688489050000000  189.25554  22.39438  267.50320  84.24598  11.88
3955689863440000000  189.35567  22.45786  267.92326  84.35016  12.22
3955692715300000000  188.94991  22.27982  265.87024  83.99091  11.96
3955696013830000000  188.90625  22.32787  265.28833  84.00635  12.31
3955712884470000000  189.93605  22.24639  273.75757  84.44295  10.55
3955713601730000000  189.79134  22.16960  272.92601  84.31176  11.39
3955719275380000000  190.04453  22.32329  274.31194  84.55769  10.20
3955723226750000000  189.85861  22.35037  272.58880  84.50010  11.88
3955723325530000000  189.89764  22.36118  272.86443  84.52704  10.14
3955742262040000000  189.91209  22.58514  271.81620  84.72880  9.79
3955748618590000000  190.11142  22.49085  274.06814  84.73484  10.32
3955749164050000000  190.17029  22.52565  274.42012  84.79084  12.07
3955749374510000000  190.06686  22.49936  273.62883  84.72308  10.44
3955751951490000000  190.14491  22.60844  273.76373  84.85325  11.27
3955754695970000000  190.35387  22.65218  275.47386  84.98036  11.68
3955761297340000000  190.36461  22.81102  274.74679  85.12665  12.46
3955762190690000000  190.04770  22.58038  273.03678  84.78591  11.32
3955770299590000000  190.21605  22.69752  273.94678  84.96271  12.35
3955773804280000000  190.20331  22.83608  273.07059  85.07914  11.40
3955774766360000000  190.11932  22.79191  272.53489  85.00298  12.46
3955776759220000000  190.19794  22.83782  273.01027  85.07828  11.28
3955776926720000000  190.22482  22.86722  273.09889  85.11597  9.94
3955778786440000000  190.17334  22.97167  272.00584  85.18393  8.68
3955784902480000000  189.36665  22.52931  267.60450  84.41524  10.72
3955793251890000000  189.53528  22.63738  268.33633  84.59133  9.85
3955795931950000000  189.60686  22.77385  268.12362  84.74163  12.49
3955796241190000000  189.68819  22.80717  268.61222  84.81058  10.62
3955799157470000000  189.40477  22.63134  267.31519  84.51950  12.24
3955804350090000000  189.27182  22.73961  265.61003  84.53787  12.48
3955811874870000000  189.39890  22.89690  265.64142  84.73396  11.30
3955817402490000000  189.97003  22.86396  270.75446  84.99631  11.58
3955817990910000000  189.93011  22.84310  270.51748  84.95947  11.52
3955830704010000000  189.96577  23.05367  269.55899  85.15594  11.49
3955838228790000000  189.58830  23.04953  266.23219  84.95956  11.05
3955838671170000000  189.63431  23.03767  266.70475  84.97419  12.00
3955839774980000000  189.58362  23.07223  266.04225  84.97556  11.41
3955851835250000000  191.32899  22.14861  286.99848  84.82988  10.74
3955852655590000000  191.30872  22.16544  286.74764  84.84111  11.99
3955854309150000000  191.22362  22.16137  285.91930  84.81556  11.90
3955854476650000000  191.22141  22.18818  285.81360  84.84071  11.68
3955856027140000000  191.25615  22.21532  286.07305  84.87579  11.55
3955863792440000000  191.33237  22.35078  286.41814  85.02546  12.35
3955873752470000000  191.09172  22.39281  283.82918  85.00013  11.68
3955876574260000000  191.28801  22.43041  285.70279  85.09047  10.50
3955883171330000000  191.28195  22.59649  285.06639  85.24776  11.63
3955885640940000000  191.56554  22.40168  288.69654  85.12971  11.27
3955885645230000000  191.56577  22.40134  288.69989  85.12943  11.45
3955887393280000000  191.76004  22.50281  290.52274  85.26823  11.73
3955887496360000000  191.75278  22.51165  290.42081  85.27548  11.40
3955900385560000000  191.76608  22.73160  289.98938  85.49302  10.93
3955905608240000000  191.48099  22.67580  286.95129  85.37546  10.31
3955906329790000000  191.49240  22.71484  286.94856  85.41590  12.37
3955913339180000000  191.71596  22.80342  289.20733  85.55276  12.18
3955916534640000000  191.50020  22.82154  286.67434  85.52062  12.18
3955920004970000000  190.88879  22.38097  281.85658  84.92691  11.18
3955922203990000000  190.97514  22.45796  282.41275  85.02654  12.05
3955928801060000000  191.05595  22.54530  282.89329  85.13380  10.82
3955932408840000000  191.14784  22.68282  283.31492  85.29150  12.49
3955932958590000000  190.97311  22.60893  281.78683  85.16773  11.97
3955933233470000000  190.95840  22.63038  281.54640  85.18308  12.11
3955938696670000000  190.66994  22.59571  278.79524  85.05156  11.11
3955938765390000000  190.66275  22.59726  278.71752  85.05035  11.71
3955946839930000000  190.94728  22.75233  280.90679  85.29335  11.65
3955949176390000000  190.99640  22.83660  281.05229  85.38828  12.40
3955949893650000000  190.94275  22.86305  280.35920  85.39484  11.60
3955953707580000000  190.94083  22.93393  280.00646  85.45992  11.91
3955957835040000000  191.39561  22.82738  285.47138  85.49923  11.24
3955961236660000000  191.14384  22.87428  282.48556  85.47097  12.48
3955963538760000000  191.25717  22.96543  283.36312  85.59151  10.69
3955973400000000000  191.09033  22.92358  281.68206  85.50032  10.84
3955994462520000000  191.87299  22.76234  291.14252  85.54348  10.84
3955998654410000000  191.91449  22.94869  291.15221  85.73371  12.29
3956009443370000000  191.80420  22.93713  289.85400  85.70127  10.93
3956131901480000000  190.49777  22.72391  276.49261  85.10293  12.24
3956132588670000000  190.57475  22.78099  276.96393  85.18482  12.32
3956133958760000000  190.67967  22.85011  277.67480  85.28799  11.64
3956136540040000000  190.44592  22.84070  275.38023  85.18697  12.07
3956145782810000000  190.65479  23.01752  276.54689  85.43021  11.53
3956150455730000000  190.36194  22.96306  273.88118  85.26030  11.84
3956151864480000000  190.44872  22.99507  274.56227  85.32575  12.19
3956153135790000000  190.24536  22.95119  272.81497  85.19865  10.95
3956154578900000000  190.30588  23.02044  272.99900  85.28620  12.12
3956155678410000000  190.43340  23.06688  273.99690  85.38284  11.03
3956202029700000000  190.23010  23.07504  271.93220  85.29959  11.82
3956202064060000000  190.20500  23.08015  271.65717  85.29247  12.45
3956414510320000000  194.16042  22.12936  316.51766  84.86327  10.30
3956416846790000000  194.00534  22.15144  314.99506  84.91548  12.36
3956421377980000000  194.22037  22.22244  317.36903  84.94088  10.80
3956428322940000000  194.27705  22.41234  318.50035  85.11174  10.11
3956431518390000000  193.88101  22.27974  313.98481  85.06355  10.51
3956433442540000000  193.90997  22.34213  314.42953  85.11979  12.49
3956434061010000000  193.94073  22.38240  314.85139  85.15373  9.48
3956434232810000000  193.97993  22.41831  315.35918  85.18154  12.49
3956437870650000000  193.83224  22.42170  313.76763  85.21137  10.83
3956438940100000000  194.03789  22.38393  315.89356  85.13660  12.09
3956445296650000000  194.07198  22.52441  316.63368  85.26658  12.47
3956451996800000000  194.34618  22.46027  319.37517  85.14099  10.64
3956453813570000000  194.31105  22.55292  319.30346  85.23898  11.58
3956472951940000000  194.20584  22.75704  318.82425  85.46165  11.03
3956486116020000000  193.78494  22.50892  313.43546  85.30499  12.27
3956489345830000000  193.70474  22.53549  312.59462  85.34367  11.50
3956493675160000000  193.98627  22.61332  315.93067  85.37087  11.82
3956509377560000000  193.68095  22.70409  312.66637  85.51360  10.40
3956518757770000000  194.08725  22.75529  317.47775  85.48766  10.45
3956553083150000000  194.74689  22.69231  324.43778  85.24548  11.87
3958664935750000000  188.46431  22.10753  263.47854  83.58478  12.38
3958667409650000000  188.48837  22.17147  263.28529  83.64899  10.00
3958668333070000000  188.51991  22.23174  263.15832  83.71449  11.69
3958675484190000000  188.71159  22.31630  263.98257  83.88969  12.43
3958685139270000000  188.33504  22.35240  261.25218  83.70108  11.83
3958691633260000000  188.38246  22.40025  261.28048  83.76591  12.18
3958710702920000000  189.07307  22.65018  264.62854  84.35732  10.62
3958714688650000000  188.98459  22.68821  263.73452  84.33834  11.83
3958841922760000000  189.46333  23.10342  264.81630  84.93559  11.09
3925024518500000000  179.86948  15.53612  254.14840  73.26755  10.35
3925117118000000000  180.15356  15.65528  254.55007  73.54308  12.26
3925129178270000000  180.27711  15.83109  254.42290  73.75229  12.48
3925181611230000000  179.55783  15.44798  253.61864  72.99491  11.24
3925184875400000000  179.49629  15.49604  253.35889  72.98755  11.99
3925190372960000000  179.19006  15.45877  252.73883  72.75274  10.81
3925192743780000000  179.11304  15.41377  252.67027  72.66834  11.83
3925196626430000000  179.31502  15.50345  252.91930  72.86959  12.27
3925198550580000000  179.33209  15.55869  252.82576  72.92024  11.33
3925203601460000000  179.29355  15.68949  252.41945  72.98580  11.65
3925205903560000000  179.65030  15.55073  253.58986  73.13066  12.46
3925207346670000000  179.68237  15.56769  253.62492  73.16441  12.06
3925209889290000000  179.56908  15.58658  253.31141  73.10122  12.14
3925212221460000000  179.67093  15.69233  253.29476  73.24538  11.62
3925221017550000000  179.84392  15.83708  253.35142  73.46539  11.79
3925224560900000000  179.59306  15.72707  253.02573  73.21708  12.12
3925242634120000000  178.98677  15.56845  252.01321  72.68989  12.05
3925253079480000000  179.07962  15.72757  251.83723  72.86482  12.22
3925270328070000000  178.89012  15.85129  251.10711  72.81832  11.41
3925288573090000000  179.37923  16.02372  251.79121  73.27782  10.70
3925291150070000000  179.47206  16.10639  251.79883  73.39942  12.32
3925291528030000000  179.44968  16.15719  251.61823  73.41903  11.77
3925296540260000000  179.04228  15.99792  251.08555  73.02537  12.09
3925308398660000000  179.25819  16.25268  250.93386  73.35095  11.25
3925312968510000000  180.01947  15.87386  253.68425  73.61022  11.22
3925332484840000000  179.68710  16.01233  252.54075  73.48212  11.94
3925363786560000000  180.17104  16.27514  253.04024  73.99749  12.24
3925373544730000000  180.42894  16.47464  253.16159  74.31360  12.09
3925375090910000000  180.41364  16.53650  252.96076  74.34677  12.49
3925376701530000000  180.18828  16.48499  252.53790  74.15659  12.20
3925378801770000000  180.32584  16.57441  252.64214  74.31339  11.63
3925382473960000000  179.76984  16.16441  252.35322  73.64531  11.66
3925384368040000000  179.54655  16.13821  251.89236  73.47306  11.37
3925386189110000000  179.55417  16.23754  251.65759  73.54709  9.65
3925395672400000000  179.85716  16.39532  251.96890  73.86619  11.31
3925417731350000000  180.15482  16.47672  252.47750  74.12786  12.32
3925423293330000000  180.00226  16.60687  251.76405  74.11301  12.40
3925433566890000000  179.79797  16.54983  251.42447  73.93176  11.48
3925436457410000000  179.93901  16.68657  251.40036  74.12390  11.22
3925437007160000000  179.76884  16.61196  251.19175  73.95403  12.19
3925437591280000000  179.79070  16.65448  251.13123  73.99838  12.17
3925437625640000000  179.79955  16.65804  251.14280  74.00701  12.24
3925445700180000000  179.89136  16.74294  251.13589  74.12923  10.95
3925449788980000000  179.99248  16.91588  250.91304  74.31792  12.14
3925803075810000000  180.31715  16.71326  252.25157  74.40427  12.50
3925803861790000000  180.32607  16.76062  252.14673  74.44330  11.84
3925804106610000000  180.44888  16.73585  252.51902  74.51053  12.23
3925807095900000000  180.28598  16.80120  251.93849  74.44373  11.18
3925816269950000000  180.39536  16.95694  251.78688  74.62696  12.19
3925816957150000000  180.45476  17.00329  251.80795  74.70007  11.76
3925819912090000000  180.19550  16.85888  251.56034  74.42074  11.93
3925823141900000000  180.20117  16.96457  251.28702  74.49715  12.10
3925827402510000000  180.15190  17.03818  250.96523  74.51288  11.70
3925828124060000000  180.17664  17.08093  250.90788  74.55928  12.00
3926048988460000000  178.97321  16.09546  250.68601  73.04354  11.74
3926058059430000000  179.06699  16.22801  250.56224  73.19971  10.92
3926058918430000000  179.11656  16.29494  250.50376  73.28008  11.23
3926077953720000000  178.98793  16.47866  249.74210  73.31266  12.17
3926081286620000000  178.96143  16.52009  249.57560  73.32144  9.34
3926131894210000000  178.71352  16.60361  248.81157  73.19890  12.44
3926131932870000000  178.69035  16.60255  248.76378  73.18150  11.68
3926134784730000000  178.80257  16.72225  248.69603  73.34119  10.54
3926146256590000000  178.57669  16.73712  248.16574  73.18726  11.87
3926152411270000000  178.60652  16.87851  247.85690  73.30074  11.77
3926162032000000000  179.28923  16.59114  250.12999  73.60229  12.12
3926162409960000000  179.30920  16.62632  250.08332  73.64012  11.97
3926172030690000000  179.20135  16.57195  249.98012  73.52704  12.27
3926174779460000000  179.20395  16.64339  249.79877  73.57676  10.91
3926174985620000000  179.13809  16.65950  249.60750  73.54057  12.48
3926179177510000000  179.10471  16.72482  249.36016  73.56017  10.33
3926185293540000000  179.28236  16.80997  249.53594  73.74385  10.93
3926192680890000000  179.67728  16.81602  250.43287  74.02842  12.08
3926192715250000000  179.68636  16.83121  250.41346  74.04508  11.83
3926204363200000000  179.81372  16.97037  250.33809  74.22891  11.42
3926214224440000000  179.44920  17.01651  249.36170  74.00036  10.81
3926214739840000000  179.48094  17.04480  249.35777  74.04184  11.87
3926216595270000000  179.61317  17.03821  249.68207  74.13195  12.39
3926232980570000000  179.12151  16.83755  249.09870  73.64689  11.16
3926242743030000000  178.80675  16.90822  248.21251  73.46580  11.13
3926248481100000000  178.77768  17.00360  247.89367  73.50652  12.07
3926248618540000000  178.73540  17.00370  247.80146  73.47572  12.08
3926253703780000000  179.06131  17.13260  248.16874  73.79662  9.82
3926263771190000000  179.20963  17.05809  248.70343  73.85548  9.35
3926269371820000000  179.44324  17.18957  248.87455  74.11024  12.39
3926272154960000000  179.57680  17.31838  248.82482  74.29101  11.53
3926277446360000000  179.17484  17.17295  248.31189  73.90530  10.90
3926282565960000000  178.99519  17.26593  247.65720  73.83455  12.43
3926288991230000000  179.35338  17.41305  248.04912  74.19077  9.07
3926331906550000000  178.32237  16.73923  247.61751  73.00312  12.31
3926346853030000000  178.44388  17.07564  246.98315  73.30792  10.43
3926452264420000000  178.78174  17.35907  246.93444  73.73721  11.48
3926456288800000000  178.47319  17.27480  246.50618  73.45571  12.29
3926464462120000000  178.75365  17.41316  246.72425  73.75070  11.57
3926476591110000000  178.89001  17.46378  246.87881  73.88349  12.06
3926579915140000000  180.11589  17.14002  250.59694  74.55660  12.22
3926582011080000000  179.92549  17.12649  250.17630  74.41297  12.32
3926584789930000000  180.16743  17.12946  250.75140  74.58574  11.43
3926589673310000000  180.13123  17.24324  250.34705  74.63700  10.42
3926599431470000000  179.69756  17.27971  249.21321  74.35243  11.67
3926600290460000000  179.85291  17.31258  249.48662  74.48542  10.67
3926601527410000000  179.76852  17.35202  249.17726  74.45105  9.87
3926601527414968704  179.76852  17.35202  249.17726  74.45105  9.87
3926646779190000000  179.63635  17.33103  248.92748  74.34222  11.59
3966526272090000000  173.21364  15.46563  241.51809  68.34513  12.19
3966526512610000000  173.16098  15.49226  241.37925  68.31951  12.15
3967293005350000000  172.61298  15.70259  240.09934  68.00930  11.41
3967295208670000000  172.79109  15.69853  240.37019  68.14784  12.43
3967301805740000000  172.79477  15.85788  240.02295  68.24148  9.90
3967312319820000000  172.63016  15.81605  239.87449  68.08727  12.31
3967314170950000000  172.69043  15.88089  239.81886  68.17176  11.70
3967315992020000000  172.57001  15.87644  239.65345  68.07359  11.51
3967318779450000000  172.58673  15.97158  239.46658  68.14033  12.39
3967319294850000000  172.61737  15.98690  239.47685  68.17331  11.96
3967365199460000000  172.45566  15.97513  239.26982  68.03786  12.33
3967368394920000000  172.40683  15.99918  239.14651  68.01231  10.43
3967368669790000000  172.38278  16.02621  239.05219  68.00813  12.36
3967385093750000000  172.38141  16.22388  238.60931  68.11628  12.35
3972273385010000000  174.02025  15.19465  243.38317  68.80836  11.58
3972274725040000000  174.12640  15.25142  243.43038  68.92423  9.74
3972278985640000000  174.06993  15.32756  243.17012  68.92695  10.56
3972301521340000000  174.25224  15.40274  243.29943  69.11245  11.74
3972305373920000000  174.25673  15.47786  243.13858  69.16125  10.28
3972465181070000000  173.85417  15.27421  242.94080  68.72871  12.25
3972471056580000000  173.71397  15.42179  242.39214  68.70864  12.09
3972477962890000000  173.61491  15.43543  242.20606  68.63990  10.97
3972479680880000000  173.38652  15.41735  241.89011  68.45163  9.99
3972490328100000000  173.72141  15.65771  241.87823  68.85395  11.60
3972490637340000000  173.63887  15.64295  241.78204  68.78097  12.23
3972494966660000000  174.08461  15.55283  242.69118  69.07354  11.90
3972495520710000000  174.13184  15.59612  242.66999  69.13588  12.24
3972496237970000000  173.92136  15.51353  242.51740  68.92385  11.83
3972498681810000000  174.06941  15.60757  242.54364  69.09444  10.43
3972500189340000000  174.02637  15.67919  242.31313  69.10364  11.49
3972500983910000000  174.24483  15.62478  242.78828  69.24027  12.26
3972502839340000000  174.27348  15.68174  242.70583  69.29642  10.41
3972503011140000000  174.27678  15.69927  242.67138  69.30943  11.59
3972526577620000000  174.02271  15.99841  241.58019  69.28842  11.78
3972544547770000000  173.15970  15.60971  241.11836  68.38685  11.95
3972549809100000000  173.00993  15.68445  240.72714  68.31235  12.42
3972560353250000000  173.36790  15.93255  240.71337  68.73680  10.73
3972565442780000000  173.73174  15.87525  241.40380  68.98925  12.47
3972571009060000000  173.82886  15.90823  241.48080  69.08441  9.47
3972572280370000000  173.79315  15.96466  241.29626  69.08927  12.32
3972572761410000000  173.84973  15.99188  241.32259  69.14937  11.33
3972574445030000000  173.90213  16.03974  241.29506  69.21815  11.98
3972575613260000000  173.76079  16.01056  241.14092  69.09049  9.45
3972583722160000000  173.55832  16.07541  240.67985  68.96867  11.69
3972585233990000000  173.38802  16.03923  240.50234  68.81373  10.86
3972586367860000000  173.47864  16.05583  240.60257  68.89468  12.03
3972593647830000000  173.62421  16.18663  240.52599  69.08418  11.66
3972614469830000000  174.52301  16.13778  242.06131  69.75984  10.21
3972615264400000000  174.26183  15.92896  242.12210  69.43400  8.82
3972616943730000000  174.28230  15.96914  242.06259  69.47357  10.47
3972620315280000000  174.09499  16.01191  241.66390  69.35273  11.52
3972623472080000000  174.37764  16.03719  242.05932  69.58771  12.42
3972629077020000000  174.23676  16.17048  241.52279  69.55582  11.98
3972671064620000000  174.04788  16.17833  241.20453  69.41255  12.17
3972672091110000000  173.95573  16.15115  241.12245  69.32460  12.26
3972673809100000000  173.92517  16.22557  240.90215  69.34345  11.83
3973308918800000000  172.93115  15.97033  239.97318  68.41326  11.95
3973310946030000000  173.07893  15.94011  240.26060  68.51311  12.25
3973313041970000000  173.21892  16.01939  240.29178  68.66889  12.42
3973315477220000000  173.00525  16.03433  239.93911  68.50820  11.67
3973316306150000000  173.16840  16.04864  240.14985  68.64555  11.79
3973321387090000000  172.90440  16.01238  239.83938  68.41581  12.47
3973325235380000000  172.77328  16.05559  239.55008  68.33592  11.67
3973325544620000000  172.84625  16.08124  239.59919  68.40835  9.49
3973337987140000000  173.29509  16.15320  240.10254  68.80509  12.13
3973342900580000000  173.29236  16.21973  239.94649  68.84052  11.23
3973345610710000000  173.52321  16.25405  240.21647  69.04274  10.95
3973353960120000000  173.14359  16.22173  239.71978  68.72357  11.96
3973372793560000000  172.62349  16.11528  239.19881  68.24990  12.35
3973380593220000000  172.84268  16.24356  239.22741  68.49619  12.22
3973390175290000000  172.37018  16.25996  238.51248  68.12708  11.83
3973391176020000000  172.54704  16.30014  238.67319  68.29103  12.04
3973394298460000000  172.28996  16.31608  238.27352  68.09332  11.62
