# Star   JD           PD[%]   sPD  EPVA[deg] sEVPA     q       sq        u       su
Mark_0          2460507.29208     1.79   0.25   66.92    4.08 -0.01238  0.00254  0.01289  0.00248
Mark_0          2460507.29241     1.84   0.26   66.74    4.07 -0.01268  0.00262  0.01337  0.00255
Mark_0          2460507.29273     1.87   0.26   69.67    4.02 -0.01415  0.00261  0.01215  0.00254
Mark_0          2460507.29306     2.18   0.24   64.58    3.17 -0.01374  0.00244  0.01687  0.00236
Mark_0          2460507.29338     1.75   0.24   60.17    3.92 -0.00883  0.00242  0.01508  0.00234
Mark_0          2460507.29370     2.14   0.24   63.74    3.19 -0.01304  0.00241  0.01701  0.00234
Mark_0          2460507.29403     1.38   0.23   57.14    4.93 -0.00568  0.00240  0.01260  0.00232
Mark_0          2460507.29435     1.76   0.24   64.93    3.93 -0.01130  0.00242  0.01353  0.00236
Mark_0          2460507.29471     2.17   0.24   68.14    3.20 -0.01571  0.00245  0.01503  0.00238
Mark_0          2460507.29503     1.60   0.24   67.39    4.36 -0.01129  0.00245  0.01138  0.00235
Mark_1          2460508.28108     1.12   0.17   65.97    4.47 -0.00748  0.00173  0.00833  0.00171
Mark_1          2460508.28139     1.19   0.17   66.74    4.22 -0.00822  0.00175  0.00867  0.00172
Mark_1          2460508.28170     1.03   0.17   61.62    4.85 -0.00565  0.00173  0.00861  0.00170
Mark_1          2460508.28201     1.21   0.17   67.97    4.20 -0.00867  0.00176  0.00838  0.00172
Mark_1          2460508.28233     0.92   0.17   65.25    5.43 -0.00600  0.00172  0.00702  0.00170
Mark_1          2460508.28264     1.08   0.17   65.45    4.57 -0.00709  0.00172  0.00819  0.00168
Mark_1          2460508.28295     0.84   0.17   72.24    5.90 -0.00687  0.00170  0.00490  0.00167
Mark_1          2460508.28326     1.16   0.17   67.37    4.24 -0.00813  0.00170  0.00821  0.00167
Mark_1          2460508.28358     1.36   0.17   65.63    3.57 -0.00900  0.00170  0.01026  0.00167
Mark_2          2460643.64972     1.14   0.20   87.87    5.11 -0.01141  0.00200  0.00085  0.00198
Mark_2          2460643.65012     0.99   0.20   83.23    5.86 -0.00966  0.00198  0.00233  0.00195
Mark_2          2460643.65050     1.00   0.20   75.78    5.82 -0.00881  0.00199  0.00477  0.00195
Mark_2          2460643.65089     0.90   0.20  -82.75    6.55 -0.00874  0.00200 -0.00226  0.00197
Mark_2          2460643.65127     1.22   0.20   87.44    4.80 -0.01210  0.00200  0.00108  0.00197
Mark_2          2460643.65167     0.97   0.20   74.49    6.11 -0.00828  0.00201  0.00498  0.00197
Mark_3          2460426.43605     0.20   0.23   -4.20   61.44  0.00196  0.00229 -0.00029  0.00221
Mark_3          2460426.43630     0.51   0.24   43.61   15.31  0.00025  0.00243  0.00513  0.00235
Mark_3          2460426.43654     0.59   0.23   87.51   12.82 -0.00586  0.00234  0.00051  0.00224
Mark_3          2460426.43678     0.80   0.24   78.57    8.97 -0.00739  0.00237  0.00311  0.00229
Mark_3          2460426.43703     0.64   0.24   75.92   11.67 -0.00569  0.00239  0.00304  0.00233
Mark_3          2460426.43727     0.93   0.23   54.98    7.29 -0.00317  0.00233  0.00874  0.00226
Mark_3          2460426.43751     0.48   0.22   35.35   15.69  0.00159  0.00228  0.00453  0.00223
Mark_3          2460426.43775     0.41   0.23  -71.16   19.63 -0.00325  0.00228 -0.00251  0.00221
Mark_4          2460426.43885     1.17   0.33   71.34    8.56 -0.00932  0.00335  0.00710  0.00322
Mark_4          2460426.43918     0.33   0.30  -59.12   61.44 -0.00156  0.00305 -0.00290  0.00301
Mark_4          2460426.43950     0.69   0.27   85.52   12.67 -0.00686  0.00274  0.00108  0.00267
Mark_4          2460426.43983     0.86   0.29   53.47   10.63 -0.00250  0.00300  0.00822  0.00292
Mark_4          2460426.44015     7.06   0.33   46.69    1.33 -0.00416  0.00336  0.07048  0.00329
Mark_4          2460426.44047     0.81   0.29  -83.85   11.29 -0.00791  0.00291 -0.00172  0.00284
Mark_4          2460426.44080     1.32   0.29   88.14    6.61 -0.01315  0.00294  0.00086  0.00281
Mark_4          2460426.44112     0.51   0.29   64.76   20.86 -0.00326  0.00299  0.00395  0.00287
Mark_5          2460426.43302     0.35   0.33   -4.25   61.44  0.00343  0.00331 -0.00051  0.00328
Mark_5          2460426.43332     0.23   0.33    9.45   61.44  0.00218  0.00332  0.00075  0.00308
Mark_5          2460426.43362     0.52   0.30  -78.02   20.59 -0.00478  0.00300 -0.00212  0.00279
Mark_5          2460426.43392     0.40   0.27   21.12   27.24  0.00295  0.00281  0.00268  0.00261
Mark_5          2460426.43422     0.32   0.28   41.06   61.44  0.00044  0.00299  0.00317  0.00278
Mark_5          2460426.43453     0.63   0.29   54.32   15.58 -0.00201  0.00310  0.00595  0.00288
Mark_5          2460426.43483     0.94   0.38  -16.00   12.96  0.00794  0.00378 -0.00496  0.00371
Mark_5          2460426.43513     0.76   0.36   21.10   15.82  0.00564  0.00376  0.00511  0.00335
Mark_7          2460461.37635     0.73   0.12   45.63    4.79 -0.00016  0.00123  0.00730  0.00120
Mark_7          2460461.37660     0.62   0.12   39.45    5.72  0.00119  0.00122  0.00605  0.00120
Mark_7          2460461.37682     0.63   0.12   47.17    5.64 -0.00047  0.00122  0.00624  0.00120
Mark_7          2460461.37705     0.39   0.12   69.49    9.78 -0.00291  0.00124  0.00253  0.00120
Mark_7          2460461.37729     0.37   0.12   48.32   10.13 -0.00042  0.00123  0.00364  0.00120
Mark_7          2460461.37752     0.54   0.12   44.33    6.63  0.00013  0.00123  0.00537  0.00120
Mark_7          2460461.37775     0.49   0.12   46.35    7.33 -0.00023  0.00123  0.00493  0.00121
Mark_7          2460461.37799     0.29   0.12   28.93   13.69  0.00155  0.00124  0.00246  0.00121
Mark_8          2460426.41698     0.55   0.26    5.03   15.78  0.00544  0.00259  0.00097  0.00250
Mark_8          2460426.41730     0.61   0.26   19.73   14.07  0.00470  0.00264  0.00387  0.00256
Mark_8          2460426.41763     0.13   0.27  -16.81   61.44  0.00112  0.00268 -0.00074  0.00258
Mark_8          2460426.41804     0.54   0.27  -59.25   16.93 -0.00258  0.00273 -0.00475  0.00265
Mark_8          2460426.41852     5.21   0.29  -45.67    1.60 -0.00122  0.00292 -0.05209  0.00290
Mark_8          2460426.41884     0.82   0.27   21.95   10.32  0.00588  0.00277  0.00566  0.00266
Mark_8          2460426.41917     0.47   0.27  -44.02   20.58  0.00016  0.00280 -0.00473  0.00268
Mark_8          2460426.41963     0.29   0.28    3.01   61.44  0.00284  0.00279  0.00030  0.00266
Mark_9          2460426.42082     0.29   0.27   13.73   61.44  0.00259  0.00273  0.00135  0.00264
Mark_9          2460426.42111     0.46   0.26   75.56   20.17 -0.00406  0.00261  0.00224  0.00250
Mark_9          2460426.42140     0.64   0.25  -37.28   12.81  0.00170  0.00262 -0.00615  0.00253
Mark_9          2460426.42169     0.43   0.26   -2.93   22.53  0.00431  0.00261 -0.00044  0.00249
Mark_9          2460426.42222     0.11   0.25  -16.88   61.44  0.00092  0.00255 -0.00062  0.00245
Mark_9          2460426.42251     0.37   0.24  -39.64   24.56  0.00069  0.00247 -0.00366  0.00237
Mark_9          2460426.42307     0.07   0.27   49.28   61.44 -0.00011  0.00281  0.00071  0.00273
Mark_9          2460426.42336     0.12   0.26  -42.00   61.44  0.00012  0.00270 -0.00115  0.00260
Mark_10         2460459.30337     1.68   0.22   63.30    3.81 -0.01001  0.00226  0.01348  0.00218
Mark_10         2460459.30362     1.12   0.22   65.56    5.78 -0.00733  0.00224  0.00840  0.00215
Mark_10         2460459.30388     1.63   0.22   55.79    3.90 -0.00601  0.00226  0.01520  0.00219
Mark_10         2460459.30413     1.33   0.22   69.59    4.83 -0.01006  0.00223  0.00869  0.00216
Mark_10         2460459.30439     1.20   0.22   71.65    5.42 -0.00960  0.00223  0.00715  0.00217
Mark_10         2460459.30464     1.52   0.22   56.00    4.14 -0.00571  0.00225  0.01414  0.00216
Mark_11         2460438.33046     0.03   0.24  -12.01   61.44  0.00026  0.00243 -0.00011  0.00237
Mark_11         2460438.33098     0.12   0.25   61.45   61.44 -0.00067  0.00252  0.00104  0.00244
Mark_11         2460438.33135     0.15   0.25   16.45   61.44  0.00124  0.00256  0.00080  0.00248
Mark_11         2460438.33174     0.65   0.27  -26.53   13.44  0.00392  0.00273 -0.00521  0.00267
Mark_11         2460438.33211     0.46   0.26   -8.66   20.53  0.00437  0.00259 -0.00136  0.00252
Mark_11         2460438.33249     0.36   0.28  -53.76   61.44 -0.00110  0.00292 -0.00348  0.00284
Mark_11         2460438.33275     0.54   0.26    8.15   16.63  0.00518  0.00263  0.00151  0.00256
Mark_11         2460438.33296     0.12   0.26  -17.95   61.44  0.00101  0.00260 -0.00073  0.00253
Mark_11         2460438.33317     0.24   0.25   35.80   61.44  0.00076  0.00254  0.00229  0.00250
Mark_11         2460438.33338     0.56   0.25   40.57   14.64  0.00086  0.00255  0.00553  0.00247
Mark_11         2460438.33359     0.52   0.32   33.73   23.91  0.00198  0.00330  0.00477  0.00322
Mark_11         2460438.33406     0.79   0.37  -36.57   16.04  0.00228  0.00379 -0.00753  0.00372
Mark_12         2460426.35190     1.76   0.29  -88.83    4.88 -0.01757  0.00294 -0.00072  0.00283
Mark_12         2460426.35215     1.63   0.31   84.45    5.64 -0.01598  0.00313  0.00314  0.00303
Mark_12         2460426.35241     0.79   0.28   23.25   11.07  0.00545  0.00286  0.00574  0.00274
Mark_12         2460426.35266     0.76   0.27   14.79   11.42  0.00659  0.00277  0.00374  0.00267
Mark_12         2460426.35292     0.94   0.27   14.14    8.62  0.00827  0.00269  0.00445  0.00261
Mark_12         2460426.35317     0.99   0.27   -4.93    8.20  0.00971  0.00268 -0.00169  0.00261
Mark_12         2460426.35343     2.57   0.29   -3.63    3.29  0.02554  0.00293 -0.00325  0.00281
Mark_13         2460432.30282     0.85   0.47  -11.96   19.66  0.00781  0.00470 -0.00346  0.00460
Mark_13         2460432.30311     1.00   0.73  -12.75   61.44  0.00898  0.00727 -0.00429  0.00724
Mark_13         2460432.30340     2.00   0.53   16.95    7.89  0.01663  0.00526  0.01117  0.00525
Mark_13         2460432.30369     1.96   0.64   25.68   10.06  0.01226  0.00642  0.01533  0.00637
Mark_13         2460432.30398     0.30   0.60  -78.77   61.44 -0.00275  0.00599 -0.00114  0.00589
Mark_13         2460432.30427     1.38   0.46   19.86   10.39  0.01064  0.00466  0.00883  0.00458
Mark_13         2460432.30456     0.89   0.48   10.85   18.82  0.00831  0.00477  0.00330  0.00467
Mark_13         2460432.30485     0.82   0.50   -7.75   22.76  0.00788  0.00496 -0.00219  0.00491
Mark_13         2460432.30514     0.90   0.35   12.79   12.36  0.00809  0.00348  0.00388  0.00342
Mark_13         2460432.30543     0.34   0.40  -47.40   61.44 -0.00029  0.00406 -0.00341  0.00398
Mark_14         2460459.34591     0.14   0.21   35.22   61.44  0.00048  0.00218  0.00135  0.00212
Mark_14         2460459.34617     0.33   0.21   15.26   25.72  0.00282  0.00216  0.00166  0.00211
Mark_14         2460459.34644     0.79   0.21   30.60    8.20  0.00380  0.00220  0.00692  0.00213
Mark_14         2460459.34669     2.18   0.22    8.62    2.92  0.02078  0.00221  0.00645  0.00213
Mark_14         2460459.34694     0.38   0.21   52.99   19.82 -0.00106  0.00218  0.00369  0.00211
Mark_14         2460459.34720     0.67   0.21   39.82    9.83  0.00121  0.00218  0.00661  0.00214
Mark_14         2460459.34745     0.57   0.21   51.34   11.98 -0.00124  0.00217  0.00552  0.00213
Mark_14         2460459.34771     0.86   0.21   33.61    7.48  0.00332  0.00218  0.00791  0.00214
Mark_14         2460459.34803     0.43   0.21   50.67   16.94 -0.00085  0.00219  0.00422  0.00212
Mark_14         2460459.34829     0.17   0.22   22.81   61.44  0.00119  0.00219  0.00122  0.00213
Mark_15         2460426.44214     0.76   0.20   55.51    7.88 -0.00271  0.00203  0.00705  0.00197
Mark_15         2460426.44236     0.88   0.21   74.65    7.11 -0.00755  0.00211  0.00448  0.00204
Mark_15         2460426.44293     0.64   0.21   87.79    9.92 -0.00639  0.00206  0.00049  0.00201
Mark_15         2460426.44315     1.06   0.21   79.33    5.71 -0.00989  0.00207  0.00386  0.00202
Mark_15         2460426.44337     0.79   0.22   11.99    8.56  0.00719  0.00224  0.00320  0.00214
Mark_15         2460426.44359     1.16   0.23  -78.59    5.78 -0.01066  0.00228 -0.00449  0.00224
Mark_15         2460426.44381     1.08   0.22   88.76    6.12 -0.01084  0.00225  0.00047  0.00217
Mark_15         2460426.44411     0.85   0.21   88.33    7.52 -0.00850  0.00214  0.00050  0.00207
Mark_16         2460426.42442     0.21   0.36  -34.11   61.44  0.00078  0.00384 -0.00196  0.00361
Mark_16         2460426.42488     3.60   0.37    1.80    2.99  0.03594  0.00374  0.00226  0.00331
Mark_16         2460426.42520     1.00   0.36   13.81   11.21  0.00885  0.00364  0.00463  0.00331
Mark_16         2460426.42551     0.50   0.32   12.22   24.45  0.00454  0.00321  0.00206  0.00297
Mark_16         2460426.42600     0.30   0.26   25.61   61.44  0.00190  0.00269  0.00237  0.00248
Mark_16         2460426.42646     0.65   0.25   -3.86   12.56  0.00643  0.00254 -0.00087  0.00242
Mark_16         2460426.42677     0.44   0.24  -13.50   19.46  0.00393  0.00242 -0.00200  0.00231
Mark_16         2460426.42730     1.20   0.26   11.26    6.42  0.01113  0.00264  0.00461  0.00249
Mark_17         2460459.37992     0.15   0.14   85.84   61.44 -0.00152  0.00145  0.00022  0.00141
Mark_17         2460459.38014     0.04   0.14  -69.04   61.44 -0.00030  0.00145 -0.00027  0.00141
Mark_17         2460459.38036     0.35   0.14   56.63   12.83 -0.00140  0.00144  0.00325  0.00140
Mark_17         2460459.38058     1.21   0.14    2.22    3.41  0.01209  0.00143  0.00094  0.00142
Mark_17         2460459.38080     0.44   0.14   77.91   10.14 -0.00402  0.00145  0.00181  0.00141
Mark_17         2460459.38102     0.74   0.14   61.58    5.69 -0.00402  0.00145  0.00615  0.00141
Mark_17         2460459.38124     0.26   0.14  -75.04   19.52 -0.00229  0.00145 -0.00131  0.00141
Mark_17         2460459.38146     0.21   0.14   77.47   26.44 -0.00195  0.00144  0.00091  0.00141
Mark_17         2460459.38168     0.28   0.14   61.36   17.53 -0.00151  0.00143  0.00235  0.00140
Mark_18         2460426.42836     0.49   0.14   30.84    8.53  0.00230  0.00139  0.00427  0.00136
Mark_18         2460426.42854     0.31   0.14   38.06   14.35  0.00075  0.00138  0.00301  0.00135
Mark_18         2460426.42874     0.55   0.14   41.55    7.39  0.00067  0.00139  0.00550  0.00137
Mark_18         2460426.42892     0.45   0.14   48.54    9.28 -0.00056  0.00140  0.00448  0.00137
Mark_18         2460426.42911     0.12   0.14   52.57   61.44 -0.00032  0.00140  0.00117  0.00138
Mark_18         2460426.42929     0.25   0.14   49.00   19.50 -0.00035  0.00139  0.00249  0.00137
Mark_18         2460426.42948     0.31   0.14   63.35   14.45 -0.00188  0.00140  0.00252  0.00136
Mark_18         2460426.42966     0.57   0.14   70.51    7.42 -0.00441  0.00142  0.00357  0.00139
Mark_19         2460426.43072     0.13   0.14  -79.56   61.44 -0.00124  0.00138 -0.00047  0.00136
Mark_19         2460426.43091     0.45   0.14   51.83    9.07 -0.00107  0.00138  0.00442  0.00135
Mark_19         2460426.43111     0.18   0.14   75.00   61.44 -0.00157  0.00140  0.00090  0.00137
Mark_19         2460426.43131     0.50   0.14   72.57    8.33 -0.00414  0.00140  0.00289  0.00137
Mark_19         2460426.43150     0.49   0.14   41.82    8.47  0.00054  0.00140  0.00487  0.00137
Mark_19         2460426.43170     0.36   0.14   34.04   12.28  0.00134  0.00141  0.00334  0.00138
Mark_19         2460426.43190     0.40   0.14   38.93   10.51  0.00085  0.00138  0.00394  0.00136
Mark_19         2460426.43209     0.53   0.14   49.94    7.72 -0.00090  0.00138  0.00517  0.00135
Mark_20         2460459.38328     0.32   0.17   37.68   18.02  0.00081  0.00170  0.00310  0.00165
Mark_20         2460459.38351     0.14   0.17  -17.60   61.44  0.00117  0.00170 -0.00082  0.00166
Mark_20         2460459.38374     0.23   0.16   42.51   61.44  0.00020  0.00169  0.00230  0.00164
Mark_20         2460459.38397     0.28   0.17   59.54   22.75 -0.00134  0.00170  0.00241  0.00166
Mark_20         2460459.38420     0.25   0.17   24.39   27.03  0.00162  0.00169  0.00185  0.00165
Mark_20         2460459.38443     0.35   0.17   64.38   16.18 -0.00221  0.00171  0.00275  0.00166
Mark_20         2460459.38466     0.14   0.17   71.85   61.44 -0.00115  0.00170  0.00084  0.00165
Mark_20         2460459.38503     0.16   0.17   67.41   61.44 -0.00115  0.00170  0.00115  0.00165
Mark_21         2460460.41800     0.52   0.14   67.11    7.75 -0.00365  0.00137  0.00375  0.00133
Mark_21         2460460.41815     0.12   0.13   69.84   61.44 -0.00093  0.00136  0.00079  0.00133
Mark_21         2460460.41838     0.54   0.13   62.74    7.29 -0.00314  0.00134  0.00441  0.00131
Mark_21         2460460.41854     0.27   0.13   66.98   16.75 -0.00189  0.00135  0.00196  0.00131
Mark_21         2460460.41869     0.45   0.13   64.62    8.98 -0.00286  0.00136  0.00350  0.00131
Mark_21         2460460.41885     0.75   0.13   49.80    5.15 -0.00125  0.00136  0.00741  0.00132
Mark_21         2460460.41900     0.36   0.13   56.46   11.56 -0.00141  0.00134  0.00333  0.00132
Mark_21         2460460.41917     0.57   0.13   43.69    6.92  0.00026  0.00137  0.00571  0.00133
Mark_24         2460780.47266     0.77   0.22   33.87    8.79  0.00292  0.00228  0.00713  0.00222
Mark_24         2460780.47294     0.40   0.24   33.86   22.16  0.00152  0.00245  0.00370  0.00237
Mark_24         2460780.47324     0.42   0.24   18.47   20.75  0.00336  0.00242  0.00253  0.00236
Mark_24         2460780.47353     0.30   0.23   44.25   61.44  0.00008  0.00233  0.00299  0.00226
Mark_24         2460780.47382     0.59   0.22   19.90   11.99  0.00456  0.00227  0.00380  0.00220
Mark_24         2460780.47411     0.41   0.23   25.75   21.08  0.00253  0.00238  0.00318  0.00231
Mark_24B        2460829.32296     0.17   0.25  -75.30   61.44 -0.00149  0.00250 -0.00084  0.00243
Mark_24B        2460829.32319     0.51   0.25    5.77   16.40  0.00500  0.00246  0.00102  0.00240
Mark_24B        2460829.32343     0.69   0.25  -82.11   11.42 -0.00665  0.00251 -0.00188  0.00244
Mark_24B        2460829.32366     0.83   0.25   86.25    9.26 -0.00818  0.00250  0.00108  0.00244
Mark_24B        2460829.32389     0.43   0.25  -23.10   21.21  0.00296  0.00250 -0.00309  0.00244
Mark_24B        2460829.32412     0.35   0.25   16.50   28.38  0.00294  0.00247  0.00191  0.00241
Mark_24B        2460829.32435     0.08   0.25  -74.94   61.44 -0.00067  0.00247 -0.00039  0.00242
Mark_24B        2460829.32459     0.35   0.24  -27.17   28.69  0.00203  0.00249 -0.00283  0.00242
Mark_24B        2460829.32483     0.15   0.24   35.86   61.44  0.00047  0.00247  0.00144  0.00243
Mark_24B        2460829.32506     0.52   0.25  -72.46   16.03 -0.00425  0.00248 -0.00299  0.00242
Mark_25         2460829.33304     0.34   0.11   45.59    9.63 -0.00007  0.00109  0.00341  0.00107
Mark_25         2460829.33324     0.19   0.11   75.76   21.03 -0.00166  0.00109  0.00090  0.00107
Mark_25         2460829.33344     0.26   0.11   88.77   14.11 -0.00256  0.00110  0.00011  0.00108
Mark_25         2460829.33363     0.24   0.11   62.17   15.06 -0.00135  0.00109  0.00197  0.00107
Mark_25         2460829.33383     0.24   0.11   75.32   15.26 -0.00209  0.00110  0.00118  0.00108
Mark_25         2460829.33404     0.18   0.11   77.98   22.79 -0.00165  0.00110  0.00074  0.00108
Mark_25         2460829.33424     0.30   0.11   75.95   11.71 -0.00261  0.00110  0.00139  0.00107
Mark_25         2460829.33443     0.12   0.11   42.95   61.44  0.00009  0.00110  0.00120  0.00108
Mark_26         2460829.34667     0.08   0.07   44.95   61.44  0.00000  0.00066  0.00078  0.00065
Mark_26         2460829.34731     0.17   0.07   24.49   12.44  0.00110  0.00066  0.00127  0.00065
Mark_26         2460829.34797     0.13   0.07   44.58   17.01  0.00002  0.00066  0.00131  0.00065
Mark_26         2460829.34862     0.10   0.07   43.33   23.70  0.00006  0.00066  0.00104  0.00065
Mark_26         2460829.34927     0.14   0.07   42.59   16.02  0.00012  0.00066  0.00137  0.00065
Mark_26         2460829.34993     0.19   0.07   25.64   10.64  0.00120  0.00066  0.00149  0.00065
Mark_26         2460829.35058     0.23   0.07   49.42    8.56 -0.00035  0.00066  0.00228  0.00065
Mark_26         2460829.35124     0.02   0.07   74.01   61.44 -0.00021  0.00066  0.00013  0.00065
Mark_26         2460829.35189     0.15   0.07   51.89   13.83 -0.00037  0.00066  0.00150  0.00065
Mark_26         2460829.35253     0.24   0.07   56.35    8.10 -0.00094  0.00066  0.00224  0.00065
Mark_26B        2460829.36252     0.49   0.10   74.25    5.96 -0.00415  0.00099  0.00254  0.00097
Mark_26B        2460829.36368     0.54   0.10   78.54    5.40 -0.00494  0.00099  0.00209  0.00097
Mark_26B        2460829.36484     0.58   0.10   83.07    5.02 -0.00560  0.00099  0.00138  0.00098
Mark_26B        2460829.36600     0.56   0.10   70.87    5.11 -0.00443  0.00099  0.00350  0.00098
Mark_26B        2460829.36716     0.35   0.10   76.60    8.57 -0.00312  0.00099  0.00158  0.00098
Mark_26B        2460829.36832     0.69   0.10   67.43    4.14 -0.00487  0.00099  0.00490  0.00098
Mark_26B        2460829.36948     0.66   0.10   70.08    4.34 -0.00508  0.00099  0.00424  0.00098
Mark_26B        2460829.37064     0.47   0.10   77.04    6.34 -0.00419  0.00100  0.00204  0.00099
Mark_26B        2460829.37179     0.70   0.10   63.62    4.10 -0.00426  0.00100  0.00560  0.00099
Mark_26B        2460829.37295     0.70   0.10   77.28    4.13 -0.00634  0.00100  0.00302  0.00099
Mark_26C        2460829.37666     0.34   0.07   66.76    5.83 -0.00235  0.00068  0.00247  0.00067
Mark_26C        2460829.37738     0.55   0.07   64.60    3.55 -0.00347  0.00068  0.00426  0.00067
Mark_26C        2460829.37812     0.49   0.07   70.29    4.06 -0.00377  0.00069  0.00310  0.00067
Mark_26C        2460829.37885     0.35   0.07   68.20    5.69 -0.00257  0.00069  0.00244  0.00068
Mark_26C        2460829.37958     0.45   0.07   70.64    4.48 -0.00348  0.00069  0.00279  0.00068
Mark_26C        2460829.38031     0.39   0.07   71.84    5.11 -0.00315  0.00069  0.00232  0.00067
Mark_26C        2460829.38104     0.29   0.07   69.01    6.96 -0.00217  0.00069  0.00195  0.00067
Mark_26C        2460829.38177     0.39   0.07   69.30    5.15 -0.00290  0.00069  0.00256  0.00067
Mark_26C        2460829.38250     0.31   0.07   59.39    6.48 -0.00148  0.00069  0.00270  0.00067
Mark_26C        2460829.38323     0.50   0.07   72.57    3.99 -0.00410  0.00069  0.00285  0.00068
Mark_26D        2460829.35424     0.27   0.08  -26.76    8.54  0.00161  0.00077 -0.00218  0.00076
Mark_26D        2460829.35481     0.36   0.08   -6.29    6.43  0.00350  0.00078 -0.00078  0.00076
Mark_26D        2460829.35539     0.46   0.08  -29.91    4.85  0.00231  0.00078 -0.00398  0.00076
Mark_26D        2460829.35597     0.35   0.08  -21.88    6.46  0.00255  0.00078 -0.00244  0.00076
Mark_26D        2460829.35655     0.28   0.08  -22.98    8.40  0.00193  0.00078 -0.00200  0.00076
Mark_26D        2460829.35713     0.32   0.08  -18.52    7.27  0.00254  0.00078 -0.00191  0.00076
Mark_26D        2460829.35771     0.33   0.08  -18.69    6.90  0.00265  0.00078 -0.00202  0.00076
Mark_26D        2460829.35829     0.30   0.08   -0.95    7.79  0.00297  0.00077 -0.00010  0.00076
Mark_26D        2460829.35887     0.33   0.08  -20.77    6.99  0.00246  0.00078 -0.00218  0.00076
Mark_26D        2460829.35944     0.18   0.08  -41.31   13.49  0.00024  0.00078 -0.00182  0.00076
Mark_27         2460829.38832     0.19   0.12   -3.79   24.48  0.00184  0.00118 -0.00024  0.00115
Mark_27         2460829.38890     0.13   0.12   10.87   61.44  0.00117  0.00118  0.00047  0.00116
Mark_27         2460829.38948     0.20   0.12   20.76   22.28  0.00147  0.00119  0.00130  0.00116
Mark_27         2460829.39006     0.11   0.12  -16.76   61.44  0.00091  0.00119 -0.00060  0.00116
Mark_27         2460829.39065     0.11   0.12    2.73   61.44  0.00113  0.00119  0.00011  0.00116
Mark_27         2460829.39123     0.19   0.12  -59.02   23.07 -0.00090  0.00119 -0.00168  0.00116
Mark_27         2460829.39181     0.18   0.12   28.28   24.78  0.00101  0.00119  0.00152  0.00116
Mark_27         2460829.39238     0.35   0.12    7.64   10.69  0.00334  0.00119  0.00091  0.00117
Mark_27         2460829.39296     0.09   0.12   -4.18   61.44  0.00091  0.00120 -0.00013  0.00117
Mark_27         2460829.39354     0.12   0.12  -19.58   61.44  0.00095  0.00120 -0.00077  0.00118
Mark_29         2460426.34110     0.61   0.20   49.95   10.46 -0.00104  0.00210  0.00598  0.00204
Mark_29         2460426.34125     0.47   0.21   79.66   15.05 -0.00442  0.00214  0.00167  0.00208
Mark_29         2460426.34140     0.38   0.20   60.25   18.67 -0.00194  0.00206  0.00330  0.00201
Mark_29         2460426.34155     0.81   0.21   49.77    7.86 -0.00134  0.00214  0.00800  0.00212
Mark_29         2460426.34170     0.53   0.21   36.75   12.90  0.00150  0.00214  0.00506  0.00211
Mark_29         2460426.34185     0.52   0.20   48.56   12.44 -0.00065  0.00210  0.00519  0.00203
Mark_29         2460426.34200     0.43   0.20   61.78   16.24 -0.00237  0.00206  0.00357  0.00204
Mark_29         2460426.34215     0.14   0.20   49.43   61.44 -0.00022  0.00210  0.00143  0.00204
Mark_29         2460426.34230     0.14   0.20  -48.09   61.44 -0.00015  0.00207 -0.00136  0.00202
Mark_29         2460426.33890     0.57   0.13   35.54    6.68  0.00183  0.00129  0.00535  0.00127
Mark_29         2460426.33910     0.78   0.13   32.79    4.72  0.00323  0.00128  0.00711  0.00126
Mark_29         2460426.33929     0.82   0.13   77.31    4.78 -0.00743  0.00135  0.00353  0.00133
Mark_29         2460426.33949     1.29   0.13   42.71    2.99  0.00103  0.00136  0.01288  0.00134
Mark_29         2460426.33969     0.73   0.13   49.68    4.98 -0.00119  0.00128  0.00725  0.00125
Mark_29         2460426.33988     0.58   0.12   27.82    6.36  0.00327  0.00126  0.00478  0.00124
Mark_29         2460426.34008     0.99   0.12   11.13    3.66  0.00913  0.00125  0.00374  0.00124
Mark_29         2460426.34028     1.65   0.13   44.35    2.21  0.00038  0.00129  0.01655  0.00127
Mark_29         2460426.34047     0.88   0.12   35.86    4.11  0.00275  0.00126  0.00833  0.00124
Mark_29B        2460426.33890     0.57   0.13   35.54    6.68  0.00183  0.00129  0.00535  0.00127
Mark_29B        2460426.33910     0.78   0.13   32.79    4.72  0.00323  0.00128  0.00711  0.00126
Mark_29B        2460426.33929     0.82   0.13   77.31    4.78 -0.00743  0.00135  0.00353  0.00133
Mark_29B        2460426.33949     1.29   0.13   42.71    2.99  0.00103  0.00136  0.01288  0.00134
Mark_29B        2460426.33969     0.73   0.13   49.68    4.98 -0.00119  0.00128  0.00725  0.00125
Mark_29B        2460426.33988     0.58   0.12   27.82    6.36  0.00327  0.00126  0.00478  0.00124
Mark_29B        2460426.34008     0.99   0.12   11.13    3.66  0.00913  0.00125  0.00374  0.00124
Mark_29B        2460426.34028     0.44   0.13   44.94    8.76  0.00001  0.00128  0.00437  0.00126
Mark_29B        2460426.34047     0.88   0.12   35.86    4.11  0.00275  0.00126  0.00833  0.00124
Mark_30         2460432.37774     0.32   0.34   81.26   61.44 -0.00307  0.00336  0.00097  0.00330
Mark_30         2460432.37815     0.66   0.25   46.97   11.86 -0.00045  0.00252  0.00660  0.00247
Mark_30         2460432.37855     0.82   0.28    2.03   10.68  0.00818  0.00281  0.00058  0.00276
Mark_30         2460432.37896     0.71   0.22   25.71    9.40  0.00445  0.00222  0.00557  0.00217
Mark_30         2460432.37936     0.43   0.21   26.79   16.39  0.00255  0.00209  0.00345  0.00205
Mark_30         2460432.37977     0.50   0.21   13.16   13.94  0.00445  0.00212  0.00220  0.00208
Mark_30         2460432.38017     0.63   0.29    7.08   15.36  0.00606  0.00287  0.00153  0.00281
Mark_30         2460432.38058     1.02   0.45   14.92   14.73  0.00881  0.00452  0.00505  0.00447
Mark_30         2460432.38098     0.36   0.19   37.18   18.32  0.00097  0.00190  0.00345  0.00187
Mark_30         2460432.38144     0.54   0.18    5.84   10.14  0.00526  0.00176  0.00109  0.00173
Mark_30         2460432.38184     0.07   0.19  -17.10   61.44  0.00057  0.00190 -0.00039  0.00185
Mark_30         2460432.38225     0.32   0.32   45.56   61.44 -0.00006  0.00321  0.00319  0.00316
Mark_33         2460461.41657     0.31   0.19   -0.67   23.53  0.00315  0.00195 -0.00007  0.00190
Mark_33         2460461.41692     0.42   0.19   -1.65   15.62  0.00417  0.00194 -0.00024  0.00190
Mark_33         2460461.41727     0.42   0.19   12.27   15.68  0.00380  0.00195  0.00173  0.00191
Mark_33         2460461.41762     0.51   0.23   31.55   15.36  0.00231  0.00239  0.00456  0.00233
Mark_33         2460461.41797     0.55   0.26   57.15   16.36 -0.00226  0.00270  0.00500  0.00262
Mark_33         2460461.41832     0.14   0.19  -19.72   61.44  0.00110  0.00196 -0.00091  0.00192
Mark_33         2460461.41867     0.27   0.20    3.20   61.44  0.00265  0.00197  0.00030  0.00192
Mark_33         2460461.41902     0.11   0.20   17.27   61.44  0.00094  0.00198  0.00065  0.00192
Mark_34         2460426.34749     0.38   0.12   89.19    9.79 -0.00377  0.00120  0.00011  0.00118
Mark_34         2460426.34765     0.30   0.12   49.10   12.79 -0.00042  0.00120  0.00294  0.00118
Mark_34         2460426.34781     0.51   0.12   54.07    6.94 -0.00159  0.00121  0.00485  0.00119
Mark_34         2460426.34797     0.39   0.12   56.74    9.21 -0.00157  0.00120  0.00360  0.00118
Mark_34         2460426.34814     0.32   0.12   61.17   11.95 -0.00169  0.00120  0.00266  0.00118
Mark_34         2460426.34830     0.55   0.12   44.48    6.43  0.00010  0.00121  0.00547  0.00119
Mark_34         2460426.34846     0.37   0.12   48.53    9.90 -0.00046  0.00122  0.00371  0.00120
Mark_34         2460426.34862     0.19   0.12   54.61   23.52 -0.00063  0.00121  0.00182  0.00119
Mark_35         2460438.30932     0.69   0.22   26.40   10.01  0.00418  0.00228  0.00551  0.00222
Mark_35         2460438.30961     0.71   0.22   31.22    9.61  0.00327  0.00226  0.00627  0.00220
Mark_35         2460438.30990     0.33   0.22   16.43   27.42  0.00273  0.00224  0.00177  0.00219
Mark_35         2460438.31019     0.34   0.22   25.65   25.30  0.00214  0.00225  0.00267  0.00220
Mark_35         2460438.31047     0.33   0.22   33.94   26.36  0.00124  0.00223  0.00304  0.00218
Mark_35         2460438.31076     0.67   0.22   49.53   10.03 -0.00106  0.00224  0.00661  0.00217
Mark_35         2460438.31105     0.66   0.22   59.32   10.19 -0.00318  0.00222  0.00582  0.00217
Mark_35         2460438.31134     0.77   0.22   15.25    8.73  0.00660  0.00222  0.00389  0.00216
Mark_35         2460438.31163     0.27   0.22   57.49   61.44 -0.00115  0.00222  0.00247  0.00215
Mark_36         2460459.36552     0.54   0.21   54.29   12.64 -0.00171  0.00217  0.00508  0.00210
Mark_36         2460459.36589     0.30   0.21   62.97   28.78 -0.00178  0.00217  0.00245  0.00211
Mark_36         2460459.36626     0.12   0.22    3.31   61.44  0.00117  0.00217  0.00014  0.00212
Mark_36         2460459.36663     0.33   0.22    9.17   26.32  0.00309  0.00217  0.00102  0.00212
Mark_36         2460459.36700     0.33   0.22   36.44   25.59  0.00098  0.00222  0.00318  0.00217
Mark_36         2460459.36737     0.30   0.22  -83.17   61.44 -0.00289  0.00223 -0.00070  0.00217
Mark_36         2460459.36774     0.23   0.22   59.07   61.44 -0.00107  0.00225  0.00200  0.00217
Mark_36         2460459.36811     0.01   0.22   39.74   61.44  0.00003  0.00226  0.00014  0.00219
Mark_41         2460459.31309     0.41   0.20   58.89   16.98 -0.00190  0.00206  0.00361  0.00200
Mark_41         2460459.31340     0.67   0.20   44.36    9.06  0.00015  0.00205  0.00673  0.00200
Mark_41         2460459.31373     0.20   0.20  -39.01   61.44  0.00041  0.00206 -0.00195  0.00200
Mark_41         2460459.31404     0.37   0.20   73.50   19.54 -0.00313  0.00205  0.00203  0.00200
Mark_41         2460459.31435     0.84   0.20   30.55    7.15  0.00406  0.00206  0.00735  0.00200
Mark_41         2460459.31466     0.36   0.20   51.57   20.44 -0.00081  0.00206  0.00346  0.00200
Mark_41         2460459.31498     0.41   0.20   57.02   16.62 -0.00169  0.00206  0.00378  0.00200
Mark_41         2460459.31529     0.29   0.20   47.32   27.23 -0.00024  0.00206  0.00293  0.00200
Mark_43         2460426.35697     0.33   0.60  -69.12   61.44 -0.00248  0.00618 -0.00222  0.00570
Mark_43         2460426.35718     0.70   0.59   18.78   61.44  0.00557  0.00596  0.00428  0.00569
Mark_43         2460426.35738     1.42   0.59  -35.41   13.54  0.00466  0.00623 -0.01340  0.00585
Mark_43         2460426.35787     0.80   0.64    2.72   61.44  0.00796  0.00640  0.00076  0.00593
Mark_43         2460426.35808     0.69   0.57  -23.14   61.44  0.00474  0.00593 -0.00495  0.00550
Mark_43         2460426.35829     1.68   0.59  -85.55   10.94 -0.01659  0.00588 -0.00260  0.00556
Mark_43         2460426.35867     1.66   0.55  -37.98   10.27  0.00402  0.00576 -0.01609  0.00547
Mark_44         2460438.44095     0.43   0.25   43.52   21.83  0.00022  0.00257  0.00425  0.00251
Mark_44         2460438.44122     0.54   0.25   37.24   15.85  0.00144  0.00258  0.00518  0.00252
Mark_44         2460438.44148     0.13   0.26   78.64   61.44 -0.00124  0.00261  0.00052  0.00255
Mark_44         2460438.44175     0.26   0.26   10.76   61.44  0.00246  0.00256  0.00097  0.00250
Mark_44         2460438.44201     0.29   0.26   80.06   61.44 -0.00271  0.00259  0.00098  0.00253
Mark_44         2460438.44228     0.16   0.25  -59.32   61.44 -0.00079  0.00259 -0.00145  0.00253
Mark_44         2460438.44255     0.57   0.26   66.52   14.79 -0.00391  0.00258  0.00419  0.00252
Mark_44         2460438.44281     0.34   0.25   52.23   61.44 -0.00086  0.00256  0.00333  0.00250
Mark_44         2460438.44308     0.26   0.25   33.13   61.44  0.00105  0.00257  0.00238  0.00251
Mark_44         2460438.44359     0.39   0.25   18.40   25.57  0.00310  0.00255  0.00232  0.00250
Mark_44         2460438.44385     0.19   0.26  -87.80   61.44 -0.00191  0.00256 -0.00015  0.00249
Mark_44         2460438.44412     0.55   0.26   72.34   15.68 -0.00447  0.00257  0.00317  0.00251
Mark_44         2460438.44439     0.47   0.26   69.12   19.51 -0.00349  0.00258  0.00311  0.00251
Mark_44         2460438.44465     0.31   0.26   75.30   61.44 -0.00272  0.00258  0.00153  0.00252
Mark_44         2460438.44492     0.27   0.25   58.75   61.44 -0.00127  0.00260  0.00243  0.00253
Mark_44         2460438.44519     0.34   0.26   45.29   61.44 -0.00003  0.00262  0.00336  0.00256
Mark_44         2460438.44545     0.43   0.26   56.24   21.94 -0.00166  0.00261  0.00401  0.00256
Mark_44         2460438.44572     0.28   0.26   21.92   61.44  0.00203  0.00262  0.00195  0.00256
Mark_45         2460438.43650     0.12   0.09    1.65   61.44  0.00115  0.00090  0.00007  0.00088
Mark_45         2460438.43670     0.14   0.09   69.21   25.28 -0.00103  0.00090  0.00091  0.00088
Mark_45         2460438.43690     0.15   0.09   55.49   21.06 -0.00055  0.00090  0.00143  0.00088
Mark_45         2460438.43709     0.14   0.09   50.12   24.22 -0.00025  0.00090  0.00137  0.00088
Mark_45         2460438.43729     0.10   0.09  -18.35   61.44  0.00077  0.00091 -0.00057  0.00089
Mark_45         2460438.43749     0.20   0.09   22.80   15.02  0.00139  0.00090  0.00142  0.00089
Mark_47         2460461.31236     0.64   0.22   58.25   10.86 -0.00286  0.00227  0.00573  0.00221
Mark_47         2460461.31271     0.15   0.23   81.33   61.44 -0.00141  0.00226  0.00044  0.00221
Mark_47         2460461.31306     0.51   0.23    3.69   14.75  0.00508  0.00228  0.00066  0.00221
Mark_47         2460461.31340     0.10   0.22  -45.31   61.44 -0.00001  0.00226 -0.00102  0.00221
Mark_47         2460461.31375     0.37   0.22   54.37   22.44 -0.00119  0.00227  0.00350  0.00221
Mark_47         2460461.31410     0.16   0.22  -17.95   61.44  0.00131  0.00227 -0.00095  0.00220
Mark_47         2460461.31444     0.51   0.22   54.85   14.34 -0.00171  0.00227  0.00478  0.00220
Mark_47         2460461.31479     0.50   0.22   23.12   14.80  0.00346  0.00227  0.00362  0.00220
Mark_47         2460461.31517     0.12   0.22   59.32   61.44 -0.00055  0.00226  0.00101  0.00220
Mark_47         2460461.31552     0.13   0.22   25.65   61.44  0.00082  0.00226  0.00102  0.00220
Mark_47         2460461.31587     0.57   0.22   40.79   12.23  0.00084  0.00226  0.00568  0.00220
Mark_48         2460460.43118     0.63   0.21   83.72   10.65 -0.00611  0.00214  0.00136  0.00209
Mark_48         2460460.43154     0.37   0.21   28.72   20.81  0.00198  0.00212  0.00310  0.00209
Mark_48         2460460.43183     0.29   0.21   81.96   61.44 -0.00275  0.00212  0.00079  0.00207
Mark_48         2460460.43212     0.34   0.21   74.69   23.34 -0.00293  0.00211  0.00174  0.00206
Mark_48         2460460.43241     0.38   0.21   84.19   19.90 -0.00370  0.00209  0.00076  0.00204
Mark_48         2460460.43270     0.54   0.21   75.21   12.50 -0.00472  0.00213  0.00268  0.00208
Mark_48         2460460.43299     0.73   0.21   60.34    8.51 -0.00375  0.00210  0.00632  0.00205
Mark_48         2460460.43328     0.68   0.21   59.84    9.27 -0.00337  0.00210  0.00592  0.00205
Mark_48         2460460.43360     0.27   0.21   64.52   61.44 -0.00171  0.00210  0.00211  0.00205
Mark_48         2460460.43389     0.18   0.21   82.53   61.44 -0.00178  0.00208  0.00047  0.00203
Mark_48         2460460.43418     0.69   0.20   32.11    9.08  0.00299  0.00208  0.00619  0.00204
Mark_51         2460461.37969     0.20   0.22   79.10   61.44 -0.00187  0.00217  0.00075  0.00210
Mark_51         2460461.38007     0.50   0.21   69.10   14.02 -0.00374  0.00217  0.00334  0.00210
Mark_51         2460461.38046     0.23   0.21   47.29   61.44 -0.00018  0.00217  0.00225  0.00210
Mark_51         2460461.38097     0.33   0.21   23.02   25.08  0.00230  0.00218  0.00239  0.00211
Mark_51         2460461.38137     0.07   0.22   -3.20   61.44  0.00074  0.00218 -0.00008  0.00211
Mark_51         2460461.38175     0.13   0.22   85.92   61.44 -0.00126  0.00217  0.00018  0.00211
Mark_51         2460461.38213     0.23   0.21  -27.47   61.44  0.00135  0.00219 -0.00192  0.00212
Mark_51         2460461.38251     0.31   0.22   -3.22   28.48  0.00308  0.00217 -0.00035  0.00209
Mark_53         2460461.42067     0.28   0.23  -70.47   61.44 -0.00220  0.00236 -0.00179  0.00230
Mark_53         2460461.42109     0.48   0.30  -37.44   23.83  0.00124  0.00304 -0.00460  0.00297
Mark_53         2460461.42150     0.44   0.27  -51.75   23.46 -0.00102  0.00278 -0.00425  0.00270
Mark_53         2460461.42192     0.24   0.22   34.45   61.44  0.00087  0.00224  0.00225  0.00216
Mark_53         2460461.42234     0.29   0.22   21.93   61.44  0.00213  0.00223  0.00204  0.00216
Mark_53         2460461.42295     0.13   0.22  -25.81   61.44  0.00079  0.00225 -0.00100  0.00219
Mark_53         2460461.42337     0.12   0.22  -14.83   61.44  0.00100  0.00224 -0.00057  0.00218
Mark_53         2460461.42378     0.36   0.22   38.44   22.49  0.00082  0.00224  0.00353  0.00218
Mark_53         2460461.42422     0.37   0.22  -19.77   22.11  0.00287  0.00224 -0.00237  0.00216
Mark_53         2460461.42464     0.26   0.22  -48.77   61.44 -0.00035  0.00223 -0.00262  0.00216
Mark_53         2460461.42506     0.30   0.22  -23.50   61.44  0.00202  0.00225 -0.00217  0.00219
Mark_54         2460461.35652     0.34   0.13   44.81   12.67  0.00002  0.00138  0.00340  0.00134
Mark_54         2460461.35675     0.13   0.14   35.39   61.44  0.00042  0.00139  0.00122  0.00135
Mark_54         2460461.35700     0.39   0.13   54.63   10.78 -0.00129  0.00138  0.00368  0.00134
Mark_54         2460461.35723     0.23   0.13   54.78   21.09 -0.00078  0.00138  0.00220  0.00134
Mark_54         2460461.35749     0.46   0.13   41.85    8.87  0.00050  0.00138  0.00457  0.00134
Mark_54         2460461.35773     0.30   0.14   52.04   15.07 -0.00073  0.00139  0.00291  0.00135
Mark_54         2460461.35797     0.15   0.14   60.21   61.44 -0.00074  0.00139  0.00126  0.00135
Mark_54         2460461.35822     0.49   0.14   51.16    8.42 -0.00104  0.00139  0.00475  0.00135
Mark_55         2460438.32174     0.31   0.18   25.04   21.25  0.00201  0.00184  0.00241  0.00180
Mark_55         2460438.32197     0.57   0.18   70.83    9.73 -0.00450  0.00183  0.00356  0.00179
Mark_55         2460438.32220     0.78   0.18   45.85    6.86 -0.00023  0.00183  0.00779  0.00180
Mark_55         2460438.32243     0.58   0.18   57.03    9.58 -0.00235  0.00184  0.00527  0.00179
Mark_55         2460438.32266     0.49   0.18   52.53   11.64 -0.00127  0.00184  0.00473  0.00180
Mark_55         2460438.32289     0.62   0.18   49.25    8.73 -0.00092  0.00184  0.00613  0.00178
Mark_55         2460438.32313     0.33   0.18   45.71   19.24 -0.00008  0.00183  0.00329  0.00178
Mark_55         2460438.32336     0.41   0.18   57.23   14.56 -0.00169  0.00183  0.00370  0.00178
Mark_55         2460438.32359     0.88   0.18   56.70    6.05 -0.00348  0.00185  0.00805  0.00179
Mark_56         2460460.35547     0.26   0.14   33.84   17.91  0.00100  0.00138  0.00244  0.00135
Mark_56         2460460.35573     0.47   0.14   60.25    8.81 -0.00238  0.00138  0.00404  0.00135
Mark_56         2460460.35598     0.27   0.13   46.30   17.52 -0.00012  0.00138  0.00265  0.00134
Mark_56         2460460.35625     0.34   0.14   49.97   12.94 -0.00058  0.00139  0.00332  0.00135
Mark_56         2460460.35649     0.47   0.14   58.73    8.79 -0.00216  0.00138  0.00417  0.00135
Mark_56         2460460.35675     0.24   0.14   62.85   20.49 -0.00142  0.00139  0.00197  0.00136
Mark_56         2460460.35701     0.31   0.14   61.27   14.41 -0.00168  0.00138  0.00263  0.00135
Mark_56         2460460.35727     0.44   0.14   49.46    9.51 -0.00068  0.00139  0.00434  0.00136
Mark_59         2460481.35005     0.29   0.17   88.14   21.41 -0.00285  0.00166  0.00019  0.00164
Mark_59         2460481.35039     0.43   0.16   29.69   12.30  0.00218  0.00167  0.00368  0.00164
Mark_59         2460481.35074     0.22   0.17   55.02   61.44 -0.00075  0.00168  0.00204  0.00166
Mark_59         2460481.35109     0.29   0.17    6.37   21.79  0.00278  0.00168  0.00063  0.00165
Mark_59         2460481.35144     0.12   0.17   62.71   61.44 -0.00067  0.00169  0.00094  0.00166
Mark_59         2460481.35178     0.28   0.17   35.58   22.09  0.00090  0.00168  0.00263  0.00165
Mark_59         2460481.35213     0.18   0.17  -71.15   61.44 -0.00140  0.00170 -0.00108  0.00167
Mark_59         2460481.35251     0.10   0.17  -43.24   61.44  0.00006  0.00169 -0.00097  0.00167
Mark_60         2460460.31385     0.19   0.11   45.19   21.93 -0.00001  0.00113  0.00188  0.00111
Mark_60         2460460.31407     0.48   0.11   16.72    6.91  0.00403  0.00113  0.00266  0.00110
Mark_60         2460460.31429     0.40   0.11   59.94    8.32 -0.00200  0.00113  0.00349  0.00110
Mark_60         2460460.31451     0.24   0.11   52.43   15.74 -0.00061  0.00113  0.00228  0.00110
Mark_60         2460460.31499     0.06   0.11   68.91   61.44 -0.00041  0.00113  0.00037  0.00110
Mark_60         2460460.31521     0.30   0.11   55.54   11.96 -0.00106  0.00113  0.00276  0.00111
Mark_60         2460460.31543     0.29   0.11   36.35   12.25  0.00085  0.00113  0.00274  0.00110
Mark_60         2460460.31565     0.35   0.11   68.36    9.90 -0.00253  0.00113  0.00239  0.00110
Mark_64         2460460.34462     0.33   0.16   66.44   17.04 -0.00223  0.00164  0.00240  0.00161
Mark_64         2460460.34487     0.29   0.16   52.39   19.95 -0.00074  0.00164  0.00281  0.00161
Mark_64         2460460.34523     0.69   0.16   37.47    6.96  0.00180  0.00165  0.00669  0.00162
Mark_64         2460460.34549     0.55   0.16   41.60    9.04  0.00065  0.00166  0.00546  0.00163
Mark_64         2460460.34575     0.37   0.16   47.49   14.71 -0.00032  0.00167  0.00366  0.00163
Mark_64         2460460.34609     0.57   0.16   39.71    8.67  0.00105  0.00167  0.00565  0.00164
Mark_64         2460460.34634     0.30   0.16   17.27   19.39  0.00250  0.00166  0.00172  0.00163
Mark_64         2460460.34660     0.35   0.16   45.80   15.55 -0.00010  0.00166  0.00352  0.00163
Mark_65         2460431.28039     0.65   0.24   51.59   11.90 -0.00147  0.00247  0.00629  0.00242
Mark_65         2460431.28069     0.61   0.23   49.01   11.77 -0.00086  0.00235  0.00609  0.00228
Mark_65         2460431.28100     0.65   0.24   49.75   11.92 -0.00107  0.00248  0.00639  0.00243
Mark_65         2460431.28130     0.60   0.23   50.18   12.00 -0.00109  0.00233  0.00595  0.00228
Mark_65         2460431.28160     0.62   0.23   44.08   11.97  0.00020  0.00237  0.00616  0.00232
Mark_65         2460431.28190     0.63   0.23   28.07   11.59  0.00353  0.00236  0.00526  0.00231
Mark_65         2460431.28220     0.58   0.23   54.41   13.08 -0.00186  0.00238  0.00545  0.00232
Mark_65         2460431.28250     0.69   0.24   31.94   10.60  0.00305  0.00240  0.00623  0.00235
Mark_66         2460460.42272     0.72   0.22   70.54    9.37 -0.00559  0.00222  0.00452  0.00216
Mark_66         2460460.42304     0.50   0.22   87.89   14.75 -0.00496  0.00221  0.00036  0.00216
Mark_66         2460460.42339     0.32   0.22   37.48   27.10  0.00083  0.00221  0.00308  0.00216
Mark_66         2460460.42373     0.69   0.22   75.46    9.96 -0.00601  0.00223  0.00334  0.00217
Mark_66         2460460.42441     0.27   0.22   28.03   61.44  0.00152  0.00223  0.00226  0.00218
Mark_66         2460460.42598     0.89   0.22   52.22    7.30 -0.00222  0.00225  0.00863  0.00217
Mark_66         2460460.42632     0.71   0.22   67.54    9.53 -0.00502  0.00223  0.00501  0.00217
Mark_66         2460460.42666     0.42   0.22   49.28   18.49 -0.00062  0.00225  0.00411  0.00218
Mark_66         2460460.42699     0.72   0.22   55.88    9.29 -0.00267  0.00224  0.00670  0.00218
Mark_66         2460460.42733     0.45   0.22   73.23   17.13 -0.00376  0.00226  0.00249  0.00220
Mark_66         2460460.42766     0.74   0.22   58.34    9.10 -0.00333  0.00226  0.00663  0.00220
Mark_67         2460459.40208     0.53   0.23   37.40   14.33  0.00139  0.00237  0.00511  0.00230
Mark_67         2460459.40238     0.36   0.22   22.48   23.42  0.00258  0.00228  0.00257  0.00222
Mark_67         2460459.40269     0.50   0.22   56.09   14.75 -0.00188  0.00228  0.00461  0.00220
Mark_67         2460459.40299     0.45   0.22   44.02   16.46  0.00015  0.00224  0.00449  0.00217
Mark_67         2460459.40329     0.37   0.22   43.22   21.35  0.00023  0.00223  0.00371  0.00216
Mark_67         2460459.40359     0.73   0.22   50.40    9.18 -0.00136  0.00224  0.00714  0.00218
Mark_67         2460459.40389     0.48   0.22   52.07   15.10 -0.00118  0.00225  0.00468  0.00218
Mark_67         2460459.40419     0.35   0.22   56.77   23.46 -0.00141  0.00225  0.00324  0.00217
Mark_67         2460459.40449     0.11   0.22   62.32   61.44 -0.00064  0.00226  0.00093  0.00220
Mark_68         2460459.40612     0.08   0.20   58.83   61.44 -0.00039  0.00207  0.00075  0.00201
Mark_68         2460459.40645     0.43   0.20   34.75   15.68  0.00151  0.00206  0.00404  0.00200
Mark_68         2460459.40677     0.43   0.20   46.22   15.70 -0.00018  0.00207  0.00433  0.00202
Mark_68         2460459.40709     0.23   0.20   13.16   61.44  0.00204  0.00206  0.00101  0.00200
Mark_68         2460459.40742     0.32   0.20   37.10   24.28  0.00086  0.00207  0.00305  0.00200
Mark_68         2460459.40774     0.34   0.21   -9.17   22.70  0.00322  0.00206 -0.00107  0.00200
Mark_68         2460459.40807     0.33   0.20   54.02   23.47 -0.00101  0.00206  0.00310  0.00201
Mark_68         2460459.40839     0.11   0.20   72.13   61.44 -0.00093  0.00207  0.00067  0.00200
Mark_68         2460459.40872     0.31   0.21   -0.16   25.96  0.00314  0.00207 -0.00002  0.00201
Mark_69         2460460.40309     0.59   0.18   39.05    8.99  0.00123  0.00178  0.00581  0.00175
Mark_69         2460460.40337     0.47   0.17   53.80   11.77 -0.00142  0.00178  0.00448  0.00174
Mark_69         2460460.40366     0.13   0.17   48.29   61.44 -0.00015  0.00178  0.00131  0.00173
Mark_69         2460460.40394     0.03   0.18   -1.52   61.44  0.00031  0.00179 -0.00002  0.00175
Mark_69         2460460.40421     0.36   0.18   47.60   16.57 -0.00033  0.00180  0.00359  0.00175
Mark_69         2460460.40449     0.24   0.17   45.44   61.44 -0.00004  0.00178  0.00244  0.00174
Mark_69         2460460.40477     0.32   0.17   55.41   19.72 -0.00113  0.00178  0.00297  0.00174
Mark_69         2460460.40505     0.20   0.17   43.07   61.44  0.00014  0.00178  0.00203  0.00174
Mark_70         2460459.29898     0.52   0.19   83.78   11.72 -0.00506  0.00192  0.00112  0.00187
Mark_70         2460459.29921     0.55   0.19   28.28   10.79  0.00302  0.00193  0.00458  0.00188
Mark_70         2460459.29944     0.33   0.19   36.69   20.48  0.00095  0.00192  0.00318  0.00187
Mark_70         2460459.29968     0.43   0.19   42.14   14.40  0.00043  0.00192  0.00429  0.00188
Mark_70         2460459.29991     0.26   0.19   28.47   61.44  0.00140  0.00191  0.00215  0.00187
Mark_70         2460459.30014     0.25   0.19   45.89   61.44 -0.00008  0.00192  0.00249  0.00187
Mark_70         2460459.30045     0.23   0.19   18.76   61.44  0.00182  0.00193  0.00139  0.00188
Mark_70         2460459.30068     0.16   0.19   31.96   61.44  0.00070  0.00193  0.00142  0.00189
Mark_70         2460459.30091     0.44   0.19   27.57   14.38  0.00249  0.00193  0.00358  0.00189
Mark_70         2460459.30115     0.26   0.19   61.95   61.44 -0.00147  0.00193  0.00219  0.00189
Mark_71         2460459.39778     0.15   0.22   33.33   61.44  0.00058  0.00226  0.00134  0.00220
Mark_71         2460459.39812     0.37   0.22   15.00   22.44  0.00319  0.00223  0.00184  0.00216
Mark_71         2460459.39847     0.20   0.22   45.13   61.44 -0.00001  0.00223  0.00201  0.00217
Mark_71         2460459.39882     0.37   0.22   74.54   21.95 -0.00319  0.00221  0.00191  0.00216
Mark_71         2460459.39916     0.29   0.22    7.04   61.44  0.00278  0.00223  0.00070  0.00219
Mark_71         2460459.39950     0.22   0.22   28.50   61.44  0.00121  0.00229  0.00186  0.00222
Mark_71         2460459.39985     0.26   0.22   63.06   61.44 -0.00154  0.00228  0.00211  0.00223
Mark_71         2460459.40020     0.12   0.24   15.52   61.44  0.00101  0.00246  0.00061  0.00242
Mark_72         2460459.35600     0.23   0.20   27.77   61.44  0.00128  0.00201  0.00186  0.00198
Mark_72         2460459.35633     0.40   0.20   29.07   17.28  0.00210  0.00203  0.00338  0.00198
Mark_72         2460459.35667     0.19   0.20   24.10   61.44  0.00125  0.00204  0.00139  0.00200
Mark_72         2460459.35734     0.50   0.20   31.30   12.92  0.00230  0.00204  0.00443  0.00199
Mark_72         2460459.35767     0.57   0.20    9.68   11.20  0.00536  0.00203  0.00188  0.00199
Mark_72         2460459.35802     0.51   0.20   36.11   12.53  0.00157  0.00203  0.00488  0.00200
Mark_72         2460459.35836     0.54   0.20   26.98   11.97  0.00316  0.00205  0.00434  0.00201
Mark_72         2460459.35869     0.63   0.20   20.50    9.87  0.00477  0.00204  0.00414  0.00200
Mark_72         2460459.35903     0.50   0.20    5.03   13.15  0.00496  0.00205  0.00088  0.00200
Mark_74         2460459.39373     0.26   0.25   32.59   61.44  0.00109  0.00258  0.00236  0.00249
Mark_74         2460459.39399     0.14   0.24   53.65   61.44 -0.00042  0.00242  0.00134  0.00237
Mark_74         2460459.39424     0.18   0.23   34.07   61.44  0.00065  0.00239  0.00163  0.00234
Mark_74         2460459.39450     0.30   0.24  -35.54   61.44  0.00097  0.00247 -0.00283  0.00241
Mark_74         2460459.39476     0.30   0.26  -76.41   61.44 -0.00270  0.00260 -0.00138  0.00253
Mark_74         2460459.39501     0.43   0.25    1.50   21.07  0.00429  0.00247  0.00023  0.00240
Mark_74         2460459.39527     0.15   0.24   39.30   61.44  0.00029  0.00243  0.00142  0.00236
Mark_74         2460459.39552     0.56   0.23   46.15   13.55 -0.00022  0.00238  0.00555  0.00231
Mark_74         2460459.39583     0.20   0.24   61.08   61.44 -0.00106  0.00248  0.00169  0.00242
Mark_74         2460459.39609     0.54   0.24   44.17   14.72  0.00016  0.00245  0.00536  0.00238
Mark_74         2460459.39634     0.37   0.24   36.21   25.99  0.00111  0.00248  0.00350  0.00242
Mark_75         2460461.37164     0.31   0.19   28.58   22.52  0.00168  0.00191  0.00261  0.00185
Mark_75         2460461.37199     0.67   0.18   50.51    8.36 -0.00127  0.00189  0.00654  0.00184
Mark_75         2460461.37234     0.54   0.19   46.26   10.77 -0.00024  0.00190  0.00536  0.00185
Mark_75         2460461.37269     0.13   0.19    1.69   61.44  0.00134  0.00189  0.00008  0.00184
Mark_75         2460461.37303     0.26   0.19   58.72   28.69 -0.00122  0.00190  0.00234  0.00184
Mark_75         2460461.37338     0.10   0.19  -13.46   61.44  0.00087  0.00192 -0.00044  0.00187
Mark_75         2460461.37373     0.20   0.19    8.60   61.44  0.00188  0.00191  0.00058  0.00185
Mark_75         2460461.37407     0.44   0.19   41.73   13.58  0.00051  0.00191  0.00441  0.00185
Mark_76         2460830.35740     0.17   0.25   23.22   61.44  0.00116  0.00253  0.00122  0.00247
Mark_76         2460830.35772     0.16   0.25  -20.85   61.44  0.00116  0.00249 -0.00103  0.00244
Mark_76         2460830.35804     0.88   0.27  -35.23    9.32  0.00294  0.00272 -0.00829  0.00267
Mark_76         2460830.35837     0.83   0.26  -29.10    9.64  0.00440  0.00265 -0.00709  0.00260
Mark_76         2460830.35869     0.71   0.27  -26.72   12.08  0.00422  0.00272 -0.00568  0.00266
Mark_76         2460830.35902     0.68   0.26  -53.71   12.07 -0.00204  0.00259 -0.00650  0.00258
Mark_76         2460830.35935     0.15   0.25   -3.24   61.44  0.00150  0.00253 -0.00017  0.00247
Mark_76         2460830.35977     0.15   0.24    8.70   61.44  0.00145  0.00243  0.00046  0.00237
Mark_76         2460830.36009     0.40   0.25  -24.40   23.50  0.00262  0.00250 -0.00299  0.00242
Mark_76         2460830.36042     0.71   0.24  -45.08   10.70 -0.00002  0.00250 -0.00706  0.00242
Mark_78         2460461.39094     0.62   0.17   11.03    8.48  0.00573  0.00174  0.00232  0.00169
Mark_78         2460461.39124     0.11   0.17    6.17   61.44  0.00111  0.00175  0.00024  0.00170
Mark_78         2460461.39154     0.22   0.17   63.25   61.44 -0.00130  0.00175  0.00176  0.00169
Mark_78         2460461.39184     0.16   0.17  -28.23   61.44  0.00087  0.00175 -0.00132  0.00170
Mark_78         2460461.39214     0.32   0.17   83.10   19.81 -0.00306  0.00174  0.00075  0.00169
Mark_78         2460461.39244     0.19   0.17   35.74   61.44  0.00061  0.00174  0.00183  0.00169
Mark_78         2460461.39274     0.22   0.17   -1.15   61.44  0.00221  0.00174 -0.00009  0.00169
Mark_78         2460461.39304     0.48   0.17   16.90   11.38  0.00397  0.00174  0.00266  0.00170
Mark_79         2460461.35240     0.26   0.19   26.91   61.44  0.00151  0.00197  0.00207  0.00191
Mark_79         2460461.35269     0.35   0.20   64.13   20.71 -0.00215  0.00200  0.00272  0.00195
Mark_79         2460461.35297     0.47   0.20   55.04   14.02 -0.00160  0.00204  0.00437  0.00198
Mark_79         2460461.35326     0.23   0.20   62.53   61.44 -0.00134  0.00204  0.00191  0.00199
Mark_79         2460461.35355     0.33   0.22   35.07   27.22  0.00112  0.00230  0.00309  0.00223
Mark_79         2460461.35384     0.17   0.20    5.71   61.44  0.00164  0.00203  0.00033  0.00198
Mark_79         2460461.35413     0.31   0.22   37.87   28.55  0.00076  0.00223  0.00301  0.00217
Mark_79         2460461.35442     0.44   0.20   41.51   15.28  0.00054  0.00208  0.00442  0.00203
Mark_81         2460830.37777     0.32   0.17   -9.61   19.14  0.00303  0.00173 -0.00106  0.00170
Mark_81         2460830.37797     0.17   0.17  -30.53   61.44  0.00084  0.00175 -0.00152  0.00171
Mark_81         2460830.37825     0.07   0.17  -53.13   61.44 -0.00019  0.00174 -0.00064  0.00170
Mark_81         2460830.37847     0.31   0.17  -28.68   19.71  0.00168  0.00173 -0.00262  0.00170
Mark_81         2460830.37868     0.64   0.17   -1.28    8.13  0.00641  0.00173 -0.00029  0.00168
Mark_81         2460830.37889     0.08   0.17   42.05   61.44  0.00008  0.00174  0.00075  0.00170
Mark_81         2460830.37910     0.19   0.17  -56.29   61.44 -0.00073  0.00172 -0.00176  0.00170
Mark_81         2460830.37931     0.29   0.17   -8.42   22.30  0.00275  0.00172 -0.00083  0.00169
Mark_81         2460830.37953     0.15   0.17   23.31   61.44  0.00102  0.00175  0.00108  0.00172
Mark_81         2460830.37973     0.20   0.17   -3.29   61.44  0.00202  0.00172 -0.00023  0.00168
Mark_83         2460460.30352     0.79   0.18   28.80    6.96  0.00422  0.00188  0.00665  0.00183
Mark_83         2460460.30381     0.38   0.19   64.61   16.91 -0.00240  0.00190  0.00295  0.00185
Mark_83         2460460.30410     0.20   0.18   53.78   61.44 -0.00062  0.00188  0.00194  0.00184
Mark_83         2460460.30453     0.57   0.19   60.80   10.06 -0.00300  0.00190  0.00488  0.00185
Mark_83         2460460.30481     0.19   0.19   24.16   61.44  0.00124  0.00190  0.00140  0.00185
Mark_83         2460460.30510     0.42   0.19   37.26   14.60  0.00113  0.00190  0.00407  0.00186
Mark_83         2460460.30574     0.65   0.19   16.82    8.79  0.00539  0.00189  0.00359  0.00184
Mark_83         2460460.30603     0.54   0.19   27.64   10.73  0.00309  0.00190  0.00446  0.00185
Mark_84         2460460.31796     0.35   0.07   59.89    6.32 -0.00173  0.00075  0.00302  0.00074
Mark_84         2460460.31818     0.25   0.08   66.61    9.32 -0.00169  0.00076  0.00179  0.00074
Mark_84         2460460.31840     0.33   0.08   63.85    6.88 -0.00200  0.00077  0.00259  0.00075
Mark_84         2460460.31862     0.35   0.08   51.23    6.29 -0.00076  0.00078  0.00345  0.00075
Mark_84         2460460.31884     0.41   0.07   70.52    5.31 -0.00322  0.00076  0.00260  0.00073
Mark_84         2460460.31906     0.23   0.07   37.14    9.74  0.00063  0.00076  0.00226  0.00074
Mark_84         2460460.31928     0.28   0.07   46.85    7.78 -0.00018  0.00075  0.00281  0.00073
Mark_84         2460460.31950     0.19   0.07   57.15   12.13 -0.00079  0.00075  0.00176  0.00073
Mark_85         2460426.36097     0.14   0.23   16.34   61.44  0.00114  0.00230  0.00073  0.00227
Mark_85         2460426.36120     0.57   0.23   68.66   12.78 -0.00420  0.00228  0.00387  0.00225
Mark_85         2460426.36144     0.73   0.22   49.94    9.12 -0.00125  0.00222  0.00719  0.00218
Mark_85         2460426.36167     0.08   0.22   83.43   61.44 -0.00073  0.00224  0.00017  0.00219
Mark_85         2460426.36190     0.46   0.22   30.25   15.88  0.00229  0.00224  0.00405  0.00217
Mark_85         2460426.36213     0.24   0.22   48.83   61.44 -0.00031  0.00227  0.00233  0.00219
Mark_85         2460426.36236     0.58   0.22   32.03   11.99  0.00252  0.00221  0.00517  0.00216
Mark_85         2460426.36259     0.35   0.22   30.42   24.47  0.00169  0.00225  0.00303  0.00219
Mark_86         2460830.39141     0.51   0.17    0.79   10.46  0.00508  0.00171  0.00014  0.00166
Mark_86         2460830.39170     0.15   0.17   -3.01   61.44  0.00150  0.00168 -0.00016  0.00163
Mark_86         2460830.39199     0.33   0.17  -24.86   17.55  0.00213  0.00169 -0.00252  0.00165
Mark_86         2460830.39228     0.39   0.16   68.99   14.00 -0.00287  0.00167  0.00259  0.00162
Mark_86         2460830.39257     0.21   0.17   23.06   61.44  0.00144  0.00169  0.00149  0.00165
Mark_86         2460830.39286     0.37   0.17  -10.92   14.88  0.00347  0.00168 -0.00139  0.00163
Mark_86         2460830.39315     0.09   0.17   23.45   61.44  0.00059  0.00173  0.00063  0.00167
Mark_86         2460830.39388     0.38   0.19  -28.36   16.68  0.00211  0.00191 -0.00321  0.00185
Mark_86         2460830.39417     0.05   0.19  -44.36   61.44  0.00001  0.00190 -0.00047  0.00185
Mark_86         2460830.39446     0.30   0.19    2.86   24.50  0.00302  0.00193  0.00030  0.00188
Mark_86         2460830.39475     0.08   0.19   22.09   61.44  0.00059  0.00191  0.00057  0.00185
Mark_86         2460830.39503     0.09   0.19   48.80   61.44 -0.00012  0.00192  0.00092  0.00185
Mark_86         2460830.39532     0.15   0.18  -50.05   61.44 -0.00027  0.00190 -0.00151  0.00184
Mark_86         2460830.39561     0.20   0.19  -49.44   61.44 -0.00030  0.00190 -0.00195  0.00185
Mark_89         2460438.38756     0.63   0.22   47.03   11.09 -0.00045  0.00229  0.00632  0.00224
Mark_89         2460438.38787     0.60   0.22   32.71   11.72  0.00251  0.00229  0.00548  0.00222
Mark_89         2460438.38818     0.65   0.22   60.78   10.87 -0.00338  0.00228  0.00550  0.00223
Mark_89         2460438.38850     0.34   0.23    7.81   26.13  0.00331  0.00228  0.00092  0.00222
Mark_89         2460438.38912     0.44   0.23   63.80   17.90 -0.00268  0.00228  0.00347  0.00223
Mark_89         2460438.38943     0.40   0.23  -25.05   20.29  0.00258  0.00229 -0.00309  0.00223
Mark_89         2460438.38975     0.39   0.22   61.27   21.12 -0.00209  0.00228  0.00328  0.00222
Mark_89         2460438.39006     0.49   0.23    5.18   15.79  0.00481  0.00229  0.00088  0.00223
Mark_92         2460432.36466     0.76   0.29  -37.32   12.16  0.00201  0.00295 -0.00732  0.00289
Mark_92         2460432.36499     0.53   0.30    2.87   21.19  0.00525  0.00305  0.00053  0.00300
Mark_92         2460432.36531     0.34   0.30   20.32   61.44  0.00259  0.00306  0.00223  0.00300
Mark_92         2460432.36564     0.33   0.29   25.20   61.44  0.00209  0.00298  0.00253  0.00293
Mark_92         2460432.36596     0.73   0.31   12.17   13.96  0.00661  0.00310  0.00299  0.00305
Mark_92         2460432.36628     0.20   0.30   25.57   61.44  0.00126  0.00304  0.00156  0.00299
Mark_92         2460432.36661     0.60   0.29   30.45   16.57  0.00290  0.00293  0.00521  0.00288
Mark_92         2460432.36693     0.51   0.28    2.25   20.27  0.00504  0.00283  0.00040  0.00279
Mark_92         2460432.36726     0.35   0.27  -14.73   61.44  0.00306  0.00272 -0.00173  0.00267
Mark_92         2460432.36762     0.51   0.29  -19.72   21.04  0.00393  0.00295 -0.00324  0.00289
Mark_92         2460432.36794     0.66   0.30   31.54   15.01  0.00301  0.00304  0.00592  0.00298
Mark_92         2460432.36826     0.03   0.29   87.65   61.44 -0.00031  0.00290  0.00003  0.00284
Mark_92         2460432.36859     0.52   0.27   47.86   18.37 -0.00052  0.00279  0.00520  0.00273
Mark_95         2460432.31118     0.04   0.27  -17.41   61.44  0.00030  0.00273 -0.00021  0.00267
Mark_95         2460432.31160     0.12   0.25   39.70   61.44  0.00023  0.00255  0.00122  0.00249
Mark_95         2460432.31189     0.79   0.25   28.47    9.56  0.00432  0.00250  0.00663  0.00245
Mark_95         2460432.31218     0.45   0.24   37.83   18.96  0.00112  0.00246  0.00437  0.00241
Mark_95         2460432.31247     0.27   0.24   53.51   61.44 -0.00078  0.00248  0.00255  0.00242
Mark_95         2460432.31275     0.26   0.24   22.49   61.44  0.00185  0.00247  0.00185  0.00240
Mark_95         2460432.31315     0.76   0.24   44.82    9.74  0.00005  0.00244  0.00755  0.00239
Mark_95         2460432.31344     0.29   0.24   15.31   61.44  0.00246  0.00245  0.00146  0.00239
Mark_95         2460432.31373     0.27   0.24    9.07   61.44  0.00255  0.00243  0.00083  0.00237
Mark_95         2460432.31402     0.20   0.24  -16.83   61.44  0.00169  0.00241 -0.00113  0.00234
Mark_96         2460460.41453     0.54   0.13   47.48    7.22 -0.00046  0.00133  0.00535  0.00130
Mark_96         2460460.41481     0.52   0.13   71.64    7.60 -0.00417  0.00133  0.00311  0.00130
Mark_96         2460460.41550     0.43   0.13   66.49    9.48 -0.00297  0.00136  0.00318  0.00133
Mark_96         2460460.41579     0.47   0.13   49.06    8.42 -0.00067  0.00135  0.00466  0.00131
Mark_96         2460460.41608     0.46   0.13   67.93    8.94 -0.00327  0.00135  0.00317  0.00132
Mark_96         2460460.41637     0.47   0.13   55.21    8.56 -0.00164  0.00135  0.00439  0.00132
Mark_96         2460460.41666     0.44   0.13   62.32    9.23 -0.00250  0.00135  0.00363  0.00132
Mark_99         2460426.36456     0.54   0.31   19.41   21.00  0.00424  0.00317  0.00341  0.00306
Mark_99         2460426.36481     0.17   0.32  -19.86   61.44  0.00133  0.00327 -0.00111  0.00314
Mark_99         2460426.36507     0.08   0.32  -39.21   61.44  0.00016  0.00322 -0.00078  0.00320
Mark_99         2460426.36532     0.38   0.32    0.58   61.44  0.00384  0.00319  0.00008  0.00317
Mark_99         2460426.36558     0.29   0.32  -74.34   61.44 -0.00245  0.00324 -0.00149  0.00317
Mark_99         2460426.36583     0.06   0.33   80.37   61.44 -0.00055  0.00335  0.00019  0.00324
Mark_99         2460426.36609     0.22   0.32  -67.80   61.44 -0.00154  0.00323 -0.00151  0.00310
Mark_104        2460460.38067     0.45   0.14   34.80    9.75  0.00155  0.00143  0.00418  0.00141
Mark_104        2460460.38091     0.18   0.14   50.03   61.44 -0.00032  0.00144  0.00178  0.00141
Mark_104        2460460.38116     0.26   0.14   30.59   20.08  0.00123  0.00144  0.00224  0.00142
Mark_104        2460460.38140     0.41   0.14   72.00   11.01 -0.00330  0.00144  0.00240  0.00142
Mark_104        2460460.38164     0.34   0.15   46.53   14.25 -0.00018  0.00147  0.00335  0.00145
Mark_104        2460460.38189     0.37   0.14   61.56   12.67 -0.00200  0.00146  0.00306  0.00143
Mark_104        2460460.38213     0.29   0.15   67.26   17.77 -0.00202  0.00148  0.00205  0.00146
Mark_105        2460459.35277     0.48   0.13   38.45    7.96  0.00110  0.00131  0.00472  0.00128
Mark_105        2460459.35300     0.15   0.13   16.14   61.44  0.00126  0.00131  0.00080  0.00128
Mark_105        2460459.35323     0.54   0.13   32.42    7.14  0.00228  0.00131  0.00485  0.00128
Mark_105        2460459.35346     0.29   0.13   45.54   15.03 -0.00005  0.00132  0.00286  0.00129
Mark_105        2460459.35369     0.24   0.13   68.36   19.04 -0.00177  0.00132  0.00166  0.00128
Mark_105        2460459.35392     0.09   0.13   65.90   61.44 -0.00062  0.00131  0.00069  0.00128
Mark_105        2460459.35422     0.52   0.13   43.17    7.42  0.00033  0.00131  0.00515  0.00128
Mark_105        2460459.35446     0.14   0.13    0.87   61.44  0.00139  0.00131  0.00004  0.00128
Mark_105        2460459.35469     0.25   0.13   46.98   17.79 -0.00017  0.00130  0.00250  0.00128
Mark_106        2460461.38602     0.62   0.21   44.53   10.29  0.00010  0.00211  0.00618  0.00205
Mark_106        2460461.38639     0.32   0.21   25.35   25.05  0.00204  0.00212  0.00250  0.00206
Mark_106        2460461.38676     0.29   0.21   35.00   61.44  0.00099  0.00210  0.00272  0.00205
Mark_106        2460461.38713     0.05   0.21  -85.21   61.44 -0.00050  0.00210 -0.00008  0.00204
Mark_106        2460461.38751     0.73   0.21   29.60    8.51  0.00375  0.00210  0.00628  0.00204
Mark_106        2460461.38788     0.28   0.21   38.04   61.44  0.00067  0.00212  0.00271  0.00207
Mark_106        2460461.38825     0.06   0.20  -52.25   61.44 -0.00015  0.00210 -0.00058  0.00204
Mark_106        2460461.38862     0.38   0.21   34.72   19.02  0.00135  0.00211  0.00359  0.00205
Mark_110        2460438.38258     0.40   0.22   16.76   20.41  0.00329  0.00224  0.00218  0.00219
Mark_110        2460438.38289     0.33   0.22   38.69   25.87  0.00073  0.00224  0.00325  0.00219
Mark_110        2460438.38321     0.96   0.22   53.60    6.79 -0.00284  0.00223  0.00917  0.00219
Mark_110        2460438.38352     0.67   0.22   58.87   10.11 -0.00313  0.00223  0.00596  0.00219
Mark_110        2460438.38383     0.57   0.22   60.55   12.40 -0.00293  0.00224  0.00486  0.00218
Mark_110        2460438.38414     0.43   0.22   23.79   17.95  0.00290  0.00224  0.00317  0.00219
Mark_110        2460438.38446     0.21   0.22   62.35   61.44 -0.00120  0.00224  0.00174  0.00219
Mark_110        2460438.38477     0.69   0.22   40.97    9.88  0.00096  0.00224  0.00680  0.00220
Mark_110        2460438.38508     0.16   0.22   35.00   61.44  0.00055  0.00224  0.00150  0.00219
Mark_112        2460459.42127     0.56   0.18   59.77    9.75 -0.00276  0.00180  0.00486  0.00176
Mark_112        2460459.42178     0.46   0.18   63.75   12.53 -0.00278  0.00181  0.00363  0.00177
Mark_112        2460459.42204     0.64   0.18   32.77    8.67  0.00263  0.00184  0.00578  0.00181
Mark_112        2460459.42229     0.34   0.19   59.97   19.61 -0.00169  0.00188  0.00293  0.00184
Mark_112        2460459.42255     0.31   0.19   73.22   22.27 -0.00262  0.00189  0.00174  0.00185
Mark_112        2460459.42280     0.68   0.19   35.51    8.35  0.00222  0.00192  0.00645  0.00188
Mark_112        2460459.42307     0.20   0.19   29.01   61.44  0.00107  0.00193  0.00171  0.00189
Mark_112        2460459.42331     0.55   0.22   54.15   13.00 -0.00173  0.00226  0.00523  0.00221
Mark_116        2460459.32184     0.36   0.21    9.65   20.44  0.00344  0.00206  0.00120  0.00200
Mark_116        2460459.32219     0.29   0.20   27.10   27.87  0.00171  0.00205  0.00237  0.00200
Mark_116        2460459.32253     0.41   0.20   42.67   16.76  0.00034  0.00207  0.00412  0.00202
Mark_116        2460459.32288     0.50   0.20   19.13   13.34  0.00390  0.00206  0.00307  0.00201
Mark_116        2460459.32323     0.26   0.20   33.62   61.44  0.00099  0.00206  0.00236  0.00201
Mark_116        2460459.32358     0.33   0.21   16.23   23.49  0.00280  0.00207  0.00178  0.00201
Mark_116        2460459.32394     0.19   0.20   35.28   61.44  0.00062  0.00207  0.00177  0.00202
Mark_116        2460459.32428     0.37   0.20   46.38   19.20 -0.00018  0.00206  0.00372  0.00201
Mark_118        2460461.40227     0.91   0.20   63.04    6.54 -0.00534  0.00204  0.00733  0.00198
Mark_118        2460461.40262     0.38   0.20   43.74   18.92  0.00017  0.00206  0.00376  0.00201
Mark_118        2460461.40296     0.19   0.20   54.93   61.44 -0.00064  0.00206  0.00177  0.00201
Mark_118        2460461.40331     0.55   0.20   67.88   11.56 -0.00397  0.00205  0.00387  0.00200
Mark_118        2460461.40366     0.68   0.20   50.52    9.04 -0.00129  0.00206  0.00663  0.00200
Mark_118        2460461.40400     0.54   0.20   31.29   12.00  0.00247  0.00207  0.00476  0.00201
Mark_118        2460461.40435     0.51   0.20   70.35   12.79 -0.00396  0.00205  0.00324  0.00201
Mark_118        2460461.40470     0.31   0.20   43.97   24.65  0.00011  0.00206  0.00315  0.00201
Mark_118        2460461.40523     0.24   0.20   61.36   61.44 -0.00129  0.00208  0.00201  0.00203
Mark_118        2460461.40558     0.51   0.20   74.73   13.07 -0.00437  0.00206  0.00257  0.00201
Mark_118        2460461.40593     0.35   0.21   68.67   21.94 -0.00256  0.00208  0.00235  0.00202
Mark_119        2460460.43538     0.13   0.22    3.43   61.44  0.00124  0.00218  0.00015  0.00215
Mark_119        2460460.43573     0.57   0.22   68.28   12.47 -0.00413  0.00224  0.00391  0.00218
Mark_119        2460460.43609     0.54   0.22   41.60   12.99  0.00064  0.00224  0.00540  0.00219
Mark_119        2460460.43644     0.88   0.22   37.50    7.41  0.00228  0.00223  0.00851  0.00218
Mark_119        2460460.43677     0.06   0.22  -53.36   61.44 -0.00016  0.00220 -0.00053  0.00215
Mark_119        2460460.43712     0.43   0.22   31.08   17.47  0.00200  0.00220  0.00379  0.00215
Mark_119        2460460.43747     0.20   0.22   30.28   61.44  0.00096  0.00220  0.00170  0.00215
Mark_119        2460460.43782     0.23   0.22   66.67   61.44 -0.00160  0.00221  0.00170  0.00216
Mark_119        2460460.43819     0.25   0.22   33.21   61.44  0.00099  0.00222  0.00227  0.00217
Mark_119        2460460.43854     0.43   0.22   36.58   17.12  0.00126  0.00221  0.00415  0.00215
Mark_119        2460460.43889     0.43   0.22   20.18   17.47  0.00329  0.00220  0.00280  0.00215
Mark_121        2460460.33091     0.46   0.15   42.16   10.04  0.00046  0.00153  0.00459  0.00150
Mark_121        2460460.33116     0.67   0.15   42.15    6.63  0.00067  0.00153  0.00667  0.00150
Mark_121        2460460.33140     0.33   0.15   45.37   15.50 -0.00004  0.00153  0.00325  0.00150
Mark_121        2460460.33164     0.65   0.15   61.91    6.89 -0.00360  0.00152  0.00538  0.00149
Mark_121        2460460.33189     0.54   0.15   48.45    8.56 -0.00065  0.00155  0.00534  0.00152
Mark_121        2460460.33213     0.23   0.15   70.93   26.47 -0.00180  0.00154  0.00141  0.00151
Mark_121        2460460.33262     0.45   0.15   54.17   10.53 -0.00141  0.00155  0.00425  0.00151
Mark_121        2460460.33306     0.58   0.15   50.90    7.71 -0.00119  0.00153  0.00568  0.00149
Mark_121        2460460.33329     0.32   0.15   48.06   15.60 -0.00035  0.00153  0.00322  0.00150
Mark_121        2460460.33354     0.44   0.15   64.54   10.66 -0.00276  0.00152  0.00340  0.00148
Mark_121        2460460.33378     0.42   0.15   67.09   11.62 -0.00289  0.00154  0.00298  0.00151
Mark_121        2460460.33403     0.66   0.15   46.87    6.81 -0.00043  0.00154  0.00658  0.00151
Mark_122        2460432.38536     0.90   0.33   55.09   11.80 -0.00310  0.00340  0.00842  0.00333
Mark_122        2460432.38572     0.36   0.47   20.17   61.44  0.00275  0.00472  0.00234  0.00461
Mark_122        2460432.38610     0.16   0.21   56.67   61.44 -0.00062  0.00215  0.00145  0.00211
Mark_122        2460432.38647     0.15   0.20  -28.95   61.44  0.00078  0.00199 -0.00124  0.00195
Mark_122        2460432.38684     0.35   0.21    5.73   21.73  0.00343  0.00206  0.00070  0.00202
Mark_122        2460432.38721     0.72   0.30   -8.71   13.40  0.00686  0.00297 -0.00215  0.00292
Mark_122        2460432.38795     0.28   0.35   65.03   61.44 -0.00179  0.00352  0.00213  0.00343
Mark_122        2460432.38832     0.28   0.22   51.18   61.44 -0.00059  0.00223  0.00270  0.00218
Mark_122        2460432.38869     0.30   0.22   32.04   61.44  0.00133  0.00221  0.00274  0.00217
Mark_122        2460432.38906     0.18   0.21   43.26   61.44  0.00011  0.00216  0.00181  0.00212
Mark_122        2460432.38943     0.17   0.26   31.74   61.44  0.00076  0.00266  0.00153  0.00258
Mark_123        2460461.32784     0.52   0.20   44.18   12.52  0.00015  0.00208  0.00520  0.00203
Mark_123        2460461.32818     0.42   0.21   24.57   16.88  0.00274  0.00208  0.00316  0.00204
Mark_123        2460461.32853     0.73   0.20   29.67    8.52  0.00371  0.00208  0.00627  0.00204
Mark_123        2460461.32888     0.31   0.21   47.91   25.53 -0.00032  0.00210  0.00312  0.00205
Mark_123        2460461.32922     0.44   0.21   68.07   16.10 -0.00315  0.00209  0.00302  0.00205
Mark_123        2460461.32957     0.40   0.21   25.87   17.97  0.00247  0.00208  0.00313  0.00204
Mark_123        2460461.32992     0.67   0.20   35.27    9.26  0.00225  0.00208  0.00636  0.00204
Mark_123        2460461.33027     0.64   0.21   45.32    9.91 -0.00007  0.00208  0.00638  0.00205
Mark_123        2460461.33105     0.51   0.21   49.47   13.22 -0.00078  0.00210  0.00499  0.00206
Mark_123        2460461.33140     0.17   0.21    5.99   61.44  0.00167  0.00208  0.00035  0.00204
Mark_123        2460461.33175     0.15   0.21  -14.47   61.44  0.00135  0.00209 -0.00075  0.00206
Mark_123        2460461.33209     0.57   0.21   25.57   11.27  0.00360  0.00208  0.00447  0.00204
Mark_123        2460461.33244     0.54   0.21   32.17   12.08  0.00235  0.00209  0.00489  0.00205
Mark_124        2460460.29818     0.64   0.23   43.03   11.29  0.00044  0.00233  0.00634  0.00228
Mark_124        2460460.29852     0.55   0.22   63.95   13.12 -0.00339  0.00226  0.00435  0.00222
Mark_124        2460460.29885     0.70   0.23   25.17   10.03  0.00448  0.00230  0.00540  0.00226
Mark_124        2460460.29919     0.74   0.23   41.81    9.34  0.00082  0.00232  0.00736  0.00226
Mark_124        2460460.29953     0.79   0.23   53.19    8.86 -0.00221  0.00234  0.00753  0.00228
Mark_124        2460460.29986     0.65   0.23   50.21   11.09 -0.00118  0.00234  0.00641  0.00230
Mark_124        2460460.30020     0.74   0.23   42.22    9.28  0.00072  0.00228  0.00738  0.00225
Mark_124        2460460.30053     1.00   0.22   47.56    6.64 -0.00089  0.00227  0.00992  0.00223
Mark_127        2460459.42560     0.10   0.15   46.53   61.44 -0.00005  0.00154  0.00096  0.00150
Mark_127        2460459.42586     0.10   0.14  -50.14   61.44 -0.00018  0.00146 -0.00099  0.00143
Mark_127        2460459.42611     0.37   0.22    1.46   22.70  0.00371  0.00225  0.00019  0.00220
Mark_127        2460459.42637     0.29   0.17  -17.05   21.67  0.00240  0.00171 -0.00162  0.00167
Mark_127        2460459.42662     0.47   0.18   -1.58   11.98  0.00472  0.00178 -0.00026  0.00174
Mark_127        2460459.42689     0.29   0.18    6.07   24.79  0.00279  0.00183  0.00060  0.00179
Mark_127        2460459.42714     0.15   0.14   37.04   61.44  0.00041  0.00145  0.00143  0.00142
Mark_127        2460459.42740     0.19   0.14   19.53   61.44  0.00151  0.00146  0.00123  0.00142
Mark_128        2460461.39625     0.30   0.20   17.22   25.95  0.00247  0.00200  0.00170  0.00194
Mark_128        2460461.39664     0.58   0.20   14.58   10.64  0.00505  0.00199  0.00282  0.00193
Mark_128        2460461.39703     0.19   0.20   13.19   61.44  0.00172  0.00199  0.00085  0.00193
Mark_128        2460461.39741     0.15   0.20   59.33   61.44 -0.00071  0.00200  0.00129  0.00195
Mark_128        2460461.39779     0.21   0.20   -6.87   61.44  0.00200  0.00199 -0.00049  0.00193
Mark_128        2460461.39817     0.55   0.19   39.83   11.13  0.00098  0.00200  0.00539  0.00194
Mark_128        2460461.39856     0.40   0.19   40.03   16.33  0.00069  0.00199  0.00396  0.00193
Mark_128        2460461.39895     0.31   0.20   41.83   24.79  0.00034  0.00201  0.00304  0.00196
Mark_131        2460459.41117     0.09   0.17   85.98   61.44 -0.00090  0.00171  0.00013  0.00167
Mark_131        2460459.41155     0.17   0.17   33.15   61.44  0.00068  0.00176  0.00155  0.00172
Mark_131        2460459.41182     0.15   0.18   21.53   61.44  0.00108  0.00180  0.00101  0.00175
Mark_131        2460459.41207     0.33   0.19   19.58   21.50  0.00259  0.00197  0.00211  0.00191
Mark_131        2460459.41245     0.33   0.19   42.66   19.97  0.00027  0.00190  0.00333  0.00185
Mark_131        2460459.41271     0.24   0.18   34.53   61.44  0.00085  0.00183  0.00222  0.00178
Mark_131        2460459.41296     0.25   0.18   17.40   61.44  0.00206  0.00180  0.00143  0.00175
Mark_131        2460459.41322     0.30   0.20  -77.09   26.99 -0.00266  0.00201 -0.00129  0.00196
Mark_132        2460460.38431     0.67   0.16   56.98    6.92 -0.00273  0.00159  0.00615  0.00156
Mark_132        2460460.38455     0.92   0.15   65.54    4.93 -0.00603  0.00157  0.00691  0.00153
Mark_132        2460460.38479     0.42   0.15   60.15   11.53 -0.00213  0.00156  0.00364  0.00153
Mark_132        2460460.38503     0.32   0.15   43.43   16.05  0.00018  0.00155  0.00320  0.00152
Mark_132        2460460.38528     0.61   0.15   64.33    7.57 -0.00380  0.00156  0.00475  0.00152
Mark_132        2460460.38552     0.53   0.15   52.06    8.68 -0.00130  0.00156  0.00517  0.00152
Mark_132        2460460.38576     0.21   0.15   29.62   61.44  0.00110  0.00155  0.00184  0.00152
Mark_132        2460460.38602     0.55   0.15   46.06    8.40 -0.00020  0.00155  0.00547  0.00152
Mark_141        2460460.32655     0.37   0.18   53.73   17.12 -0.00111  0.00188  0.00354  0.00184
Mark_141        2460460.32685     0.09   0.18   33.55   61.44  0.00035  0.00188  0.00084  0.00184
Mark_141        2460460.32715     0.56   0.19   48.33   10.30 -0.00065  0.00190  0.00553  0.00185
Mark_141        2460460.32745     0.35   0.18   56.65   18.73 -0.00138  0.00189  0.00320  0.00184
Mark_141        2460460.32775     0.24   0.19   58.12   61.44 -0.00107  0.00189  0.00216  0.00185
Mark_141        2460460.32806     0.45   0.18   47.35   13.16 -0.00037  0.00188  0.00451  0.00184
Mark_141        2460460.32836     0.25   0.19   41.50   61.44  0.00031  0.00188  0.00250  0.00185
Mark_141        2460460.32866     0.16   0.18   61.74   61.44 -0.00090  0.00188  0.00136  0.00183
Mark_144        2460461.40792     0.30   0.17   22.63   19.72  0.00213  0.00169  0.00215  0.00164
Mark_144        2460461.40859     0.27   0.17   81.42   23.69 -0.00261  0.00170  0.00081  0.00166
Mark_144        2460461.40891     0.16   0.17   69.72   61.44 -0.00120  0.00169  0.00102  0.00165
Mark_144        2460461.40924     0.27   0.17  -82.84   23.75 -0.00261  0.00168 -0.00067  0.00165
Mark_144        2460461.40956     0.49   0.16   54.50   10.32 -0.00160  0.00168  0.00465  0.00163
Mark_144        2460461.40988     0.35   0.17   72.16   16.00 -0.00287  0.00168  0.00206  0.00164
Mark_144        2460461.41021     0.24   0.17   86.33   28.18 -0.00241  0.00169  0.00031  0.00165
Mark_144        2460461.41075     0.64   0.17   66.22    7.88 -0.00430  0.00169  0.00470  0.00165
Mark_149        2460461.36021     0.31   0.09   38.44    9.46  0.00069  0.00096  0.00297  0.00094
Mark_149        2460461.36045     0.21   0.09   34.97   14.42  0.00073  0.00095  0.00200  0.00093
Mark_149        2460461.36069     0.22   0.09   65.73   14.57 -0.00143  0.00096  0.00162  0.00094
Mark_149        2460461.36094     0.24   0.10   80.10   12.90 -0.00225  0.00096  0.00081  0.00093
Mark_149        2460461.36118     0.33   0.09   62.19    8.72 -0.00186  0.00096  0.00272  0.00094
Mark_149        2460461.36142     0.39   0.09   53.93    7.15 -0.00119  0.00096  0.00370  0.00093
Mark_149        2460461.36167     0.24   0.09   76.68   12.63 -0.00215  0.00095  0.00108  0.00093
Mark_149        2460461.36191     0.22   0.09   28.74   13.67  0.00120  0.00096  0.00189  0.00093
Mark_150        2460460.41052     0.34   0.13   54.70   12.25 -0.00112  0.00131  0.00318  0.00129
Mark_150        2460460.41078     0.31   0.13   71.14   13.72 -0.00247  0.00132  0.00191  0.00129
Mark_150        2460460.41103     0.29   0.13   51.61   14.56 -0.00067  0.00132  0.00286  0.00129
Mark_150        2460460.41155     0.31   0.13   57.42   13.66 -0.00130  0.00132  0.00281  0.00129
Mark_150        2460460.41181     0.41   0.13   54.21    9.82 -0.00129  0.00131  0.00387  0.00130
Mark_150        2460460.41219     0.28   0.13   39.67   15.83  0.00051  0.00133  0.00271  0.00129
Mark_150        2460460.41244     0.24   0.13  -82.96   20.06 -0.00228  0.00131 -0.00057  0.00129
Mark_150        2460460.41270     0.37   0.13   73.94   11.32 -0.00310  0.00132  0.00194  0.00130
Mark_151        2460461.43060     0.20   0.28  -84.95   61.44 -0.00198  0.00279 -0.00035  0.00273
Mark_151        2460461.43094     0.31   0.21   55.25   27.53 -0.00110  0.00218  0.00293  0.00214
Mark_151        2460461.43127     0.46   0.21   70.05   15.77 -0.00351  0.00216  0.00293  0.00210
Mark_151        2460461.43161     0.23   0.19   72.60   61.44 -0.00186  0.00189  0.00129  0.00184
Mark_151        2460461.43194     0.34   0.35   73.60   61.44 -0.00289  0.00355  0.00186  0.00343
Mark_151        2460461.43228     0.09   0.33   41.39   61.44  0.00011  0.00342  0.00089  0.00331
Mark_151        2460461.43262     0.18   0.19   56.72   61.44 -0.00072  0.00190  0.00167  0.00185
Mark_151        2460461.43295     0.43   0.23   57.94   18.56 -0.00188  0.00232  0.00388  0.00226
Mark_151        2460461.43336     0.63   0.19   50.35    9.04 -0.00117  0.00193  0.00618  0.00186
Mark_151        2460461.43369     0.43   0.18   47.78   14.21 -0.00041  0.00189  0.00424  0.00184
Mark_151        2460461.43403     0.32   0.19    4.06   21.69  0.00319  0.00189  0.00045  0.00183
Mark_151        2460461.43436     0.25   0.18   47.70   61.44 -0.00024  0.00189  0.00252  0.00184
Mark_154        2460461.42704     0.46   0.20   77.53   13.90 -0.00419  0.00197  0.00195  0.00191
Mark_154        2460461.42734     0.29   0.19   42.74   25.59  0.00023  0.00199  0.00293  0.00192
Mark_154        2460461.42764     0.73   0.19   63.59    7.92 -0.00442  0.00196  0.00582  0.00190
Mark_154        2460461.42794     0.51   0.19   56.41   11.71 -0.00199  0.00195  0.00474  0.00189
Mark_154        2460461.42824     0.43   0.19   50.57   14.61 -0.00083  0.00195  0.00421  0.00189
Mark_154        2460461.42854     0.58   0.19   27.77   10.06  0.00330  0.00194  0.00481  0.00188
Mark_154        2460461.42884     0.35   0.19   74.37   20.31 -0.00295  0.00195  0.00179  0.00190
Mark_154        2460461.42914     0.22   0.19   65.68   61.44 -0.00143  0.00195  0.00162  0.00190
Mark_163        2460426.36785     0.45   0.21   34.33   15.46  0.00163  0.00212  0.00418  0.00206
Mark_163        2460426.36810     1.00   0.21   36.13    6.14  0.00304  0.00214  0.00950  0.00207
Mark_163        2460426.36836     0.84   0.21   34.43    7.55  0.00301  0.00215  0.00779  0.00210
Mark_163        2460426.36862     0.90   0.21   33.27    6.78  0.00359  0.00210  0.00827  0.00205
Mark_163        2460426.36888     0.94   0.21   38.74    6.51  0.00203  0.00212  0.00916  0.00206
Mark_163        2460426.36925     0.76   0.21   38.97    8.26  0.00160  0.00216  0.00748  0.00209
Mark_163        2460426.36950     0.57   0.21   27.36   11.77  0.00331  0.00218  0.00468  0.00211
Mark_163        2460426.36976     0.93   0.21   30.57    6.65  0.00448  0.00213  0.00813  0.00207
Mark_164        2460426.37161     0.65   0.24   44.55   11.72  0.00010  0.00251  0.00649  0.00240
Mark_164        2460426.37193     0.62   0.25   59.25   12.62 -0.00298  0.00252  0.00549  0.00243
Mark_164        2460426.37226     0.72   0.24   46.27   10.46 -0.00032  0.00252  0.00722  0.00243
Mark_164        2460426.37258     0.90   0.23   50.79    7.82 -0.00180  0.00239  0.00878  0.00233
Mark_164        2460426.37291     0.81   0.24   63.96    9.09 -0.00498  0.00246  0.00639  0.00238
Mark_164        2460426.37323     0.52   0.24    5.40   15.44  0.00514  0.00241  0.00098  0.00234
Mark_164        2460426.37355     1.00   0.24   19.13    7.26  0.00788  0.00248  0.00621  0.00238
Mark_166        2460426.37557     0.48   0.16   41.57   10.55  0.00057  0.00166  0.00475  0.00162
Mark_166        2460426.37576     0.12   0.18  -86.99   61.44 -0.00118  0.00178 -0.00012  0.00173
Mark_166        2460426.37596     0.61   0.17   42.70    8.18  0.00049  0.00170  0.00610  0.00166
Mark_166        2460426.37616     0.54   0.17   60.94    9.69 -0.00284  0.00172  0.00456  0.00168
Mark_166        2460426.37635     0.05   0.17   89.78   61.44 -0.00054  0.00173  0.00000  0.00170
Mark_166        2460426.37668     0.19   0.17   39.08   61.44  0.00039  0.00171  0.00186  0.00167
Mark_166        2460426.37688     0.47   0.17   25.35   11.09  0.00298  0.00168  0.00364  0.00165
Mark_166        2460426.37707     0.18   0.17   55.32   61.44 -0.00063  0.00169  0.00167  0.00165
Mark_167        2460459.33637     0.30   0.21   58.22   28.92 -0.00135  0.00218  0.00272  0.00213
Mark_167        2460459.33669     0.63   0.21   61.04   10.60 -0.00335  0.00218  0.00534  0.00213
Mark_167        2460459.33701     0.27   0.22   25.50   61.44  0.00170  0.00219  0.00209  0.00215
Mark_167        2460459.33734     0.40   0.21   31.11   19.40  0.00184  0.00218  0.00350  0.00214
Mark_167        2460459.33766     0.60   0.21   38.61   11.31  0.00132  0.00219  0.00581  0.00214
Mark_167        2460459.33799     0.30   0.21   42.58   61.44  0.00025  0.00219  0.00298  0.00212
Mark_167        2460459.33832     0.15   0.22   12.05   61.44  0.00139  0.00219  0.00062  0.00213
Mark_167        2460459.33865     0.24   0.22   84.27   61.44 -0.00236  0.00218  0.00048  0.00213
Mark_167        2460459.33899     0.21   0.22   26.23   61.44  0.00126  0.00219  0.00163  0.00213
Mark_167        2460459.33932     0.20   0.22   25.81   61.44  0.00124  0.00221  0.00157  0.00214
Mark_167        2460459.33964     0.67   0.22   70.05   10.10 -0.00510  0.00219  0.00427  0.00214
Mark_167        2460459.33997     0.49   0.21   45.25   14.48 -0.00004  0.00219  0.00488  0.00214
Mark_168        2460460.38807     0.21   0.23  -81.40   61.44 -0.00199  0.00228 -0.00062  0.00223
Mark_168        2460460.38840     0.36   0.22  -67.31   23.77 -0.00253  0.00228 -0.00256  0.00221
Mark_168        2460460.38874     0.40   0.22   72.46   20.64 -0.00324  0.00226  0.00228  0.00222
Mark_168        2460460.38907     0.28   0.22   62.45   61.44 -0.00163  0.00225  0.00233  0.00219
Mark_168        2460460.38941     0.31   0.22   47.66   61.44 -0.00028  0.00226  0.00304  0.00220
Mark_168        2460460.38976     0.36   0.22  -46.42   23.51 -0.00018  0.00226 -0.00357  0.00221
Mark_168        2460460.39009     0.22   0.23   18.32   61.44  0.00174  0.00228  0.00129  0.00222
Mark_168        2460460.39043     0.13   0.22  -37.02   61.44  0.00035  0.00230 -0.00123  0.00224
Mark_171        2460459.38679     0.10   0.21  -49.90   61.44 -0.00018  0.00212 -0.00102  0.00206
Mark_171        2460459.38708     0.44   0.21   37.02   15.70  0.00122  0.00211  0.00426  0.00206
Mark_171        2460459.38737     0.11   0.21   10.53   61.44  0.00102  0.00213  0.00039  0.00208
Mark_171        2460459.38766     0.20   0.21  -50.84   61.44 -0.00041  0.00214 -0.00197  0.00208
Mark_171        2460459.38795     0.27   0.21   12.25   61.44  0.00243  0.00214  0.00111  0.00208
Mark_171        2460459.38824     0.38   0.22   27.89   21.31  0.00212  0.00224  0.00312  0.00217
Mark_171        2460459.38853     0.35   0.22    9.73   24.50  0.00332  0.00225  0.00117  0.00218
Mark_171        2460459.38882     0.21   0.23    1.53   61.44  0.00206  0.00233  0.00011  0.00227
Mark_182        2460459.32904     0.33   0.15   42.88   14.52  0.00024  0.00148  0.00329  0.00145
Mark_182        2460459.32924     0.41   0.15   25.25   11.10  0.00263  0.00149  0.00319  0.00145
Mark_182        2460459.32943     0.13   0.15   -5.78   61.44  0.00130  0.00148 -0.00027  0.00145
Mark_182        2460459.32979     0.21   0.15   81.46   28.57 -0.00203  0.00149  0.00062  0.00145
Mark_182        2460459.32999     0.32   0.15   48.78   15.22 -0.00042  0.00148  0.00316  0.00145
Mark_182        2460459.33019     0.23   0.15   -5.14   25.90  0.00222  0.00149 -0.00040  0.00146
Mark_182        2460459.33056     0.14   0.15   -1.10   61.44  0.00139  0.00149 -0.00005  0.00146
Mark_182        2460459.33075     0.30   0.15    2.58   16.85  0.00302  0.00149  0.00027  0.00146
Mark_183        2460461.36721     0.37   0.21   50.07   20.30 -0.00066  0.00214  0.00367  0.00209
Mark_183        2460461.36757     0.67   0.21   45.83    9.43 -0.00019  0.00212  0.00670  0.00206
Mark_183        2460461.36793     0.64   0.21   53.24   10.00 -0.00181  0.00212  0.00612  0.00206
Mark_183        2460461.36829     0.28   0.21   51.68   61.44 -0.00066  0.00211  0.00277  0.00206
Mark_183        2460461.36865     0.34   0.21   35.91   22.56  0.00106  0.00212  0.00324  0.00205
Mark_183        2460461.36900     0.26   0.21   41.27   61.44  0.00033  0.00213  0.00256  0.00208
Mark_183        2460461.36937     0.52   0.21   59.24   12.89 -0.00247  0.00211  0.00456  0.00206
Mark_183        2460461.36973     0.43   0.21   35.34   16.12  0.00144  0.00211  0.00410  0.00206
Mark_184        2460459.33190     0.25   0.22  -24.84   61.44  0.00162  0.00226 -0.00191  0.00220
Mark_184        2460459.33225     0.26   0.22   79.24   61.44 -0.00246  0.00225  0.00097  0.00219
Mark_184        2460459.33259     0.55   0.22   46.87   12.90 -0.00036  0.00225  0.00549  0.00220
Mark_184        2460459.33294     0.18   0.22   15.59   61.44  0.00153  0.00225  0.00092  0.00220
Mark_184        2460459.33329     0.42   0.22   43.67   18.60  0.00019  0.00225  0.00415  0.00219
Mark_184        2460459.33363     0.18   0.22   12.48   61.44  0.00165  0.00225  0.00077  0.00220
Mark_184        2460459.33398     0.51   0.22   11.08   14.30  0.00476  0.00224  0.00194  0.00219
Mark_184        2460459.33433     0.12   0.22   34.38   61.44  0.00042  0.00226  0.00108  0.00220
Mark_188        2460426.38709     0.42   0.25   76.60   22.30 -0.00371  0.00250  0.00188  0.00243
Mark_188        2460426.38741     0.66   0.24   27.10   11.82  0.00383  0.00249  0.00532  0.00242
Mark_188        2460426.38772     0.22   0.25   55.25   61.44 -0.00078  0.00254  0.00208  0.00247
Mark_188        2460426.38803     0.40   0.25   -0.25   22.98  0.00405  0.00247 -0.00004  0.00240
Mark_188        2460426.38834     0.49   0.24   42.25   16.99  0.00047  0.00253  0.00490  0.00243
Mark_188        2460426.38866     0.76   0.24   44.00    9.85  0.00027  0.00252  0.00760  0.00243
Mark_188        2460426.38897     0.02   0.25   -7.85   61.44  0.00021  0.00251 -0.00006  0.00242
Mark_188        2460426.38928     0.33   0.26  -78.37   61.44 -0.00306  0.00261 -0.00132  0.00248
Mark_189        2460460.33574     0.39   0.14   40.22   11.76  0.00064  0.00147  0.00383  0.00144
Mark_189        2460460.33601     0.17   0.15   -7.96   61.44  0.00165  0.00147 -0.00047  0.00143
Mark_189        2460460.33626     0.37   0.14   42.68   12.33  0.00030  0.00146  0.00369  0.00143
Mark_189        2460460.33652     0.41   0.14   50.56   10.89 -0.00079  0.00146  0.00404  0.00143
Mark_189        2460460.33677     0.39   0.14   37.73   11.49  0.00098  0.00145  0.00378  0.00142
Mark_189        2460460.33703     0.40   0.14   67.65   11.37 -0.00283  0.00145  0.00280  0.00142
Mark_189        2460460.33728     0.22   0.14   48.65   25.54 -0.00028  0.00146  0.00217  0.00143
Mark_189        2460460.33753     0.02   0.14   54.92   61.44 -0.00006  0.00146  0.00018  0.00143
Mark_191        2460438.32618     0.30   0.19   80.64   25.17 -0.00285  0.00195  0.00097  0.00191
Mark_191        2460438.32635     0.27   0.19   62.09   61.44 -0.00153  0.00198  0.00225  0.00193
Mark_191        2460438.32669     0.38   0.20   69.46   17.76 -0.00289  0.00197  0.00252  0.00193
Mark_191        2460438.32686     0.62   0.19   62.44    9.52 -0.00357  0.00195  0.00512  0.00193
Mark_191        2460438.32733     0.57   0.19   62.39   10.55 -0.00327  0.00196  0.00470  0.00193
Mark_191        2460438.32750     0.31   0.19   72.25   24.27 -0.00251  0.00196  0.00179  0.00192
Mark_191        2460438.32796     0.26   0.19   62.21   61.44 -0.00144  0.00197  0.00211  0.00192
Mark_191        2460438.32814     0.53   0.20   82.39   11.76 -0.00514  0.00198  0.00140  0.00194
Mark_191        2460438.32860     0.48   0.20   75.67   13.43 -0.00417  0.00197  0.00228  0.00194
Mark_192        2460459.37657     0.13   0.16   64.19   61.44 -0.00083  0.00165  0.00105  0.00160
Mark_192        2460459.37678     0.33   0.17   74.73   17.93 -0.00283  0.00170  0.00167  0.00166
Mark_192        2460459.37699     0.31   0.16   59.89   18.43 -0.00156  0.00168  0.00272  0.00163
Mark_192        2460459.37734     0.22   0.17   76.16   61.44 -0.00193  0.00166  0.00101  0.00161
Mark_192        2460459.37755     0.39   0.16   64.25   13.18 -0.00243  0.00161  0.00305  0.00157
Mark_192        2460459.37775     0.25   0.16   86.69   24.75 -0.00250  0.00161  0.00029  0.00156
Mark_192        2460459.37810     0.20   0.16   67.07   61.44 -0.00139  0.00158  0.00143  0.00153
Mark_192        2460459.37831     0.33   0.15   58.88   15.38 -0.00156  0.00157  0.00296  0.00152
Mark_192        2460459.37852     0.27   0.15   67.34   21.04 -0.00189  0.00157  0.00191  0.00152
Mark_193        2460460.37545     0.75   0.22   49.93    8.84 -0.00129  0.00224  0.00743  0.00219
Mark_193        2460460.37580     0.41   0.22   68.81   19.36 -0.00303  0.00225  0.00277  0.00220
Mark_193        2460460.37612     0.85   0.22   56.91    7.84 -0.00344  0.00226  0.00778  0.00221
Mark_193        2460460.37647     0.51   0.22   66.49   14.48 -0.00346  0.00225  0.00371  0.00220
Mark_193        2460460.37720     0.78   0.22   58.31    8.67 -0.00350  0.00227  0.00698  0.00222
Mark_193        2460460.37753     0.58   0.22   69.19   12.16 -0.00436  0.00224  0.00387  0.00220
Mark_193        2460460.37787     0.41   0.23  -89.19   19.94 -0.00411  0.00228 -0.00012  0.00223
Mark_198        2460459.29524     0.61   0.21   34.00   10.79  0.00227  0.00213  0.00562  0.00209
Mark_198        2460459.29552     0.64   0.21   57.31   10.09 -0.00266  0.00212  0.00580  0.00207
Mark_198        2460459.29580     0.50   0.21   73.68   13.86 -0.00420  0.00212  0.00269  0.00208
Mark_198        2460459.29608     0.23   0.21   67.99   61.44 -0.00165  0.00213  0.00160  0.00208
Mark_198        2460459.29635     0.45   0.21   34.40   15.71  0.00163  0.00214  0.00419  0.00209
Mark_198        2460459.29663     0.69   0.21   38.60    9.32  0.00154  0.00214  0.00676  0.00211
Mark_200        2460438.31384     0.25   0.18   22.95   61.44  0.00171  0.00181  0.00177  0.00178
Mark_200        2460438.31422     0.11   0.18   85.16   61.44 -0.00111  0.00180  0.00019  0.00177
Mark_200        2460438.31459     0.47   0.18   37.71   11.91  0.00119  0.00180  0.00457  0.00177
Mark_200        2460438.31498     0.42   0.18   39.22   13.51  0.00085  0.00180  0.00416  0.00176
Mark_200        2460438.31535     0.26   0.18   37.50   27.84  0.00066  0.00180  0.00247  0.00176
Mark_200        2460438.31572     0.61   0.18   79.26    8.89 -0.00568  0.00179  0.00224  0.00174
Mark_206        2460460.42905     0.21   0.18   63.75   61.44 -0.00127  0.00181  0.00165  0.00176
Mark_206        2460460.42921     0.54   0.18   73.42   10.41 -0.00453  0.00183  0.00296  0.00177
Mark_206        2460460.42937     0.31   0.18   63.91   21.58 -0.00188  0.00183  0.00242  0.00177
Mark_206        2460460.42954     0.17   0.18   80.44   61.44 -0.00162  0.00183  0.00056  0.00177
Mark_206        2460460.42970     0.36   0.18  -88.27   17.42 -0.00363  0.00183 -0.00022  0.00177
Mark_206        2460460.42986     0.24   0.18   42.37   61.44  0.00022  0.00181  0.00241  0.00175
Mark_206        2460460.43002     0.25   0.18   54.43   28.60 -0.00082  0.00182  0.00240  0.00177
Mark_206        2460460.43019     0.24   0.18   45.30   61.44 -0.00003  0.00183  0.00242  0.00178
Mark_207        2460461.36366     0.32   0.10   87.43    9.28 -0.00322  0.00098  0.00029  0.00096
Mark_207        2460461.36389     0.16   0.10  -74.22   22.49 -0.00139  0.00099 -0.00085  0.00096
Mark_207        2460461.36412     0.31   0.10   62.94    9.52 -0.00184  0.00099  0.00254  0.00096
Mark_207        2460461.36436     0.48   0.10   69.48    6.03 -0.00361  0.00099  0.00314  0.00096
Mark_207        2460461.36459     0.33   0.10   57.17    9.00 -0.00135  0.00098  0.00297  0.00096
Mark_207        2460461.36483     0.21   0.10   68.64   15.33 -0.00157  0.00099  0.00145  0.00096
Mark_207        2460461.36506     0.16   0.10   64.76   22.41 -0.00103  0.00099  0.00125  0.00096
Mark_207        2460461.36529     0.25   0.10   78.03   12.25 -0.00233  0.00098  0.00103  0.00096
Mark_212        2460426.39204     0.51   0.24   25.59   16.01  0.00322  0.00245  0.00401  0.00242
Mark_212        2460426.39233     0.54   0.24   55.16   15.06 -0.00188  0.00250  0.00507  0.00243
Mark_212        2460426.39280     0.18   0.25   87.05   61.44 -0.00177  0.00252  0.00018  0.00247
Mark_212        2460426.39338     0.57   0.25  -17.66   14.92  0.00463  0.00257 -0.00328  0.00248
Mark_212        2460426.39384     0.25   0.25   51.72   61.44 -0.00058  0.00265  0.00243  0.00254
Mark_212        2460426.39432     0.74   0.25  -19.47   10.24  0.00579  0.00246 -0.00468  0.00246
Mark_212        2460426.39461     0.33   0.26   87.44   61.44 -0.00327  0.00263  0.00029  0.00256
Mark_216        2460438.37749     0.46   0.19   36.95   13.63  0.00126  0.00194  0.00437  0.00190
Mark_216        2460438.37825     0.39   0.19   30.04   17.00  0.00195  0.00196  0.00340  0.00193
Mark_216        2460438.37867     0.32   0.19   37.32   22.06  0.00086  0.00196  0.00312  0.00192
Mark_216        2460438.37907     0.34   0.19   71.20   20.65 -0.00272  0.00196  0.00209  0.00192
Mark_216        2460438.37948     0.63   0.20   13.44    9.53  0.00561  0.00196  0.00284  0.00192
Mark_216        2460438.37988     0.42   0.19   63.31   15.37 -0.00252  0.00197  0.00339  0.00192
Mark_217        2460461.41250     0.42   0.19   58.13   15.11 -0.00187  0.00196  0.00379  0.00190
Mark_217        2460461.41284     0.23   0.19   63.73   61.44 -0.00141  0.00195  0.00183  0.00190
Mark_217        2460461.41318     0.03   0.19   60.41   61.44 -0.00014  0.00194  0.00024  0.00188
Mark_217        2460461.41354     0.23   0.19   42.11   61.44  0.00023  0.00196  0.00232  0.00191
Mark_217        2460461.41389     0.67   0.21   47.56    9.90 -0.00060  0.00221  0.00664  0.00214
Mark_217        2460461.41436     0.26   0.19   33.30   61.44  0.00105  0.00195  0.00243  0.00190
Mark_217        2460461.41471     0.40   0.19   52.78   16.05 -0.00107  0.00194  0.00385  0.00189
Mark_217        2460461.41506     0.29   0.19   38.37   26.04  0.00066  0.00195  0.00280  0.00190
Mark_219        2460432.32986     0.61   0.32   26.78   18.31  0.00362  0.00323  0.00490  0.00315
Mark_219        2460432.33010     0.09   0.32  -55.72   61.44 -0.00033  0.00330 -0.00085  0.00321
Mark_219        2460432.33035     0.47   0.33   28.00   28.82  0.00262  0.00337  0.00389  0.00328
Mark_219        2460432.33059     0.59   0.34   18.43   21.00  0.00473  0.00342  0.00354  0.00335
Mark_219        2460432.33083     0.67   0.36  -84.93   19.30 -0.00655  0.00361 -0.00117  0.00350
Mark_219        2460432.33108     0.61   0.36   29.17   21.44  0.00321  0.00365  0.00521  0.00353
Mark_219        2460432.33132     0.60   0.38    1.82   23.91  0.00599  0.00376  0.00038  0.00370
Mark_219        2460432.33156     0.66   0.39   83.63   21.57 -0.00645  0.00387  0.00146  0.00381
Mark_219        2460432.33181     0.13   0.39  -18.89   61.44  0.00101  0.00391 -0.00078  0.00387
Mark_219        2460432.33205     0.36   0.38   79.26   61.44 -0.00332  0.00379  0.00131  0.00373
Mark_221        2460460.39194     0.78   0.15   61.86    5.82 -0.00434  0.00157  0.00650  0.00153
Mark_221        2460460.39218     0.39   0.15   43.32   12.64  0.00023  0.00157  0.00388  0.00153
Mark_221        2460460.39242     0.60   0.15   51.75    7.70 -0.00139  0.00156  0.00580  0.00153
Mark_221        2460460.39264     0.39   0.15   43.59   12.47  0.00019  0.00154  0.00390  0.00152
Mark_221        2460460.39288     0.37   0.15   49.44   13.62 -0.00057  0.00156  0.00364  0.00154
Mark_221        2460460.39311     0.44   0.15   65.07   11.13 -0.00282  0.00156  0.00334  0.00154
Mark_221        2460460.39358     0.33   0.15   67.20   15.55 -0.00234  0.00156  0.00239  0.00153
Mark_221B       2460460.39194     0.83   0.16   62.72    5.57 -0.00481  0.00159  0.00675  0.00156
Mark_221B       2460460.39218     0.39   0.16   46.75   12.62 -0.00024  0.00159  0.00394  0.00155
Mark_221B       2460460.39242     0.62   0.16   51.69    7.49 -0.00143  0.00159  0.00603  0.00155
Mark_221B       2460460.39264     0.36   0.16   44.98   14.20  0.00000  0.00157  0.00362  0.00156
Mark_221B       2460460.39288     0.38   0.16   49.21   13.45 -0.00056  0.00158  0.00375  0.00157
Mark_221B       2460460.39311     0.48   0.16   64.83   10.11 -0.00307  0.00159  0.00371  0.00156
Mark_221B       2460460.39334     0.59   0.16   28.77    8.03  0.00315  0.00159  0.00496  0.00156
Mark_221B       2460460.39358     0.33   0.16   68.03   16.41 -0.00234  0.00158  0.00226  0.00155
Mark_222        2460460.36804     0.32   0.17   48.63   19.22 -0.00041  0.00177  0.00318  0.00173
Mark_222        2460460.36831     0.24   0.17   72.06   61.44 -0.00195  0.00176  0.00141  0.00172
Mark_222        2460460.36858     0.59   0.18   70.98    9.13 -0.00463  0.00177  0.00362  0.00173
Mark_222        2460460.36884     0.20   0.17   61.31   61.44 -0.00106  0.00176  0.00166  0.00172
Mark_222        2460460.36911     0.18   0.17   44.32   61.44  0.00004  0.00178  0.00179  0.00174
Mark_222        2460460.36937     0.32   0.17   47.03   19.07 -0.00023  0.00177  0.00321  0.00173
Mark_222        2460460.36964     0.54   0.17   54.74    9.81 -0.00181  0.00176  0.00511  0.00172
Mark_222        2460460.36991     0.25   0.18   79.92   28.41 -0.00237  0.00177  0.00087  0.00172
Mark_223        2460459.32594     0.14   0.16   64.01   61.44 -0.00084  0.00163  0.00108  0.00160
Mark_223        2460459.32622     0.32   0.16   48.01   16.63 -0.00034  0.00162  0.00323  0.00158
Mark_223        2460459.32649     0.49   0.16   20.30   10.19  0.00373  0.00163  0.00320  0.00160
Mark_223        2460459.32677     0.31   0.16   67.13   18.21 -0.00218  0.00164  0.00223  0.00160
Mark_223        2460459.32705     0.32   0.16   38.00   17.49  0.00077  0.00163  0.00308  0.00160
Mark_223        2460459.32733     0.28   0.16   60.98   21.58 -0.00146  0.00164  0.00234  0.00160
Mark_223        2460459.32760     0.42   0.16   56.05   12.17 -0.00156  0.00162  0.00385  0.00158
Mark_223        2460459.32788     0.40   0.16   61.41   12.87 -0.00219  0.00163  0.00339  0.00160
Mark_225        2460460.39876     0.30   0.22    6.77   61.44  0.00295  0.00219  0.00071  0.00214
Mark_225        2460460.39909     0.31   0.22   19.88   61.44  0.00235  0.00219  0.00195  0.00213
Mark_225        2460460.39941     0.34   0.21   47.65   23.83 -0.00031  0.00219  0.00340  0.00213
Mark_225        2460460.39973     0.32   0.22   52.62   27.42 -0.00083  0.00222  0.00305  0.00215
Mark_225        2460460.40006     0.08   0.22   57.86   61.44 -0.00034  0.00223  0.00071  0.00216
Mark_225        2460460.40038     0.27   0.22   77.97   61.44 -0.00249  0.00225  0.00111  0.00219
Mark_225        2460460.40071     0.59   0.22   35.80   11.71  0.00186  0.00223  0.00558  0.00217
Mark_225        2460460.40103     0.17   0.22  -20.80   61.44  0.00126  0.00223 -0.00112  0.00217
Mark_225        2460460.40140     0.72   0.22   39.92    9.26  0.00127  0.00225  0.00709  0.00218
Mark_230        2460460.37145     0.55   0.22   73.64   12.68 -0.00462  0.00218  0.00297  0.00212
Mark_230        2460460.37177     0.41   0.21  -81.41   18.20 -0.00394  0.00215 -0.00122  0.00209
Mark_230        2460460.37209     0.56   0.21   66.22   12.07 -0.00378  0.00215  0.00414  0.00210
Mark_230        2460460.37242     0.41   0.21   73.56   18.02 -0.00348  0.00215  0.00225  0.00209
Mark_230        2460460.37274     0.89   0.21   66.70    7.12 -0.00610  0.00215  0.00645  0.00209
Mark_230        2460460.37339     0.83   0.22   83.65    7.85 -0.00809  0.00217  0.00182  0.00211
Mark_230        2460460.37372     0.35   0.22   69.17   22.96 -0.00265  0.00218  0.00235  0.00213
Mark_230B       2460460.37145     0.55   0.22   73.64   12.68 -0.00462  0.00218  0.00297  0.00212
Mark_230B       2460460.37177     0.41   0.21  -81.41   18.20 -0.00394  0.00215 -0.00122  0.00209
Mark_230B       2460460.37209     0.56   0.21   66.22   12.07 -0.00378  0.00215  0.00414  0.00210
Mark_230B       2460460.37242     0.44   0.22   74.00   16.66 -0.00375  0.00217  0.00235  0.00211
Mark_230B       2460460.37274     0.88   0.21   66.58    7.15 -0.00599  0.00213  0.00639  0.00207
Mark_230B       2460460.37307     0.74   0.21   62.89    8.62 -0.00433  0.00213  0.00601  0.00209
Mark_230B       2460460.37339     0.83   0.22   83.65    7.85 -0.00809  0.00217  0.00182  0.00211
Mark_230B       2460460.37372     0.35   0.22   69.17   22.96 -0.00265  0.00218  0.00235  0.00213
Mark_233        2460432.37058     0.26   0.17   26.36   25.93  0.00157  0.00173  0.00206  0.00170
Mark_233        2460432.37076     0.23   0.20   74.95   61.44 -0.00198  0.00200  0.00115  0.00196
Mark_233        2460432.37095     0.88   0.50  -28.03   20.92  0.00490  0.00512 -0.00729  0.00498
Mark_233        2460432.37113     0.37   0.74   -5.52   61.44  0.00368  0.00736 -0.00072  0.00724
Mark_233        2460432.37132     0.80   0.62  -23.91   61.44  0.00538  0.00630 -0.00594  0.00615
Mark_233        2460432.37150     0.61   0.43   14.46   28.15  0.00536  0.00429  0.00296  0.00415
Mark_233        2460432.37170     0.49   0.27  -10.43   20.53  0.00455  0.00276 -0.00173  0.00266
Mark_233        2460432.37189     0.42   0.24  -73.83   21.34 -0.00352  0.00243 -0.00223  0.00239
Mark_233        2460432.37207     0.49   0.19   79.14   12.28 -0.00458  0.00190  0.00183  0.00186
Mark_233        2460432.37229     0.15   0.14   30.10   61.44  0.00072  0.00144  0.00126  0.00140
Mark_233        2460432.37248     0.26   0.14   73.24   18.71 -0.00218  0.00139  0.00144  0.00136
Mark_233        2460432.37266     0.44   0.13   43.12    9.06  0.00029  0.00133  0.00437  0.00130
Mark_233        2460432.37285     0.25   0.16   76.93   25.21 -0.00222  0.00161  0.00109  0.00156
Mark_233        2460432.37303     0.51   0.27   56.79   19.10 -0.00205  0.00282  0.00468  0.00273
Mark_234        2460460.42036     0.39   0.14   52.73   11.55 -0.00105  0.00148  0.00381  0.00144
Mark_234        2460460.42053     0.27   0.14   54.21   18.53 -0.00087  0.00149  0.00261  0.00144
Mark_234        2460460.42071     0.33   0.15  -86.02   15.02 -0.00325  0.00148 -0.00045  0.00144
Mark_234        2460460.42088     0.15   0.15   14.95   61.44  0.00132  0.00147  0.00076  0.00143
Mark_234        2460460.42105     0.21   0.15   53.43   61.44 -0.00059  0.00151  0.00196  0.00146
Mark_234        2460460.42123     0.12   0.15   18.31   61.44  0.00093  0.00148  0.00069  0.00142
Mark_234        2460460.42140     0.25   0.15   67.70   21.10 -0.00181  0.00148  0.00178  0.00144
Mark_234        2460460.42157     0.34   0.15   69.21   14.51 -0.00252  0.00149  0.00224  0.00146
Mark_236        2460459.34147     0.24   0.21    2.01   61.44  0.00241  0.00213  0.00017  0.00209
Mark_236        2460459.34179     0.26   0.21   62.49   61.44 -0.00149  0.00213  0.00213  0.00209
Mark_236        2460459.34212     0.21   0.21  -25.55   61.44  0.00132  0.00213 -0.00163  0.00209
Mark_236        2460459.34244     0.08   0.21   73.85   61.44 -0.00070  0.00214  0.00044  0.00208
Mark_236        2460459.34277     0.23   0.21   24.68   61.44  0.00149  0.00214  0.00173  0.00210
Mark_236        2460459.34309     0.72   0.21   18.06    9.00  0.00581  0.00214  0.00424  0.00210
Mark_236        2460459.34341     0.43   0.21    7.93   17.35  0.00412  0.00215  0.00117  0.00211
Mark_236        2460459.34374     0.17   0.21   14.47   61.44  0.00152  0.00215  0.00084  0.00211
Mark_236        2460459.34441     0.29   0.21  -21.38   61.44  0.00212  0.00214 -0.00196  0.00209
Mark_236        2460459.34473     0.35   0.21   40.95   22.33  0.00049  0.00214  0.00346  0.00209
Mark_238        2460460.32221     0.14   0.21  -46.58   61.44 -0.00008  0.00220 -0.00143  0.00213
Mark_238        2460460.32256     0.66   0.22   65.42   10.12 -0.00431  0.00220  0.00499  0.00212
Mark_238        2460460.32291     0.74   0.21   57.33    8.79 -0.00309  0.00220  0.00674  0.00213
Mark_238        2460460.32325     0.40   0.22  -75.38   19.82 -0.00346  0.00221 -0.00194  0.00213
Mark_238        2460460.32360     0.43   0.22   76.02   17.23 -0.00384  0.00218  0.00204  0.00213
Mark_238        2460460.32395     0.10   0.21  -43.28   61.44  0.00006  0.00215 -0.00096  0.00211
Mark_238        2460460.32429     0.30   0.21   42.25   28.81  0.00029  0.00216  0.00298  0.00211
Mark_238        2460460.32464     0.57   0.22   13.38   12.18  0.00511  0.00220  0.00258  0.00213
Mark_240        2460460.30894     0.36   0.14   58.74   12.97 -0.00164  0.00146  0.00316  0.00142
Mark_240        2460460.30954     0.31   0.14   19.27   15.50  0.00244  0.00145  0.00195  0.00143
Mark_240        2460460.30997     0.11   0.14   13.16   61.44  0.00097  0.00143  0.00048  0.00139
Mark_240        2460460.31022     0.14   0.14   20.48   61.44  0.00105  0.00145  0.00092  0.00142
Mark_240        2460460.31047     0.16   0.14   49.09   61.44 -0.00023  0.00143  0.00161  0.00141
Mark_240        2460460.31086     0.26   0.14   28.40   18.62  0.00145  0.00142  0.00222  0.00139
Mark_240        2460460.31111     0.28   0.14   24.93   16.74  0.00184  0.00141  0.00218  0.00138
Mark_240        2460460.31149     0.49   0.14   33.22    8.51  0.00197  0.00141  0.00452  0.00138
Mark_242        2460459.39047     0.25   0.23  -48.78   61.44 -0.00033  0.00232 -0.00248  0.00226
Mark_242        2460459.39071     0.57   0.24   63.38   13.72 -0.00344  0.00247  0.00461  0.00238
Mark_242        2460459.39094     0.54   0.25   68.70   15.55 -0.00396  0.00252  0.00364  0.00244
Mark_242        2460459.39117     0.37   0.24   87.81   24.99 -0.00373  0.00241  0.00029  0.00235
Mark_242        2460459.39140     0.13   0.27  -66.35   61.44 -0.00087  0.00278 -0.00094  0.00269
Mark_242        2460459.39163     0.14   0.30   35.30   61.44  0.00045  0.00307  0.00128  0.00299
Mark_242        2460459.39186     0.33   0.32   73.90   61.44 -0.00278  0.00320  0.00175  0.00311
Mark_242        2460459.39209     0.61   0.27   31.91   15.03  0.00268  0.00281  0.00546  0.00273
Mark_243        2460438.30520     0.09   0.22  -87.17   61.44 -0.00089  0.00216 -0.00009  0.00211
Mark_243        2460438.30545     0.24   0.21   25.79   61.44  0.00148  0.00214  0.00186  0.00210
Mark_243        2460438.30571     0.80   0.21   72.07    8.07 -0.00649  0.00216  0.00469  0.00211
Mark_243        2460438.30596     0.64   0.21   34.27   10.32  0.00235  0.00216  0.00597  0.00213
Mark_243        2460438.30622     0.44   0.22   38.47   16.64  0.00100  0.00220  0.00431  0.00215
Mark_243        2460438.30647     0.41   0.21   55.91   17.98 -0.00153  0.00215  0.00383  0.00212
Mark_243        2460438.30672     0.40   0.21   31.09   18.51  0.00186  0.00214  0.00353  0.00209
Mark_243        2460438.30698     0.63   0.21   53.70   10.29 -0.00190  0.00216  0.00606  0.00210
Mark_243        2460438.30723     0.60   0.21   42.82   11.00  0.00046  0.00216  0.00602  0.00212
Mark_245        2460438.33598     1.00   0.12   62.79    3.38 -0.00580  0.00117  0.00811  0.00116
Mark_245        2460438.33637     0.95   0.12   68.08    3.63 -0.00683  0.00119  0.00656  0.00118
Mark_245        2460438.33655     0.66   0.12   68.05    5.29 -0.00479  0.00121  0.00461  0.00119
Mark_245        2460438.33688     0.73   0.12   58.03    4.96 -0.00319  0.00125  0.00652  0.00123
Mark_245        2460438.33726     0.88   0.12   62.55    3.96 -0.00507  0.00121  0.00722  0.00120
Mark_245        2460438.33777     0.79   0.12   61.96    4.35 -0.00442  0.00119  0.00657  0.00118
Mark_245        2460438.33795     0.82   0.12   63.03    4.27 -0.00484  0.00122  0.00665  0.00120
Mark_245        2460438.33840     1.05   0.12   61.18    3.23 -0.00562  0.00118  0.00887  0.00117
Mark_245        2460438.33859     0.87   0.12   66.84    3.93 -0.00602  0.00119  0.00630  0.00117
Mark_248        2460432.32289     0.42   0.25    4.11   22.31  0.00413  0.00250  0.00060  0.00242
Mark_248        2460432.32309     0.92   0.37    5.63   12.81  0.00903  0.00367  0.00180  0.00355
Mark_248        2460432.32329     1.18   0.51   56.95   14.25 -0.00478  0.00525  0.01079  0.00507
Mark_248        2460432.32348     0.32   0.66   80.89   61.44 -0.00303  0.00664  0.00100  0.00639
Mark_248        2460432.32368     0.96   1.02   88.45   61.44 -0.00956  0.01025  0.00052  0.00987
Mark_248        2460432.32388     0.70   0.46   -9.53   25.66  0.00660  0.00459 -0.00228  0.00441
Mark_248        2460432.32407     0.16   0.43  -42.11   61.44  0.00016  0.00440 -0.00155  0.00426
Mark_248        2460432.32427     0.15   0.50   74.34   61.44 -0.00127  0.00503  0.00077  0.00481
Mark_248        2460432.32447     1.43   0.50   50.67   10.88 -0.00282  0.00519  0.01404  0.00497
Mark_248        2460432.32466     0.64   0.43   33.73   26.92  0.00243  0.00442  0.00587  0.00427
Mark_248        2460432.32491     0.42   0.43   40.96   61.44  0.00059  0.00444  0.00415  0.00425
Mark_248        2460432.32510     0.39   0.43   33.14   61.44  0.00156  0.00449  0.00356  0.00431
Mark_248        2460432.32530     1.22   0.38   18.78    9.67  0.00969  0.00390  0.00745  0.00376
Mark_248        2460432.32550     0.71   0.27   46.36   11.98 -0.00034  0.00279  0.00711  0.00268
Mark_248        2460432.32569     0.36   0.24   45.43   26.93 -0.00005  0.00252  0.00360  0.00243
Mark_248        2460432.32589     0.15   0.24   67.58   61.44 -0.00103  0.00246  0.00103  0.00237
Mark_248        2460432.32609     0.33   0.22   29.75   25.68  0.00168  0.00221  0.00284  0.00215
Mark_248        2460432.32639     0.03   0.21   28.84   61.44  0.00018  0.00215  0.00028  0.00209
Mark_248        2460432.32659     0.77   0.19   47.39    7.38 -0.00065  0.00198  0.00772  0.00191
Mark_248        2460432.32678     0.27   0.21   53.50   61.44 -0.00079  0.00214  0.00258  0.00207
Mark_256        2460432.34270     1.17   0.20   73.45    5.00 -0.00983  0.00202  0.00641  0.00197
Mark_256        2460432.34292     0.80   0.20   54.82    7.54 -0.00268  0.00206  0.00751  0.00200
Mark_256        2460432.34314     0.64   0.20   43.22    9.73  0.00040  0.00207  0.00634  0.00201
Mark_256        2460432.34336     0.43   0.21    9.60   16.41  0.00403  0.00206  0.00140  0.00201
Mark_256        2460432.34358     1.10   0.20   35.22    5.40  0.00368  0.00207  0.01036  0.00202
Mark_256        2460432.34380     0.65   0.21   75.60    9.76 -0.00570  0.00207  0.00313  0.00203
Mark_256        2460432.34402     0.15   0.21  -78.89   61.44 -0.00143  0.00207 -0.00058  0.00203
Mark_256        2460432.34424     0.46   0.20   57.15   14.82 -0.00189  0.00208  0.00418  0.00204
Mark_256        2460432.34446     0.75   0.21   61.54    8.57 -0.00408  0.00214  0.00626  0.00210
Mark_256        2460432.34468     0.23   0.22   45.33   61.44 -0.00003  0.00219  0.00233  0.00215
Mark_259        2460461.31764     0.41   0.21   44.79   17.77  0.00003  0.00214  0.00409  0.00209
Mark_259        2460461.31799     0.60   0.21   43.56   10.75  0.00030  0.00212  0.00603  0.00208
Mark_259        2460461.31833     0.90   0.21   51.40    6.85 -0.00200  0.00212  0.00882  0.00208
Mark_259        2460461.31868     0.35   0.21   71.83   23.08 -0.00279  0.00213  0.00205  0.00210
Mark_259        2460461.31903     0.27   0.21   11.32   61.44  0.00246  0.00211  0.00103  0.00207
Mark_259        2460461.31939     0.64   0.21   41.20   10.01  0.00084  0.00210  0.00630  0.00206
Mark_259        2460461.31973     0.59   0.21   40.94   10.96  0.00084  0.00212  0.00589  0.00208
Mark_259        2460461.32008     0.71   0.21   52.54    8.94 -0.00185  0.00211  0.00685  0.00208
Mark_259        2460461.32043     0.83   0.21   62.14    7.64 -0.00467  0.00214  0.00686  0.00210
Mark_259        2460461.32084     0.33   0.21   68.94   24.04 -0.00248  0.00211  0.00224  0.00208
Mark_259        2460461.32119     0.62   0.21   69.49   10.62 -0.00470  0.00214  0.00409  0.00210
Mark_261        2460431.28808     0.88   0.26  -85.24    8.94 -0.00866  0.00258 -0.00145  0.00251
Mark_261        2460431.28833     0.46   0.23   29.47   17.57  0.00237  0.00236  0.00393  0.00231
Mark_261        2460431.28859     0.33   0.23   41.99   28.73  0.00035  0.00236  0.00328  0.00232
Mark_261        2460431.28891     0.56   0.26  -82.76   15.83 -0.00542  0.00263 -0.00140  0.00257
Mark_261        2460431.28917     0.94   0.26  -60.82    8.47 -0.00492  0.00266 -0.00798  0.00261
Mark_261        2460431.28942     0.46   0.25   69.34   19.71 -0.00346  0.00256  0.00304  0.00249
Mark_261        2460431.28969     0.52   0.26   26.08   17.66  0.00317  0.00265  0.00408  0.00261
Mark_261        2460431.29003     0.60   0.25  -31.11   13.40  0.00281  0.00252 -0.00534  0.00248
Mark_261        2460431.29029     0.48   0.30   74.89   24.65 -0.00411  0.00306  0.00240  0.00297
Mark_261        2460431.29054     0.54   0.32  -63.55   22.51 -0.00326  0.00328 -0.00431  0.00323
Mark_263        2460460.40646     0.28   0.21  -75.76   61.44 -0.00247  0.00212 -0.00134  0.00205
Mark_263        2460460.40675     0.05   0.21  -84.17   61.44 -0.00049  0.00212 -0.00010  0.00206
Mark_263        2460460.40704     0.06   0.21  -43.70   61.44  0.00003  0.00211 -0.00057  0.00205
Mark_263        2460460.40733     0.27   0.21   81.67   61.44 -0.00259  0.00211  0.00077  0.00206
Mark_263        2460460.40762     0.08   0.21  -21.46   61.44  0.00061  0.00215 -0.00057  0.00209
Mark_263        2460460.40819     0.11   0.21   34.67   61.44  0.00039  0.00213  0.00105  0.00207
Mark_263        2460460.40850     0.18   0.21   74.80   61.44 -0.00154  0.00213  0.00090  0.00208
Mark_263        2460460.40880     0.26   0.21   61.01   61.44 -0.00139  0.00216  0.00222  0.00208
Mark_263        2460460.40909     0.16   0.21   16.95   61.44  0.00131  0.00213  0.00088  0.00207
Mark_263B       2460460.40646     0.28   0.21  -75.76   61.44 -0.00247  0.00212 -0.00134  0.00205
Mark_263B       2460460.40675     0.05   0.21  -84.17   61.44 -0.00049  0.00212 -0.00010  0.00206
Mark_263B       2460460.40704     0.06   0.21  -43.70   61.44  0.00003  0.00211 -0.00057  0.00205
Mark_263B       2460460.40762     0.08   0.21  -21.46   61.44  0.00061  0.00215 -0.00057  0.00209
Mark_263B       2460460.40819     0.11   0.21   34.67   61.44  0.00039  0.00213  0.00105  0.00207
Mark_263B       2460460.40850     0.18   0.21   74.80   61.44 -0.00154  0.00213  0.00090  0.00208
Mark_263B       2460460.40880     0.28   0.21   57.29   61.44 -0.00116  0.00218  0.00254  0.00210
Mark_263B       2460460.40909     0.16   0.21   16.95   61.44  0.00131  0.00213  0.00088  0.00207
Mark_264        2460431.27464     0.41   0.22  -24.22   19.84  0.00270  0.00227 -0.00304  0.00222
Mark_264        2460431.27513     0.31   0.22   35.98   61.44  0.00096  0.00229  0.00295  0.00223
Mark_264        2460431.27560     0.38   0.23   45.24   22.89 -0.00003  0.00236  0.00378  0.00230
Mark_264        2460431.27608     0.92   0.22   39.31    7.24  0.00182  0.00230  0.00901  0.00223
Mark_264        2460431.27656     0.49   0.23   45.50   15.54 -0.00008  0.00232  0.00487  0.00225
Mark_264        2460431.27704     0.57   0.24   26.61   13.72  0.00343  0.00243  0.00459  0.00240
Mark_269        2460460.33975     0.82   0.20   53.21    7.41 -0.00231  0.00207  0.00784  0.00202
Mark_269        2460460.34009     0.68   0.20   47.96    9.04 -0.00070  0.00207  0.00675  0.00201
Mark_269        2460460.34044     0.49   0.20   65.62   13.42 -0.00325  0.00207  0.00371  0.00201
Mark_269        2460460.34079     0.20   0.21   80.86   61.44 -0.00194  0.00206  0.00064  0.00201
Mark_269        2460460.34113     0.36   0.21   62.30   20.45 -0.00207  0.00209  0.00300  0.00203
Mark_269        2460460.34148     0.75   0.20   63.32    8.18 -0.00449  0.00207  0.00603  0.00202
Mark_269        2460460.34183     0.81   0.20   61.15    7.55 -0.00435  0.00209  0.00687  0.00203
Mark_269        2460460.34242     0.90   0.20   59.12    6.67 -0.00428  0.00208  0.00797  0.00202
Mark_272        2460461.33485     0.17   0.17   -0.97   61.44  0.00166  0.00171 -0.00006  0.00168
Mark_272        2460461.33514     0.36   0.17   63.38   15.92 -0.00215  0.00172  0.00288  0.00168
Mark_272        2460461.33543     0.33   0.17   33.15   17.62  0.00133  0.00171  0.00304  0.00168
Mark_272        2460461.33572     0.42   0.17   34.48   12.88  0.00150  0.00170  0.00391  0.00167
Mark_272        2460461.33601     0.61   0.17   50.69    8.30 -0.00120  0.00170  0.00597  0.00167
Mark_272        2460461.33630     0.32   0.17   57.39   18.71 -0.00134  0.00172  0.00289  0.00168
Mark_272        2460461.33659     0.45   0.17   28.22   12.05  0.00247  0.00171  0.00372  0.00168
Mark_272        2460461.33688     0.34   0.17   87.68   17.93 -0.00336  0.00173  0.00027  0.00169
Mark_273        2460432.31693     0.73   0.26   40.96   11.27  0.00102  0.00265  0.00719  0.00260
Mark_273        2460432.31712     0.02   0.30    3.16   61.44  0.00018  0.00299  0.00002  0.00289
Mark_273        2460432.31730     0.53   0.32   83.36   22.86 -0.00515  0.00322  0.00122  0.00315
Mark_273        2460432.31777     0.45   0.21   10.95   16.18  0.00415  0.00214  0.00167  0.00209
Mark_273        2460432.31795     0.46   0.19   57.40   13.17 -0.00193  0.00190  0.00417  0.00186
Mark_273        2460432.31814     0.42   0.18   60.53   14.08 -0.00218  0.00185  0.00363  0.00180
Mark_273        2460432.31832     0.04   0.19  -85.59   61.44 -0.00036  0.00188 -0.00006  0.00184
Mark_273        2460432.31851     0.40   0.19   23.62   16.12  0.00270  0.00191  0.00292  0.00187
Mark_273        2460432.31890     0.26   0.19   61.08   61.44 -0.00138  0.00196  0.00220  0.00191
Mark_273        2460432.31909     0.33   0.22   11.20   26.57  0.00309  0.00225  0.00128  0.00220
Mark_274        2460459.30715     0.60   0.25   81.19   13.24 -0.00573  0.00246  0.00182  0.00239
Mark_274        2460459.30747     0.62   0.24   89.81   12.70 -0.00618  0.00244  0.00004  0.00238
Mark_274        2460459.30778     0.80   0.24   74.86    9.39 -0.00689  0.00246  0.00402  0.00240
Mark_274        2460459.30809     0.44   0.24  -83.25   19.90 -0.00430  0.00245 -0.00103  0.00239
Mark_274        2460459.30840     0.18   0.24   58.44   61.44 -0.00083  0.00245  0.00164  0.00240
Mark_274        2460459.30872     0.62   0.24   73.70   12.59 -0.00523  0.00245  0.00334  0.00239
Mark_274        2460459.30905     0.60   0.25   72.04   13.33 -0.00486  0.00248  0.00352  0.00242
Mark_274        2460459.30936     0.54   0.25   87.66   15.12 -0.00541  0.00246  0.00044  0.00240
Mark_274        2460459.30968     0.36   0.24  -63.03   26.98 -0.00211  0.00246 -0.00289  0.00240
Mark_274        2460459.30999     0.31   0.25   80.47   61.44 -0.00291  0.00246  0.00101  0.00239
Mark_274        2460459.31030     0.15   0.24   62.13   61.44 -0.00086  0.00248  0.00126  0.00242
Mark_274        2460459.31061     0.69   0.25  -75.68   11.27 -0.00604  0.00248 -0.00330  0.00242
Mark_275        2460459.31804     0.28   0.21   39.47   61.44  0.00053  0.00213  0.00273  0.00207
Mark_275        2460459.31838     0.40   0.21   48.10   17.81 -0.00044  0.00212  0.00401  0.00206
Mark_275        2460459.31872     0.36   0.21   36.09   21.21  0.00109  0.00210  0.00338  0.00205
Mark_275        2460459.31905     0.08   0.21   -0.04   61.44  0.00078  0.00210 -0.00000  0.00205
Mark_275        2460459.31939     0.63   0.21   -4.93   10.30  0.00626  0.00211 -0.00109  0.00206
Mark_275        2460459.31972     0.04   0.21  -38.15   61.44  0.00009  0.00210 -0.00035  0.00205
Mark_275        2460459.32006     0.17   0.21  -37.94   61.44  0.00041  0.00213 -0.00163  0.00207
Mark_275        2460459.32047     0.34   0.21  -13.28   23.97  0.00301  0.00212 -0.00151  0.00207
Mark_276        2460461.33906     0.35   0.23   63.49   24.81 -0.00212  0.00230  0.00281  0.00223
Mark_276        2460461.33943     0.49   0.23   39.27   15.29  0.00098  0.00231  0.00483  0.00225
Mark_276        2460461.33980     0.27   0.22   47.85   61.44 -0.00027  0.00230  0.00269  0.00223
Mark_276        2460461.34017     0.28   0.23   52.80   61.44 -0.00076  0.00232  0.00273  0.00225
Mark_276        2460461.34054     0.55   0.22   34.04   13.13  0.00205  0.00228  0.00509  0.00222
Mark_276        2460461.34091     0.17   0.22   53.29   61.44 -0.00047  0.00229  0.00159  0.00224
Mark_276        2460461.34128     0.33   0.22   38.49   26.84  0.00075  0.00231  0.00324  0.00224
Mark_276        2460461.34166     0.25   0.22   57.05   61.44 -0.00102  0.00229  0.00228  0.00222
Mark_277        2460432.33485     0.52   0.27   51.12   17.72 -0.00111  0.00272  0.00511  0.00266
Mark_277        2460432.33534     0.83   0.25   70.11    9.30 -0.00640  0.00255  0.00533  0.00250
Mark_277        2460432.33590     0.27   0.23    2.04   61.44  0.00265  0.00231  0.00019  0.00225
Mark_277        2460432.33612     0.48   0.22   46.73   15.04 -0.00029  0.00222  0.00480  0.00217
Mark_277        2460432.33669     0.42   0.18   32.24   13.44  0.00183  0.00179  0.00383  0.00175
Mark_277        2460432.33726     0.22   0.18   41.58   61.44  0.00026  0.00180  0.00218  0.00176
Mark_277        2460432.33782     0.20   0.18   22.06   61.44  0.00141  0.00179  0.00137  0.00175
Mark_277        2460432.33804     0.46   0.19   -1.85   13.23  0.00460  0.00188 -0.00030  0.00183
Mark_277        2460432.33861     0.19   0.19   -0.13   61.44  0.00190  0.00195 -0.00001  0.00191
Mark_277        2460432.33918     0.42   0.18   62.12   13.61 -0.00238  0.00180  0.00350  0.00175
Mark_281        2460459.37363     0.32   0.18   47.38   20.20 -0.00027  0.00187  0.00323  0.00181
Mark_281        2460459.37385     0.14   0.19   74.71   61.44 -0.00123  0.00190  0.00073  0.00185
Mark_281        2460459.37407     0.41   0.20   52.81   16.41 -0.00111  0.00206  0.00397  0.00198
Mark_281        2460459.37429     0.54   0.22   32.09   13.07  0.00234  0.00223  0.00484  0.00216
Mark_281        2460459.37464     0.63   0.21   40.96   10.48  0.00088  0.00218  0.00623  0.00212
Mark_281        2460459.37486     0.43   0.23   58.04   18.61 -0.00189  0.00231  0.00385  0.00225
Mark_281        2460459.37508     0.56   0.25  -79.51   14.80 -0.00522  0.00250 -0.00200  0.00243
Mark_282        2460460.35970     0.27   0.22   25.50   61.44  0.00170  0.00221  0.00210  0.00214
Mark_282        2460460.36002     0.38   0.22   75.88   20.65 -0.00336  0.00218  0.00181  0.00211
Mark_282        2460460.36035     0.48   0.22   66.96   15.37 -0.00330  0.00221  0.00343  0.00215
Mark_282        2460460.36067     0.46   0.22  -80.15   16.39 -0.00431  0.00221 -0.00154  0.00215
Mark_282        2460460.36100     0.45   0.22   78.82   16.78 -0.00414  0.00220  0.00170  0.00214
Mark_282        2460460.36132     0.73   0.21   45.46    8.98 -0.00012  0.00220  0.00726  0.00214
Mark_282        2460460.36164     0.61   0.21   60.39   11.02 -0.00312  0.00219  0.00523  0.00212
Mark_282        2460460.36197     0.52   0.22   44.22   13.53  0.00014  0.00221  0.00517  0.00215
Mark_284        2460459.41632     0.50   0.24   24.59   16.29  0.00329  0.00245  0.00381  0.00238
Mark_284        2460459.41664     0.39   0.24   33.47   23.77  0.00153  0.00250  0.00360  0.00243
Mark_284        2460459.41697     0.62   0.27   29.98   14.15  0.00311  0.00274  0.00537  0.00265
Mark_284        2460459.41729     0.54   0.30  -83.09   20.10 -0.00524  0.00301 -0.00129  0.00292
Mark_284        2460459.41762     0.42   0.30   82.36   61.44 -0.00409  0.00305  0.00112  0.00297
Mark_284        2460459.41794     0.49   0.33   76.76   27.47 -0.00435  0.00334  0.00217  0.00325
Mark_284        2460459.41826     0.30   0.31    1.41   61.44  0.00295  0.00308  0.00015  0.00300
Mark_284        2460459.41859     0.97   0.32   74.59   10.33 -0.00829  0.00324  0.00494  0.00312
Mark_285        2460459.36031     0.50   0.21   88.55   13.72 -0.00501  0.00211  0.00025  0.00207
Mark_285        2460459.36064     0.28   0.21   32.92   61.44  0.00113  0.00214  0.00253  0.00209
Mark_285        2460459.36096     0.54   0.21   35.16   12.38  0.00182  0.00214  0.00510  0.00209
Mark_285        2460459.36128     0.61   0.21   42.94   10.95  0.00044  0.00218  0.00608  0.00213
Mark_285        2460459.36161     0.25   0.21  -72.73   61.44 -0.00202  0.00211 -0.00139  0.00207
Mark_285        2460459.36208     0.78   0.21   75.38    8.09 -0.00683  0.00211  0.00383  0.00207
Mark_285        2460459.36241     0.38   0.21   41.38   19.69  0.00048  0.00214  0.00378  0.00209
Mark_285        2460459.36273     0.13   0.21   51.13   61.44 -0.00029  0.00218  0.00132  0.00213
Mark_285        2460459.36324     0.49   0.21   28.49   14.37  0.00269  0.00219  0.00413  0.00213
Mark_289        2460460.39513     0.21   0.20   53.54   61.44 -0.00062  0.00208  0.00203  0.00202
Mark_289        2460460.39542     0.38   0.20   53.13   19.06 -0.00106  0.00208  0.00364  0.00203
Mark_289        2460460.39571     0.27   0.21   10.33   61.44  0.00251  0.00209  0.00095  0.00202
Mark_289        2460460.39600     0.53   0.21    4.69   12.65  0.00518  0.00207  0.00086  0.00202
Mark_289        2460460.39628     0.32   0.21  -17.84   25.55  0.00258  0.00209 -0.00185  0.00203
Mark_289        2460460.39657     0.83   0.20   36.50    7.30  0.00242  0.00206  0.00791  0.00202
Mark_289        2460460.39686     0.29   0.21   69.50   61.44 -0.00217  0.00209  0.00188  0.00202
Mark_289        2460460.39716     0.13   0.20   42.89   61.44  0.00009  0.00204  0.00125  0.00199
Mark_290        2460460.36392     0.26   0.21   43.78   61.44  0.00011  0.00211  0.00265  0.00205
Mark_290        2460460.36425     0.21   0.21   53.79   61.44 -0.00062  0.00211  0.00196  0.00206
Mark_290        2460460.36457     0.45   0.20   46.88   15.25 -0.00029  0.00210  0.00447  0.00204
Mark_290        2460460.36490     0.30   0.21   62.67   28.21 -0.00172  0.00210  0.00242  0.00204
Mark_290        2460460.36522     0.28   0.20   44.94   61.44  0.00001  0.00207  0.00283  0.00201
Mark_290        2460460.36554     0.04   0.20  -31.97   61.44  0.00016  0.00206 -0.00032  0.00199
Mark_290        2460460.36587     0.08   0.21  -83.31   61.44 -0.00081  0.00209 -0.00019  0.00202
Mark_290        2460460.36619     0.41   0.20   48.36   16.89 -0.00048  0.00211  0.00410  0.00203
Mark_294        2460461.32285     0.23   0.21  -10.08   61.44  0.00219  0.00209 -0.00080  0.00204
Mark_294        2460461.32323     0.28   0.20   59.72   61.44 -0.00138  0.00208  0.00244  0.00202
Mark_294        2460461.32362     0.39   0.21   75.94   19.03 -0.00342  0.00209  0.00183  0.00204
Mark_294        2460461.32400     0.40   0.21   62.73   17.92 -0.00233  0.00209  0.00327  0.00205
Mark_294        2460461.32439     0.54   0.21    7.36   12.41  0.00523  0.00210  0.00137  0.00205
Mark_294        2460461.32477     0.66   0.21   -2.13    9.74  0.00659  0.00209 -0.00049  0.00204
Mark_294        2460461.32516     0.08   0.21   36.46   61.44  0.00024  0.00211  0.00077  0.00206
Mark_294        2460461.32554     0.29   0.21   37.70   61.44  0.00072  0.00211  0.00277  0.00206
Mark_295        2460461.34398     0.20   0.18   43.91   61.44  0.00008  0.00185  0.00201  0.00180
Mark_295        2460461.34427     0.26   0.18   58.92   28.37 -0.00121  0.00184  0.00228  0.00179
Mark_295        2460461.34456     0.30   0.18   58.13   22.42 -0.00133  0.00184  0.00269  0.00179
Mark_295        2460461.34485     0.33   0.18   26.79   19.30  0.00199  0.00184  0.00269  0.00180
Mark_295        2460461.34514     0.26   0.18   68.98   27.79 -0.00195  0.00183  0.00176  0.00178
Mark_295        2460461.34543     0.31   0.18   43.07   20.71  0.00021  0.00183  0.00311  0.00177
Mark_295        2460461.34572     0.59   0.18   50.26    9.34 -0.00107  0.00183  0.00578  0.00179
Mark_295        2460461.34601     0.36   0.18   48.69   16.78 -0.00047  0.00184  0.00361  0.00178
Mark_297        2460431.51476     0.25   0.20   -3.79   61.44  0.00247  0.00197 -0.00033  0.00192
Mark_297        2460431.51510     0.39   0.19   76.07   17.06 -0.00345  0.00194  0.00182  0.00190
Mark_297        2460431.51545     0.20   0.21  -41.54   61.44  0.00024  0.00217 -0.00197  0.00213
Mark_297        2460431.51580     0.33   0.20   52.32   22.11 -0.00084  0.00203  0.00323  0.00198
Mark_297        2460431.51616     0.56   0.23   35.92   13.12  0.00174  0.00232  0.00531  0.00226
Mark_297        2460431.51668     0.74   0.25    1.12   10.75  0.00737  0.00254  0.00029  0.00249
Mark_297        2460431.51703     0.55   0.28  -37.38   18.23  0.00143  0.00288 -0.00526  0.00283
Mark_297        2460431.51755     0.38   0.22  -60.97   21.72 -0.00202  0.00226 -0.00323  0.00223
Mark_297        2460431.51789     0.34   0.26    2.53   61.44  0.00343  0.00263  0.00030  0.00261
Mark_297        2460431.51824     0.33   0.29   -6.76   61.44  0.00324  0.00292 -0.00078  0.00286
Mark_298        2460461.34824     0.32   0.10   19.15    9.71  0.00251  0.00102  0.00198  0.00099
Mark_298        2460461.34847     0.17   0.10   26.99   22.71  0.00098  0.00102  0.00134  0.00100
Mark_298        2460461.34870     0.14   0.10   48.57   28.06 -0.00018  0.00102  0.00142  0.00099
Mark_298        2460461.34894     0.27   0.10   29.45   11.90  0.00137  0.00101  0.00227  0.00099
Mark_298        2460461.34917     0.25   0.10   58.51   12.97 -0.00112  0.00101  0.00221  0.00099
Mark_298        2460461.34940     0.36   0.10   28.33    8.40  0.00197  0.00101  0.00300  0.00099
Mark_298        2460461.34963     0.40   0.10   48.19    7.31 -0.00045  0.00101  0.00402  0.00099
Mark_298        2460461.34986     0.33   0.10   28.78    9.25  0.00177  0.00101  0.00278  0.00099
Mark_301        2460459.37028     0.20   0.10   31.14   16.51  0.00094  0.00100  0.00179  0.00097
Mark_301        2460459.37049     0.18   0.10   53.71   20.02 -0.00052  0.00100  0.00167  0.00097
Mark_301        2460459.37069     0.24   0.10   58.71   13.48 -0.00109  0.00100  0.00209  0.00097
Mark_301        2460459.37090     0.32   0.10   23.69    9.28  0.00219  0.00099  0.00237  0.00097
Mark_301        2460459.37111     0.31   0.10   25.06    9.80  0.00197  0.00099  0.00236  0.00097
Mark_301        2460459.37132     0.22   0.10   40.52   14.34  0.00035  0.00099  0.00220  0.00097
Mark_301        2460459.37153     0.07   0.10   66.33   61.44 -0.00048  0.00099  0.00052  0.00097
Mark_301        2460459.37174     0.13   0.10  -74.02   61.44 -0.00106  0.00099 -0.00066  0.00097
Mark_301        2460459.37194     0.30   0.10   52.39   10.14 -0.00076  0.00099  0.00287  0.00097
Mark_302        2460460.35008     0.44   0.19   77.77   13.80 -0.00399  0.00186  0.00182  0.00180
Mark_302        2460460.35041     0.77   0.18   77.21    7.07 -0.00697  0.00184  0.00333  0.00179
Mark_302        2460460.35075     0.13   0.18  -34.82   61.44  0.00047  0.00184 -0.00126  0.00177
Mark_302        2460460.35102     0.42   0.18   85.63   14.43 -0.00416  0.00184  0.00064  0.00179
Mark_302        2460460.35128     0.47   0.18   74.84   12.36 -0.00406  0.00183  0.00237  0.00177
Mark_302        2460460.35160     0.43   0.18   54.38   13.83 -0.00137  0.00186  0.00403  0.00179
Mark_302        2460460.35186     0.17   0.18   73.30   61.44 -0.00142  0.00186  0.00094  0.00181
Mark_302        2460460.35213     0.26   0.19    8.37   61.44  0.00248  0.00186  0.00075  0.00181
Mark_305        2460438.31789     0.14   0.18   84.50   61.44 -0.00136  0.00183  0.00026  0.00179
Mark_305        2460438.31810     0.29   0.18  -78.08   24.29 -0.00265  0.00184 -0.00117  0.00179
Mark_305        2460438.31831     0.16   0.18  -85.26   61.44 -0.00153  0.00184 -0.00026  0.00180
Mark_305        2460438.31852     0.23   0.18  -58.67   61.44 -0.00106  0.00184 -0.00205  0.00180
Mark_305        2460438.31873     0.29   0.18  -59.42   23.61 -0.00141  0.00185 -0.00257  0.00181
Mark_305        2460438.31895     0.56   0.18   81.65   10.15 -0.00537  0.00184  0.00161  0.00179
Mark_305        2460438.31916     0.23   0.18   88.72   61.44 -0.00230  0.00184  0.00010  0.00179
Mark_305        2460438.31936     0.28   0.18   78.92   25.98 -0.00259  0.00185  0.00105  0.00180
Mark_305        2460438.31957     0.41   0.18   79.87   14.95 -0.00383  0.00184  0.00142  0.00179
Mark_307        2460459.34921     0.51   0.18   59.14   11.08 -0.00240  0.00181  0.00446  0.00178
Mark_307        2460459.34944     0.27   0.18   46.60   26.12 -0.00015  0.00180  0.00267  0.00177
Mark_307        2460459.34968     0.39   0.18   60.60   15.50 -0.00201  0.00182  0.00332  0.00178
Mark_307        2460459.34991     0.33   0.18   46.41   19.59 -0.00016  0.00181  0.00325  0.00178
Mark_307        2460459.35014     0.57   0.18   47.29    9.57 -0.00045  0.00180  0.00566  0.00177
Mark_307        2460459.35037     0.21   0.18   85.36   61.44 -0.00203  0.00179  0.00033  0.00174
Mark_307        2460459.35060     0.46   0.18   75.46   12.41 -0.00404  0.00180  0.00225  0.00177
Mark_307        2460459.35083     0.18   0.18   22.73   61.44  0.00127  0.00178  0.00130  0.00174
Mark_307        2460459.35106     0.17   0.18   58.05   61.44 -0.00074  0.00180  0.00152  0.00176
Mark_308        2460431.28429     0.63   0.25   14.55   12.43  0.00553  0.00247  0.00308  0.00242
Mark_308        2460431.28456     0.12   0.24   12.49   61.44  0.00108  0.00237  0.00050  0.00232
Mark_308        2460431.28483     0.06   0.24   71.21   61.44 -0.00046  0.00240  0.00035  0.00235
Mark_308        2460431.28509     0.40   0.25  -84.62   23.95 -0.00393  0.00251 -0.00075  0.00246
Mark_308        2460431.28536     0.21   0.24  -47.99   61.44 -0.00022  0.00242 -0.00210  0.00239
Mark_308        2460431.28563     0.18   0.24  -54.57   61.44 -0.00058  0.00241 -0.00168  0.00236
Mark_308        2460431.28589     0.50   0.23  -18.57   15.83  0.00397  0.00235 -0.00301  0.00231
Mark_308        2460431.28616     0.23   0.27   -2.05   61.44  0.00226  0.00270 -0.00016  0.00264
Mark_308        2460431.28642     0.46   0.26   78.33   20.88 -0.00418  0.00261  0.00180  0.00255
Mark_310        2460460.29405     0.95   0.22   44.22    6.74  0.00026  0.00221  0.00951  0.00216
Mark_310        2460460.29438     1.13   0.22   24.16    5.75  0.00750  0.00223  0.00842  0.00219
Mark_310        2460460.29470     1.09   0.22   22.72    5.97  0.00765  0.00223  0.00777  0.00219
Mark_310        2460460.29502     0.92   0.22   34.21    6.98  0.00340  0.00221  0.00859  0.00216
Mark_310        2460460.29535     1.06   0.22   28.01    6.10  0.00593  0.00223  0.00880  0.00218
Mark_310        2460460.29567     0.65   0.22   32.12   10.54  0.00282  0.00223  0.00584  0.00219
Mark_310        2460460.29601     0.87   0.22   40.19    7.53  0.00145  0.00223  0.00856  0.00218
Mark_310        2460460.29633     0.65   0.22   21.54   10.41  0.00473  0.00219  0.00443  0.00215
